nms,n_months,r_log,r_anom,delta_sd_occci,delta_sd_globcolour,delta_sd_occci_deep
OCNMS,339,0.895,0.828,0.021,-0.263,0.38
GFNMS,343,0.886,0.874,0.13,-0.372,0.199
CBNMS,343,0.898,0.912,0.276,-0.235,0.2
MBNMS,343,0.911,0.895,-0.109,-0.606,0.022
CPNMS,343,0.911,0.923,-0.27,-0.409,-0.243
CINMS,343,0.913,0.929,-0.333,-0.629,-0.277
PNMS,343,0.973,0.914,-0.665,-0.372,-0.629
HIHWNMS,341,0.787,0.627,-0.295,0.974,-0.044
NMSAS,343,0.958,0.949,0.115,0.275,-0.04
FGBNMS,343,0.94,0.939,0.179,-0.092,0.193
FKNMS,343,0.702,0.567,0.274,2.476,-0.284
GRNMS,343,0.937,0.944,-0.1,0.018,-0.099
MNMS,343,0.969,0.942,-0.952,-0.693,-0.881
SBNMS,343,0.844,0.849,0.169,-0.202,0.183
