date,index,value
1990-01-01,oni,0.18
1990-02-01,oni,0.19
1990-03-01,oni,0.3
1990-04-01,oni,0.27
1990-05-01,oni,0.25
1990-06-01,oni,0.25
1990-07-01,oni,0.26
1990-08-01,oni,0.32
1990-09-01,oni,0.31
1990-10-01,oni,0.27
1990-11-01,oni,0.31
1990-12-01,oni,0.34
1991-01-01,oni,0.35
1991-02-01,oni,0.26
1991-03-01,oni,0.23
1991-04-01,oni,0.29
1991-05-01,oni,0.49
1991-06-01,oni,0.63
1991-07-01,oni,0.77
1991-08-01,oni,0.67
1991-09-01,oni,0.72
1991-10-01,oni,0.83
1991-11-01,oni,1.18
1991-12-01,oni,1.43
1992-01-01,oni,1.54
1992-02-01,oni,1.5
1992-03-01,oni,1.4
1992-04-01,oni,1.3
1992-05-01,oni,1.08
1992-06-01,oni,0.72
1992-07-01,oni,0.35
1992-08-01,oni,0.08
1992-09-01,oni,-0.15
1992-10-01,oni,-0.22
1992-11-01,oni,-0.24
1992-12-01,oni,-0.05
1993-01-01,oni,0.13
1993-02-01,oni,0.31
1993-03-01,oni,0.5
1993-04-01,oni,0.73
1993-05-01,oni,0.76
1993-06-01,oni,0.56
1993-07-01,oni,0.28
1993-08-01,oni,0.22
1993-09-01,oni,0.2
1993-10-01,oni,0.2
1993-11-01,oni,0.2
1993-12-01,oni,0.19
1994-01-01,oni,0.07
1994-02-01,oni,0
1994-03-01,oni,0.04
1994-04-01,oni,0.17
1994-05-01,oni,0.25
1994-06-01,oni,0.23
1994-07-01,oni,0.3
1994-08-01,oni,0.3
1994-09-01,oni,0.47
1994-10-01,oni,0.66
1994-11-01,oni,0.93
1994-12-01,oni,0.97
1995-01-01,oni,0.88
1995-02-01,oni,0.65
1995-03-01,oni,0.46
1995-04-01,oni,0.19
1995-05-01,oni,0.03
1995-06-01,oni,-0.11
1995-07-01,oni,-0.3
1995-08-01,oni,-0.55
1995-09-01,oni,-0.81
1995-10-01,oni,-0.97
1995-11-01,oni,-1.05
1995-12-01,oni,-1.01
1996-01-01,oni,-0.88
1996-02-01,oni,-0.7
1996-03-01,oni,-0.52
1996-04-01,oni,-0.36
1996-05-01,oni,-0.25
1996-06-01,oni,-0.24
1996-07-01,oni,-0.22
1996-08-01,oni,-0.27
1996-09-01,oni,-0.3
1996-10-01,oni,-0.33
1996-11-01,oni,-0.39
1996-12-01,oni,-0.41
1997-01-01,oni,-0.41
1997-02-01,oni,-0.26
1997-03-01,oni,-0.03
1997-04-01,oni,0.3
1997-05-01,oni,0.71
1997-06-01,oni,1.13
1997-07-01,oni,1.48
1997-08-01,oni,1.79
1997-09-01,oni,2.04
1997-10-01,oni,2.24
1997-11-01,oni,2.34
1997-12-01,oni,2.37
1998-01-01,oni,2.22
1998-02-01,oni,1.91
1998-03-01,oni,1.4
1998-04-01,oni,1.03
1998-05-01,oni,0.4
1998-06-01,oni,-0.08
1998-07-01,oni,-0.63
1998-08-01,oni,-0.83
1998-09-01,oni,-1.02
1998-10-01,oni,-1.12
1998-11-01,oni,-1.31
1998-12-01,oni,-1.47
1999-01-01,oni,-1.51
1999-02-01,oni,-1.25
1999-03-01,oni,-0.93
1999-04-01,oni,-0.8
1999-05-01,oni,-0.79
1999-06-01,oni,-0.84
1999-07-01,oni,-0.9
1999-08-01,oni,-0.94
1999-09-01,oni,-1
1999-10-01,oni,-1.13
1999-11-01,oni,-1.35
1999-12-01,oni,-1.53
2000-01-01,oni,-1.47
2000-02-01,oni,-1.26
2000-03-01,oni,-0.98
2000-04-01,oni,-0.81
2000-05-01,oni,-0.67
2000-06-01,oni,-0.62
2000-07-01,oni,-0.48
2000-08-01,oni,-0.4
2000-09-01,oni,-0.42
2000-10-01,oni,-0.54
2000-11-01,oni,-0.76
2000-12-01,oni,-0.78
2001-01-01,oni,-0.76
2001-02-01,oni,-0.54
2001-03-01,oni,-0.43
2001-04-01,oni,-0.29
2001-05-01,oni,-0.19
2001-06-01,oni,-0.08
2001-07-01,oni,-0.05
2001-08-01,oni,-0.13
2001-09-01,oni,-0.15
2001-10-01,oni,-0.26
2001-11-01,oni,-0.33
2001-12-01,oni,-0.32
2002-01-01,oni,-0.15
2002-02-01,oni,0.07
2002-03-01,oni,0.11
2002-04-01,oni,0.15
2002-05-01,oni,0.3
2002-06-01,oni,0.45
2002-07-01,oni,0.57
2002-08-01,oni,0.63
2002-09-01,oni,0.78
2002-10-01,oni,0.99
2002-11-01,oni,1.19
2002-12-01,oni,1.08
2003-01-01,oni,0.9
2003-02-01,oni,0.59
2003-03-01,oni,0.38
2003-04-01,oni,-0.01
2003-05-01,oni,-0.18
2003-06-01,oni,-0.13
2003-07-01,oni,0.09
2003-08-01,oni,0.14
2003-09-01,oni,0.23
2003-10-01,oni,0.23
2003-11-01,oni,0.29
2003-12-01,oni,0.29
2004-01-01,oni,0.34
2004-02-01,oni,0.27
2004-03-01,oni,0.19
2004-04-01,oni,0.1
2004-05-01,oni,0.12
2004-06-01,oni,0.22
2004-07-01,oni,0.39
2004-08-01,oni,0.54
2004-09-01,oni,0.58
2004-10-01,oni,0.61
2004-11-01,oni,0.64
2004-12-01,oni,0.71
2005-01-01,oni,0.62
2005-02-01,oni,0.55
2005-03-01,oni,0.4
2005-04-01,oni,0.37
2005-05-01,oni,0.27
2005-06-01,oni,0.09
2005-07-01,oni,-0.04
2005-08-01,oni,-0.14
2005-09-01,oni,-0.11
2005-10-01,oni,-0.27
2005-11-01,oni,-0.57
2005-12-01,oni,-0.82
2006-01-01,oni,-0.86
2006-02-01,oni,-0.8
2006-03-01,oni,-0.63
2006-04-01,oni,-0.45
2006-05-01,oni,-0.19
2006-06-01,oni,-0.05
2006-07-01,oni,0.12
2006-08-01,oni,0.33
2006-09-01,oni,0.54
2006-10-01,oni,0.71
2006-11-01,oni,0.88
2006-12-01,oni,0.88
2007-01-01,oni,0.62
2007-02-01,oni,0.19
2007-03-01,oni,-0.12
2007-04-01,oni,-0.32
2007-05-01,oni,-0.34
2007-06-01,oni,-0.41
2007-07-01,oni,-0.49
2007-08-01,oni,-0.77
2007-09-01,oni,-1.05
2007-10-01,oni,-1.38
2007-11-01,oni,-1.57
2007-12-01,oni,-1.72
2008-01-01,oni,-1.76
2008-02-01,oni,-1.61
2008-03-01,oni,-1.37
2008-04-01,oni,-1.05
2008-05-01,oni,-0.85
2008-06-01,oni,-0.56
2008-07-01,oni,-0.33
2008-08-01,oni,-0.2
2008-09-01,oni,-0.25
2008-10-01,oni,-0.36
2008-11-01,oni,-0.57
2008-12-01,oni,-0.79
2009-01-01,oni,-0.89
2009-02-01,oni,-0.84
2009-03-01,oni,-0.63
2009-04-01,oni,-0.35
2009-05-01,oni,0.03
2009-06-01,oni,0.34
2009-07-01,oni,0.5
2009-08-01,oni,0.56
2009-09-01,oni,0.66
2009-10-01,oni,0.92
2009-11-01,oni,1.31
2009-12-01,oni,1.5
2010-01-01,oni,1.47
2010-02-01,oni,1.21
2010-03-01,oni,0.88
2010-04-01,oni,0.38
2010-05-01,oni,-0.16
2010-06-01,oni,-0.66
2010-07-01,oni,-0.98
2010-08-01,oni,-1.24
2010-09-01,oni,-1.43
2010-10-01,oni,-1.54
2010-11-01,oni,-1.57
2010-12-01,oni,-1.48
2011-01-01,oni,-1.29
2011-02-01,oni,-1.06
2011-03-01,oni,-0.85
2011-04-01,oni,-0.68
2011-05-01,oni,-0.5
2011-06-01,oni,-0.34
2011-07-01,oni,-0.37
2011-08-01,oni,-0.5
2011-09-01,oni,-0.76
2011-10-01,oni,-0.94
2011-11-01,oni,-1.02
2011-12-01,oni,-0.92
2012-01-01,oni,-0.71
2012-02-01,oni,-0.56
2012-03-01,oni,-0.44
2012-04-01,oni,-0.35
2012-05-01,oni,-0.18
2012-06-01,oni,0.03
2012-07-01,oni,0.28
2012-08-01,oni,0.39
2012-09-01,oni,0.37
2012-10-01,oni,0.28
2012-11-01,oni,0.13
2012-12-01,oni,-0.03
2013-01-01,oni,-0.24
2013-02-01,oni,-0.28
2013-03-01,oni,-0.23
2013-04-01,oni,-0.2
2013-05-01,oni,-0.3
2013-06-01,oni,-0.38
2013-07-01,oni,-0.45
2013-08-01,oni,-0.34
2013-09-01,oni,-0.32
2013-10-01,oni,-0.14
2013-11-01,oni,-0.12
2013-12-01,oni,-0.11
2014-01-01,oni,-0.24
2014-02-01,oni,-0.21
2014-03-01,oni,-0.02
2014-04-01,oni,0.25
2014-05-01,oni,0.35
2014-06-01,oni,0.22
2014-07-01,oni,0.07
2014-08-01,oni,0.07
2014-09-01,oni,0.24
2014-10-01,oni,0.51
2014-11-01,oni,0.7
2014-12-01,oni,0.8
2015-01-01,oni,0.73
2015-02-01,oni,0.65
2015-03-01,oni,0.72
2015-04-01,oni,0.86
2015-05-01,oni,1.04
2015-06-01,oni,1.19
2015-07-01,oni,1.44
2015-08-01,oni,1.73
2015-09-01,oni,2.02
2015-10-01,oni,2.28
2015-11-01,oni,2.45
2015-12-01,oni,2.59
2016-01-01,oni,2.5
2016-02-01,oni,2.21
2016-03-01,oni,1.69
2016-04-01,oni,1.11
2016-05-01,oni,0.57
2016-06-01,oni,0.09
2016-07-01,oni,-0.19
2016-08-01,oni,-0.34
2016-09-01,oni,-0.42
2016-10-01,oni,-0.51
2016-11-01,oni,-0.49
2016-12-01,oni,-0.37
2017-01-01,oni,-0.08
2017-02-01,oni,0.08
2017-03-01,oni,0.27
2017-04-01,oni,0.32
2017-05-01,oni,0.35
2017-06-01,oni,0.32
2017-07-01,oni,0.14
2017-08-01,oni,-0.07
2017-09-01,oni,-0.23
2017-10-01,oni,-0.44
2017-11-01,oni,-0.61
2017-12-01,oni,-0.76
2018-01-01,oni,-0.71
2018-02-01,oni,-0.67
2018-03-01,oni,-0.55
2018-04-01,oni,-0.35
2018-05-01,oni,-0.07
2018-06-01,oni,0.13
2018-07-01,oni,0.2
2018-08-01,oni,0.3
2018-09-01,oni,0.52
2018-10-01,oni,0.82
2018-11-01,oni,1.04
2018-12-01,oni,1.05
2019-01-01,oni,0.99
2019-02-01,oni,0.94
2019-03-01,oni,0.87
2019-04-01,oni,0.82
2019-05-01,oni,0.71
2019-06-01,oni,0.59
2019-07-01,oni,0.38
2019-08-01,oni,0.2
2019-09-01,oni,0.31
2019-10-01,oni,0.51
2019-11-01,oni,0.72
2019-12-01,oni,0.75
2020-01-01,oni,0.71
2020-02-01,oni,0.66
2020-03-01,oni,0.57
2020-04-01,oni,0.33
2020-05-01,oni,0.04
2020-06-01,oni,-0.18
2020-07-01,oni,-0.29
2020-08-01,oni,-0.43
2020-09-01,oni,-0.77
2020-10-01,oni,-1
2020-11-01,oni,-1.11
2020-12-01,oni,-1.06
2021-01-01,oni,-0.99
2021-02-01,oni,-0.85
2021-03-01,oni,-0.74
2021-04-01,oni,-0.56
2021-05-01,oni,-0.4
2021-06-01,oni,-0.31
2021-07-01,oni,-0.35
2021-08-01,oni,-0.46
2021-09-01,oni,-0.64
2021-10-01,oni,-0.77
2021-11-01,oni,-0.91
2021-12-01,oni,-0.83
2022-01-01,oni,-0.76
2022-02-01,oni,-0.68
2022-03-01,oni,-0.77
2022-04-01,oni,-0.86
2022-05-01,oni,-0.83
2022-06-01,oni,-0.73
2022-07-01,oni,-0.7
2022-08-01,oni,-0.78
2022-09-01,oni,-0.87
2022-10-01,oni,-0.89
2022-11-01,oni,-0.82
2022-12-01,oni,-0.7
2023-01-01,oni,-0.55
2023-02-01,oni,-0.33
2023-03-01,oni,-0.11
2023-04-01,oni,0.19
2023-05-01,oni,0.46
2023-06-01,oni,0.73
2023-07-01,oni,1
2023-08-01,oni,1.25
2023-09-01,oni,1.5
2023-10-01,oni,1.74
2023-11-01,oni,1.9
2023-12-01,oni,1.99
2024-01-01,oni,1.84
2024-02-01,oni,1.53
2024-03-01,oni,1.18
2024-04-01,oni,0.77
2024-05-01,oni,0.43
2024-06-01,oni,0.18
2024-07-01,oni,0.06
2024-08-01,oni,-0.04
2024-09-01,oni,-0.12
2024-10-01,oni,-0.19
2024-11-01,oni,-0.29
2024-12-01,oni,-0.43
2025-01-01,oni,-0.46
2025-02-01,oni,-0.22
2025-03-01,oni,-0.08
2025-04-01,oni,0.02
2025-05-01,oni,-0.04
2025-06-01,oni,-0.02
2025-07-01,oni,-0.11
2025-08-01,oni,-0.26
2025-09-01,oni,-0.43
2025-10-01,oni,-0.57
2025-11-01,oni,-0.61
2025-12-01,oni,-0.6
2026-01-01,oni,-0.39
2026-02-01,oni,-0.21
2026-03-01,oni,0.11
2026-04-01,oni,0.46
2026-05-01,oni,0.95
2026-06-01,oni,1.39
2026-07-01,oni,1.8
1990-01-01,nino34,0.02
1990-02-01,nino34,0.36
1990-03-01,nino34,0.2
1990-04-01,nino34,0.26
1990-05-01,nino34,0.32
1990-06-01,nino34,0
1990-07-01,nino34,0.15
1990-08-01,nino34,0.17
1990-09-01,nino34,0.12
1990-10-01,nino34,0.13
1990-11-01,nino34,0.08
1990-12-01,nino34,0.32
1991-01-01,nino34,0.51
1991-02-01,nino34,0.32
1991-03-01,nino34,0.1
1991-04-01,nino34,0.21
1991-05-01,nino34,0.44
1991-06-01,nino34,0.65
1991-07-01,nino34,0.62
1991-08-01,nino34,0.43
1991-09-01,nino34,0.22
1991-10-01,nino34,0.91
1991-11-01,nino34,1.14
1991-12-01,nino34,1.62
1992-01-01,nino34,1.61
1992-02-01,nino34,1.62
1992-03-01,nino34,1.5
1992-04-01,nino34,1.41
1992-05-01,nino34,1.27
1992-06-01,nino34,0.53
1992-07-01,nino34,0.27
1992-08-01,nino34,-0.15
1992-09-01,nino34,-0.14
1992-10-01,nino34,-0.35
1992-11-01,nino34,-0.14
1992-12-01,nino34,0.04
1993-01-01,nino34,0.28
1993-02-01,nino34,0.42
1993-03-01,nino34,0.47
1993-04-01,nino34,0.92
1993-05-01,nino34,0.93
1993-06-01,nino34,0.64
1993-07-01,nino34,0.33
1993-08-01,nino34,0.16
1993-09-01,nino34,0.26
1993-10-01,nino34,0.36
1993-11-01,nino34,0.28
1993-12-01,nino34,0.19
1994-01-01,nino34,0.04
1994-02-01,nino34,-0.16
1994-03-01,nino34,-0.06
1994-04-01,nino34,0.03
1994-05-01,nino34,0.14
1994-06-01,nino34,0.27
1994-07-01,nino34,0.16
1994-08-01,nino34,0.52
1994-09-01,nino34,0.4
1994-10-01,nino34,0.9
1994-11-01,nino34,1.14
1994-12-01,nino34,1.21
1995-01-01,nino34,1.1
1995-02-01,nino34,0.87
1995-03-01,nino34,0.49
1995-04-01,nino34,0.27
1995-05-01,nino34,0.03
1995-06-01,nino34,0.08
1995-07-01,nino34,0.03
1995-08-01,nino34,-0.38
1995-09-01,nino34,-0.57
1995-10-01,nino34,-0.72
1995-11-01,nino34,-0.78
1995-12-01,nino34,-0.72
1996-01-01,nino34,-0.65
1996-02-01,nino34,-0.66
1996-03-01,nino34,-0.48
1996-04-01,nino34,-0.34
1996-05-01,nino34,-0.4
1996-06-01,nino34,-0.12
1996-07-01,nino34,-0.14
1996-08-01,nino34,-0.3
1996-09-01,nino34,-0.34
1996-10-01,nino34,-0.28
1996-11-01,nino34,-0.3
1996-12-01,nino34,-0.43
1997-01-01,nino34,-0.43
1997-02-01,nino34,-0.24
1997-03-01,nino34,-0.06
1997-04-01,nino34,0.34
1997-05-01,nino34,0.87
1997-06-01,nino34,1.15
1997-07-01,nino34,1.6
1997-08-01,nino34,1.94
1997-09-01,nino34,2.1
1997-10-01,nino34,2.29
1997-11-01,nino34,2.42
1997-12-01,nino34,2.3
1998-01-01,nino34,2.42
1998-02-01,nino34,2.08
1998-03-01,nino34,1.49
1998-04-01,nino34,0.9
1998-05-01,nino34,0.68
1998-06-01,nino34,-0.39
1998-07-01,nino34,-0.73
1998-08-01,nino34,-0.83
1998-09-01,nino34,-0.82
1998-10-01,nino34,-1.19
1998-11-01,nino34,-1.23
1998-12-01,nino34,-1.51
1999-01-01,nino34,-1.53
1999-02-01,nino34,-1.41
1999-03-01,nino34,-0.92
1999-04-01,nino34,-0.81
1999-05-01,nino34,-0.87
1999-06-01,nino34,-0.95
1999-07-01,nino34,-0.84
1999-08-01,nino34,-0.98
1999-09-01,nino34,-0.84
1999-10-01,nino34,-1.03
1999-11-01,nino34,-1.41
1999-12-01,nino34,-1.54
2000-01-01,nino34,-1.79
2000-02-01,nino34,-1.53
2000-03-01,nino34,-1.26
2000-04-01,nino34,-0.8
2000-05-01,nino34,-0.8
2000-06-01,nino34,-0.75
2000-07-01,nino34,-0.57
2000-08-01,nino34,-0.36
2000-09-01,nino34,-0.39
2000-10-01,nino34,-0.55
2000-11-01,nino34,-0.75
2000-12-01,nino34,-0.92
2001-01-01,nino34,-0.88
2001-02-01,nino34,-0.63
2001-03-01,nino34,-0.48
2001-04-01,nino34,-0.3
2001-05-01,nino34,-0.3
2001-06-01,nino34,-0.11
2001-07-01,nino34,0.01
2001-08-01,nino34,-0.07
2001-09-01,nino34,-0.28
2001-10-01,nino34,-0.26
2001-11-01,nino34,-0.28
2001-12-01,nino34,-0.46
2002-01-01,nino34,-0.14
2002-02-01,nino34,0
2002-03-01,nino34,0.11
2002-04-01,nino34,0.14
2002-05-01,nino34,0.21
2002-06-01,nino34,0.68
2002-07-01,nino34,0.57
2002-08-01,nino34,0.7
2002-09-01,nino34,0.82
2002-10-01,nino34,1.16
2002-11-01,nino34,1.41
2002-12-01,nino34,1.41
2003-01-01,nino34,0.98
2003-02-01,nino34,0.64
2003-03-01,nino34,0.48
2003-04-01,nino34,-0.03
2003-05-01,nino34,-0.52
2003-06-01,nino34,-0.19
2003-07-01,nino34,0.14
2003-08-01,nino34,0.05
2003-09-01,nino34,0.15
2003-10-01,nino34,0.46
2003-11-01,nino34,0.39
2003-12-01,nino34,0.32
2004-01-01,nino34,0.26
2004-02-01,nino34,0.17
2004-03-01,nino34,-0.1
2004-04-01,nino34,0.06
2004-05-01,nino34,0.1
2004-06-01,nino34,0.14
2004-07-01,nino34,0.41
2004-08-01,nino34,0.66
2004-09-01,nino34,0.67
2004-10-01,nino34,0.73
2004-11-01,nino34,0.62
2004-12-01,nino34,0.71
2005-01-01,nino34,0.56
2005-02-01,nino34,0.26
2005-03-01,nino34,0.28
2005-04-01,nino34,0.28
2005-05-01,nino34,0.3
2005-06-01,nino34,0.22
2005-07-01,nino34,-0.01
2005-08-01,nino34,-0.04
2005-09-01,nino34,-0.08
2005-10-01,nino34,-0.15
2005-11-01,nino34,-0.44
2005-12-01,nino34,-0.75
2006-01-01,nino34,-0.98
2006-02-01,nino34,-0.71
2006-03-01,nino34,-0.73
2006-04-01,nino34,-0.3
2006-05-01,nino34,-0.11
2006-06-01,nino34,0.09
2006-07-01,nino34,0.03
2006-08-01,nino34,0.37
2006-09-01,nino34,0.62
2006-10-01,nino34,0.76
2006-11-01,nino34,0.98
2006-12-01,nino34,1.1
2007-01-01,nino34,0.59
2007-02-01,nino34,0.12
2007-03-01,nino34,-0.15
2007-04-01,nino34,-0.16
2007-05-01,nino34,-0.39
2007-06-01,nino34,-0.16
2007-07-01,nino34,-0.37
2007-08-01,nino34,-0.57
2007-09-01,nino34,-1.04
2007-10-01,nino34,-1.41
2007-11-01,nino34,-1.58
2007-12-01,nino34,-1.61
2008-01-01,nino34,-1.79
2008-02-01,nino34,-1.7
2008-03-01,nino34,-1.17
2008-04-01,nino34,-0.89
2008-05-01,nino34,-0.64
2008-06-01,nino34,-0.44
2008-07-01,nino34,-0.04
2008-08-01,nino34,-0.04
2008-09-01,nino34,-0.28
2008-10-01,nino34,-0.3
2008-11-01,nino34,-0.37
2008-12-01,nino34,-0.9
2009-01-01,nino34,-1
2009-02-01,nino34,-0.71
2009-03-01,nino34,-0.72
2009-04-01,nino34,-0.25
2009-05-01,nino34,0.17
2009-06-01,nino34,0.49
2009-07-01,nino34,0.69
2009-08-01,nino34,0.62
2009-09-01,nino34,0.68
2009-10-01,nino34,0.96
2009-11-01,nino34,1.49
2009-12-01,nino34,1.81
2010-01-01,nino34,1.43
2010-02-01,nino34,1.18
2010-03-01,nino34,1.07
2010-04-01,nino34,0.56
2010-05-01,nino34,-0.15
2010-06-01,nino34,-0.62
2010-07-01,nino34,-0.89
2010-08-01,nino34,-1.33
2010-09-01,nino34,-1.56
2010-10-01,nino34,-1.65
2010-11-01,nino34,-1.57
2010-12-01,nino34,-1.63
2011-01-01,nino34,-1.7
2011-02-01,nino34,-1.26
2011-03-01,nino34,-0.98
2011-04-01,nino34,-0.74
2011-05-01,nino34,-0.53
2011-06-01,nino34,-0.25
2011-07-01,nino34,-0.23
2011-08-01,nino34,-0.66
2011-09-01,nino34,-0.76
2011-10-01,nino34,-0.93
2011-11-01,nino34,-1.09
2011-12-01,nino34,-1.05
2012-01-01,nino34,-0.93
2012-02-01,nino34,-0.61
2012-03-01,nino34,-0.48
2012-04-01,nino34,-0.29
2012-05-01,nino34,-0.18
2012-06-01,nino34,0.14
2012-07-01,nino34,0.44
2012-08-01,nino34,0.66
2012-09-01,nino34,0.44
2012-10-01,nino34,0.23
2012-11-01,nino34,0.33
2012-12-01,nino34,-0.13
2013-01-01,nino34,-0.42
2013-02-01,nino34,-0.4
2013-03-01,nino34,-0.14
2013-04-01,nino34,-0.08
2013-05-01,nino34,-0.28
2013-06-01,nino34,-0.33
2013-07-01,nino34,-0.28
2013-08-01,nino34,-0.29
2013-09-01,nino34,-0.09
2013-10-01,nino34,-0.24
2013-11-01,nino34,-0.02
2013-12-01,nino34,-0.09
2014-01-01,nino34,-0.42
2014-02-01,nino34,-0.45
2014-03-01,nino34,-0.07
2014-04-01,nino34,0.28
2014-05-01,nino34,0.45
2014-06-01,nino34,0.48
2014-07-01,nino34,0.13
2014-08-01,nino34,0.14
2014-09-01,nino34,0.37
2014-10-01,nino34,0.48
2014-11-01,nino34,0.89
2014-12-01,nino34,0.77
2015-01-01,nino34,0.59
2015-02-01,nino34,0.57
2015-03-01,nino34,0.48
2015-04-01,nino34,0.9
2015-05-01,nino34,1.04
2015-06-01,nino34,1.28
2015-07-01,nino34,1.56
2015-08-01,nino34,1.87
2015-09-01,nino34,2.01
2015-10-01,nino34,2.21
2015-11-01,nino34,2.57
2015-12-01,nino34,2.56
2016-01-01,nino34,2.56
2016-02-01,nino34,2.11
2016-03-01,nino34,1.6
2016-04-01,nino34,1.05
2016-05-01,nino34,0.45
2016-06-01,nino34,0.06
2016-07-01,nino34,-0.25
2016-08-01,nino34,-0.48
2016-09-01,nino34,-0.46
2016-10-01,nino34,-0.75
2016-11-01,nino34,-0.63
2016-12-01,nino34,-0.51
2017-01-01,nino34,-0.34
2017-02-01,nino34,-0.01
2017-03-01,nino34,-0.09
2017-04-01,nino34,0.22
2017-05-01,nino34,0.3
2017-06-01,nino34,0.22
2017-07-01,nino34,0.22
2017-08-01,nino34,-0.18
2017-09-01,nino34,-0.56
2017-10-01,nino34,-0.52
2017-11-01,nino34,-0.84
2017-12-01,nino34,-0.85
2018-01-01,nino34,-0.86
2018-02-01,nino34,-0.73
2018-03-01,nino34,-0.73
2018-04-01,nino34,-0.36
2018-05-01,nino34,-0.12
2018-06-01,nino34,0.12
2018-07-01,nino34,0.27
2018-08-01,nino34,0.05
2018-09-01,nino34,0.3
2018-10-01,nino34,0.84
2018-11-01,nino34,1
2018-12-01,nino34,0.97
2019-01-01,nino34,0.51
2019-02-01,nino34,0.62
2019-03-01,nino34,0.81
2019-04-01,nino34,0.67
2019-05-01,nino34,0.61
2019-06-01,nino34,0.66
2019-07-01,nino34,0.41
2019-08-01,nino34,0.19
2019-09-01,nino34,0.11
2019-10-01,nino34,0.55
2019-11-01,nino34,0.74
2019-12-01,nino34,0.51
2020-01-01,nino34,0.64
2020-02-01,nino34,0.48
2020-03-01,nino34,0.36
2020-04-01,nino34,0.49
2020-05-01,nino34,-0.12
2020-06-01,nino34,-0.21
2020-07-01,nino34,-0.04
2020-08-01,nino34,-0.42
2020-09-01,nino34,-0.66
2020-10-01,nino34,-1.19
2020-11-01,nino34,-1.01
2020-12-01,nino34,-0.98
2021-01-01,nino34,-1.04
2021-02-01,nino34,-0.94
2021-03-01,nino34,-0.72
2021-04-01,nino34,-0.55
2021-05-01,nino34,-0.41
2021-06-01,nino34,-0.06
2021-07-01,nino34,-0.2
2021-08-01,nino34,-0.38
2021-09-01,nino34,-0.5
2021-10-01,nino34,-0.78
2021-11-01,nino34,-0.88
2021-12-01,nino34,-1.07
2022-01-01,nino34,-0.77
2022-02-01,nino34,-0.68
2022-03-01,nino34,-0.84
2022-04-01,nino34,-0.9
2022-05-01,nino34,-1.02
2022-06-01,nino34,-0.77
2022-07-01,nino34,-0.56
2022-08-01,nino34,-0.96
2022-09-01,nino34,-1.06
2022-10-01,nino34,-0.99
2022-11-01,nino34,-0.76
2022-12-01,nino34,-0.86
2023-01-01,nino34,-0.78
2023-02-01,nino34,-0.62
2023-03-01,nino34,-0.13
2023-04-01,nino34,0.24
2023-05-01,nino34,0.47
2023-06-01,nino34,0.95
2023-07-01,nino34,1.2
2023-08-01,nino34,1.56
2023-09-01,nino34,1.65
2023-10-01,nino34,1.59
2023-11-01,nino34,2.01
2023-12-01,nino34,1.81
2024-01-01,nino34,1.71
2024-02-01,nino34,1.47
2024-03-01,nino34,1.1
2024-04-01,nino34,0.93
2024-05-01,nino34,0.41
2024-06-01,nino34,0.25
2024-07-01,nino34,0.2
2024-08-01,nino34,0.02
2024-09-01,nino34,-0.11
2024-10-01,nino34,-0.24
2024-11-01,nino34,-0.05
2024-12-01,nino34,-0.58
2025-01-01,nino34,-0.76
2025-02-01,nino34,-0.39
2025-03-01,nino34,0.05
2025-04-01,nino34,-0.08
2025-05-01,nino34,-0.08
2025-06-01,nino34,0.01
2025-07-01,nino34,-0.03
2025-08-01,nino34,-0.11
2025-09-01,nino34,-0.3
2025-10-01,nino34,-0.5
2025-11-01,nino34,-0.68
2025-12-01,nino34,-0.49
2026-01-01,nino34,-0.54
2026-02-01,nino34,-0.25
2026-03-01,nino34,-0.12
2026-04-01,nino34,0.38
2026-05-01,nino34,0.8
2026-06-01,nino34,1.37
2026-07-01,nino34,1.9
1990-01-01,pdo,-0.42
1990-02-01,pdo,-1.28
1990-03-01,pdo,-1.24
1990-04-01,pdo,-0.15
1990-05-01,pdo,-0.32
1990-06-01,pdo,-0.25
1990-07-01,pdo,-0.31
1990-08-01,pdo,-0.43
1990-09-01,pdo,-0.26
1990-10-01,pdo,-1.16
1990-11-01,pdo,-1.88
1990-12-01,pdo,-2.22
1991-01-01,pdo,-1.8
1991-02-01,pdo,-1.09
1991-03-01,pdo,-1.11
1991-04-01,pdo,-1.63
1991-05-01,pdo,-1.65
1991-06-01,pdo,-2.25
1991-07-01,pdo,-1.57
1991-08-01,pdo,-0.58
1991-09-01,pdo,0.37
1991-10-01,pdo,0.41
1991-11-01,pdo,0.56
1991-12-01,pdo,-0.21
1992-01-01,pdo,0.08
1992-02-01,pdo,0.17
1992-03-01,pdo,0.12
1992-04-01,pdo,0.55
1992-05-01,pdo,1.26
1992-06-01,pdo,1.22
1992-07-01,pdo,1.5
1992-08-01,pdo,0.85
1992-09-01,pdo,0.45
1992-10-01,pdo,1.28
1992-11-01,pdo,1.31
1992-12-01,pdo,0.33
1993-01-01,pdo,-0.28
1993-02-01,pdo,0.02
1993-03-01,pdo,0.24
1993-04-01,pdo,1
1993-05-01,pdo,1.79
1993-06-01,pdo,2.05
1993-07-01,pdo,1.48
1993-08-01,pdo,1.96
1993-09-01,pdo,1.15
1993-10-01,pdo,1.31
1993-11-01,pdo,1.13
1993-12-01,pdo,0.67
1994-01-01,pdo,0.85
1994-02-01,pdo,0.33
1994-03-01,pdo,0.27
1994-04-01,pdo,0.49
1994-05-01,pdo,0.55
1994-06-01,pdo,0.1
1994-07-01,pdo,-0.91
1994-08-01,pdo,-0.88
1994-09-01,pdo,-1.51
1994-10-01,pdo,-1.06
1994-11-01,pdo,-1.93
1994-12-01,pdo,-2.22
1995-01-01,pdo,-0.86
1995-02-01,pdo,0.02
1995-03-01,pdo,0.46
1995-04-01,pdo,0.49
1995-05-01,pdo,0.89
1995-06-01,pdo,1.03
1995-07-01,pdo,1
1995-08-01,pdo,-0.11
1995-09-01,pdo,1.22
1995-10-01,pdo,0.64
1995-11-01,pdo,0.05
1995-12-01,pdo,0.44
1996-01-01,pdo,1.01
1996-02-01,pdo,1.01
1996-03-01,pdo,0.85
1996-04-01,pdo,1.37
1996-05-01,pdo,2.13
1996-06-01,pdo,1.1
1996-07-01,pdo,0.57
1996-08-01,pdo,-0.66
1996-09-01,pdo,0.07
1996-10-01,pdo,0.4
1996-11-01,pdo,0.38
1996-12-01,pdo,-0.03
1997-01-01,pdo,0.44
1997-02-01,pdo,0.29
1997-03-01,pdo,0.39
1997-04-01,pdo,0.73
1997-05-01,pdo,1.59
1997-06-01,pdo,2.55
1997-07-01,pdo,1.49
1997-08-01,pdo,2.27
1997-09-01,pdo,1.8
1997-10-01,pdo,1.78
1997-11-01,pdo,1.48
1997-12-01,pdo,0.99
1998-01-01,pdo,1.05
1998-02-01,pdo,1.52
1998-03-01,pdo,1.29
1998-04-01,pdo,0.03
1998-05-01,pdo,-0.83
1998-06-01,pdo,-0.78
1998-07-01,pdo,-1.16
1998-08-01,pdo,-0.87
1998-09-01,pdo,-1.7
1998-10-01,pdo,-2.23
1998-11-01,pdo,-0.97
1998-12-01,pdo,-1.09
1999-01-01,pdo,-0.78
1999-02-01,pdo,-1.06
1999-03-01,pdo,-1.18
1999-04-01,pdo,-1.85
1999-05-01,pdo,-2.32
1999-06-01,pdo,-2.34
1999-07-01,pdo,-1.87
1999-08-01,pdo,-1.84
1999-09-01,pdo,-2.24
1999-10-01,pdo,-2.54
1999-11-01,pdo,-2.18
1999-12-01,pdo,-1.92
2000-01-01,pdo,-2.2
2000-02-01,pdo,-1.28
2000-03-01,pdo,-0.66
2000-04-01,pdo,-0.63
2000-05-01,pdo,-0.81
2000-06-01,pdo,-0.64
2000-07-01,pdo,-1.51
2000-08-01,pdo,-1.68
2000-09-01,pdo,-1.45
2000-10-01,pdo,-1.61
2000-11-01,pdo,-1.04
2000-12-01,pdo,0
2001-01-01,pdo,0.48
2001-02-01,pdo,-0.01
2001-03-01,pdo,-0.41
2001-04-01,pdo,-1.18
2001-05-01,pdo,-1.12
2001-06-01,pdo,-1.22
2001-07-01,pdo,-2.21
2001-08-01,pdo,-1.68
2001-09-01,pdo,-1.98
2001-10-01,pdo,-1.91
2001-11-01,pdo,-1.25
2001-12-01,pdo,-1.12
2002-01-01,pdo,-0.42
2002-02-01,pdo,-1.51
2002-03-01,pdo,-1.27
2002-04-01,pdo,-1.23
2002-05-01,pdo,-1.3
2002-06-01,pdo,-1.18
2002-07-01,pdo,-0.71
2002-08-01,pdo,0.11
2002-09-01,pdo,-0.21
2002-10-01,pdo,-0.2
2002-11-01,pdo,1.08
2002-12-01,pdo,1.57
2003-01-01,pdo,1.45
2003-02-01,pdo,1.23
2003-03-01,pdo,1.01
2003-04-01,pdo,0.36
2003-05-01,pdo,0.21
2003-06-01,pdo,-0.42
2003-07-01,pdo,0.37
2003-08-01,pdo,0.63
2003-09-01,pdo,-0.17
2003-10-01,pdo,0.74
2003-11-01,pdo,-0.23
2003-12-01,pdo,-0.6
2004-01-01,pdo,-0.55
2004-02-01,pdo,-0.21
2004-03-01,pdo,-0.15
2004-04-01,pdo,-0
2004-05-01,pdo,0.61
2004-06-01,pdo,-0.11
2004-07-01,pdo,0.04
2004-08-01,pdo,0.24
2004-09-01,pdo,0.02
2004-10-01,pdo,-0.72
2004-11-01,pdo,-1.22
2004-12-01,pdo,-0.64
2005-01-01,pdo,-0.15
2005-02-01,pdo,-0.01
2005-03-01,pdo,0.7
2005-04-01,pdo,0.28
2005-05-01,pdo,1.36
2005-06-01,pdo,0.85
2005-07-01,pdo,0.11
2005-08-01,pdo,-0.42
2005-09-01,pdo,-0.99
2005-10-01,pdo,-2
2005-11-01,pdo,-1.89
2005-12-01,pdo,-0.1
2006-01-01,pdo,0.54
2006-02-01,pdo,0.38
2006-03-01,pdo,-0.74
2006-04-01,pdo,-0.54
2006-05-01,pdo,-0.37
2006-06-01,pdo,0.21
2006-07-01,pdo,0.39
2006-08-01,pdo,-0.85
2006-09-01,pdo,-1.54
2006-10-01,pdo,-0.46
2006-11-01,pdo,-0.81
2006-12-01,pdo,-0.42
2007-01-01,pdo,-0.69
2007-02-01,pdo,-0.71
2007-03-01,pdo,-1.1
2007-04-01,pdo,-0.46
2007-05-01,pdo,-0.29
2007-06-01,pdo,-0.07
2007-07-01,pdo,0.43
2007-08-01,pdo,0.09
2007-09-01,pdo,-0.97
2007-10-01,pdo,-2.33
2007-11-01,pdo,-1.46
2007-12-01,pdo,-0.87
2008-01-01,pdo,-1.5
2008-02-01,pdo,-1.46
2008-03-01,pdo,-1.26
2008-04-01,pdo,-1.79
2008-05-01,pdo,-1.62
2008-06-01,pdo,-1.85
2008-07-01,pdo,-1.96
2008-08-01,pdo,-1.85
2008-09-01,pdo,-1.87
2008-10-01,pdo,-1.9
2008-11-01,pdo,-1.59
2008-12-01,pdo,-1.31
2009-01-01,pdo,-1.81
2009-02-01,pdo,-1.78
2009-03-01,pdo,-2.06
2009-04-01,pdo,-2.23
2009-05-01,pdo,-1.32
2009-06-01,pdo,-0.73
2009-07-01,pdo,-0.71
2009-08-01,pdo,-0.49
2009-09-01,pdo,0.33
2009-10-01,pdo,-0.13
2009-11-01,pdo,-0.94
2009-12-01,pdo,-0.51
2010-01-01,pdo,0.05
2010-02-01,pdo,0.25
2010-03-01,pdo,-0.16
2010-04-01,pdo,-0.04
2010-05-01,pdo,-0.18
2010-06-01,pdo,-0.79
2010-07-01,pdo,-1.99
2010-08-01,pdo,-2.21
2010-09-01,pdo,-2.45
2010-10-01,pdo,-1.6
2010-11-01,pdo,-1.57
2010-12-01,pdo,-2.04
2011-01-01,pdo,-1.8
2011-02-01,pdo,-1.46
2011-03-01,pdo,-1.28
2011-04-01,pdo,-1.02
2011-05-01,pdo,-0.66
2011-06-01,pdo,-1.08
2011-07-01,pdo,-2.3
2011-08-01,pdo,-2.37
2011-09-01,pdo,-2.5
2011-10-01,pdo,-1.92
2011-11-01,pdo,-2.95
2011-12-01,pdo,-2.4
2012-01-01,pdo,-1.85
2012-02-01,pdo,-1.35
2012-03-01,pdo,-1.66
2012-04-01,pdo,-1.01
2012-05-01,pdo,-2.12
2012-06-01,pdo,-1.63
2012-07-01,pdo,-2.4
2012-08-01,pdo,-2.6
2012-09-01,pdo,-2.99
2012-10-01,pdo,-1.22
2012-11-01,pdo,-0.66
2012-12-01,pdo,-1.31
2013-01-01,pdo,-1.1
2013-02-01,pdo,-1.42
2013-03-01,pdo,-1.48
2013-04-01,pdo,-0.72
2013-05-01,pdo,-0.4
2013-06-01,pdo,-1.19
2013-07-01,pdo,-1.34
2013-08-01,pdo,-1.56
2013-09-01,pdo,-1
2013-10-01,pdo,-1.65
2013-11-01,pdo,-1.09
2013-12-01,pdo,-1.04
2014-01-01,pdo,-0.57
2014-02-01,pdo,-0.42
2014-03-01,pdo,0.3
2014-04-01,pdo,0.36
2014-05-01,pdo,1.27
2014-06-01,pdo,-0.28
2014-07-01,pdo,0.25
2014-08-01,pdo,0.34
2014-09-01,pdo,0.76
2014-10-01,pdo,1.43
2014-11-01,pdo,1.35
2014-12-01,pdo,1.86
2015-01-01,pdo,1.51
2015-02-01,pdo,1.52
2015-03-01,pdo,1.33
2015-04-01,pdo,0.9
2015-05-01,pdo,0.32
2015-06-01,pdo,0.82
2015-07-01,pdo,1.41
2015-08-01,pdo,0.98
2015-09-01,pdo,0.97
2015-10-01,pdo,0.84
2015-11-01,pdo,0.17
2015-12-01,pdo,0.29
2016-01-01,pdo,0.75
2016-02-01,pdo,1.29
2016-03-01,pdo,1.56
2016-04-01,pdo,1.74
2016-05-01,pdo,1.6
2016-06-01,pdo,0.87
2016-07-01,pdo,0.57
2016-08-01,pdo,-0.63
2016-09-01,pdo,-0.8
2016-10-01,pdo,-0.43
2016-11-01,pdo,0.96
2016-12-01,pdo,0.61
2017-01-01,pdo,-0.06
2017-02-01,pdo,-0.02
2017-03-01,pdo,0.1
2017-04-01,pdo,0.56
2017-05-01,pdo,0.45
2017-06-01,pdo,0.33
2017-07-01,pdo,-0.45
2017-08-01,pdo,-0.63
2017-09-01,pdo,-0.2
2017-10-01,pdo,-0.68
2017-11-01,pdo,-0.6
2017-12-01,pdo,-0.03
2018-01-01,pdo,0.38
2018-02-01,pdo,-0.09
2018-03-01,pdo,-0.72
2018-04-01,pdo,-0.82
2018-05-01,pdo,-0.47
2018-06-01,pdo,-0.66
2018-07-01,pdo,-0.03
2018-08-01,pdo,-0.24
2018-09-01,pdo,-0.35
2018-10-01,pdo,-0.57
2018-11-01,pdo,-0.7
2018-12-01,pdo,-0.21
2019-01-01,pdo,-0.34
2019-02-01,pdo,-0.72
2019-03-01,pdo,-0.4
2019-04-01,pdo,0.09
2019-05-01,pdo,0.26
2019-06-01,pdo,-0.06
2019-07-01,pdo,0.52
2019-08-01,pdo,-0
2019-09-01,pdo,0.13
2019-10-01,pdo,-0.9
2019-11-01,pdo,-0.51
2019-12-01,pdo,-0
2020-01-01,pdo,-1.41
2020-02-01,pdo,-1.48
2020-03-01,pdo,-1.75
2020-04-01,pdo,-1.32
2020-05-01,pdo,-0.52
2020-06-01,pdo,-0.75
2020-07-01,pdo,-0.92
2020-08-01,pdo,-1.33
2020-09-01,pdo,-1.04
2020-10-01,pdo,-0.62
2020-11-01,pdo,-1.58
2020-12-01,pdo,-0.98
2021-01-01,pdo,-0.61
2021-02-01,pdo,-1.09
2021-03-01,pdo,-1.67
2021-04-01,pdo,-1.84
2021-05-01,pdo,-2.04
2021-06-01,pdo,-1.82
2021-07-01,pdo,-2
2021-08-01,pdo,-0.95
2021-09-01,pdo,-1.96
2021-10-01,pdo,-3.14
2021-11-01,pdo,-2.75
2021-12-01,pdo,-2.71
2022-01-01,pdo,-2.4
2022-02-01,pdo,-1.91
2022-03-01,pdo,-1.67
2022-04-01,pdo,-2.09
2022-05-01,pdo,-2.23
2022-06-01,pdo,-1.31
2022-07-01,pdo,-2.63
2022-08-01,pdo,-2.38
2022-09-01,pdo,-2.28
2022-10-01,pdo,-1.81
2022-11-01,pdo,-2.4
2022-12-01,pdo,-2.21
2023-01-01,pdo,-1.24
2023-02-01,pdo,-1.65
2023-03-01,pdo,-2.45
2023-04-01,pdo,-3.08
2023-05-01,pdo,-2.41
2023-06-01,pdo,-2.55
2023-07-01,pdo,-2.54
2023-08-01,pdo,-2.48
2023-09-01,pdo,-2.99
2023-10-01,pdo,-2.23
2023-11-01,pdo,-1.79
2023-12-01,pdo,-1.66
2024-01-01,pdo,-1.57
2024-02-01,pdo,-1.34
2024-03-01,pdo,-1.54
2024-04-01,pdo,-2.11
2024-05-01,pdo,-2.98
2024-06-01,pdo,-3.15
2024-07-01,pdo,-3.01
2024-08-01,pdo,-2.91
2024-09-01,pdo,-3.56
2024-10-01,pdo,-3.8
2024-11-01,pdo,-3.13
2024-12-01,pdo,-2.03
2025-01-01,pdo,-1.29
2025-02-01,pdo,-1.4
2025-03-01,pdo,-1.12
2025-04-01,pdo,-1.15
2025-05-01,pdo,-1.66
2025-06-01,pdo,-2.64
2025-07-01,pdo,-4.21
2025-08-01,pdo,-3.23
2025-09-01,pdo,-2.31
2025-10-01,pdo,-2.37
2025-11-01,pdo,-1.51
2025-12-01,pdo,-0.96
2026-01-01,pdo,-1.24
2026-02-01,pdo,-1
2026-03-01,pdo,-1.42
2026-04-01,pdo,-1.62
2026-05-01,pdo,-1.68
2026-06-01,pdo,-1.72
2026-07-01,pdo,-2.14
2026-08-01,pdo,-1.84
1990-01-01,npgo,0.2687734
1990-02-01,npgo,-0.28017566
1990-03-01,npgo,0.65271548
1990-04-01,npgo,0.24156556
1990-05-01,npgo,-0.096055435
1990-06-01,npgo,-0.065433778
1990-07-01,npgo,-0.25829866
1990-08-01,npgo,-0.33040579
1990-09-01,npgo,-0.15925639
1990-10-01,npgo,-0.12022116
1990-11-01,npgo,-0.73895202
1990-12-01,npgo,-1.532809
1991-01-01,npgo,-0.74421842
1991-02-01,npgo,-0.30453129
1991-03-01,npgo,-0.80698494
1991-04-01,npgo,-0.20643753
1991-05-01,npgo,-0.059529254
1991-06-01,npgo,-0.38776968
1991-07-01,npgo,-0.4794923
1991-08-01,npgo,-0.57405316
1991-09-01,npgo,-0.94857557
1991-10-01,npgo,-1.0900901
1991-11-01,npgo,-0.17231725
1991-12-01,npgo,-0.21297704
1992-01-01,npgo,0.49307736
1992-02-01,npgo,-0.45653143
1992-03-01,npgo,-0.82080177
1992-04-01,npgo,-1.4336134
1992-05-01,npgo,-1.7956172
1992-06-01,npgo,-1.3506516
1992-07-01,npgo,-1.4624325
1992-08-01,npgo,-1.2474734
1992-09-01,npgo,-0.94662956
1992-10-01,npgo,-0.96898904
1992-11-01,npgo,-1.2806748
1992-12-01,npgo,-1.8686891
1993-01-01,npgo,-2.8169835
1993-02-01,npgo,-2.1408178
1993-03-01,npgo,-1.7419109
1993-04-01,npgo,-0.75883626
1993-05-01,npgo,-1.0894275
1993-06-01,npgo,-1.6821039
1993-07-01,npgo,-1.6785552
1993-08-01,npgo,-1.5143229
1993-09-01,npgo,-2.0474347
1993-10-01,npgo,-2.3542966
1993-11-01,npgo,-2.9986692
1993-12-01,npgo,-2.0005526
1994-01-01,npgo,-1.8540143
1994-02-01,npgo,-1.9786652
1994-03-01,npgo,-1.8557886
1994-04-01,npgo,-1.4470739
1994-05-01,npgo,-0.30135894
1994-06-01,npgo,-0.61160343
1994-07-01,npgo,-0.71112965
1994-08-01,npgo,-0.85876787
1994-09-01,npgo,-1.1048639
1994-10-01,npgo,-1.1107256
1994-11-01,npgo,-1.6884391
1994-12-01,npgo,-1.0167549
1995-01-01,npgo,-0.49903343
1995-02-01,npgo,-1.5608722
1995-03-01,npgo,-2.0546501
1995-04-01,npgo,-1.8249588
1995-05-01,npgo,-1.5042438
1995-06-01,npgo,-1.0479894
1995-07-01,npgo,-1.4994407
1995-08-01,npgo,-1.0060149
1995-09-01,npgo,-0.89392105
1995-10-01,npgo,-0.51771379
1995-11-01,npgo,-0.2774263
1995-12-01,npgo,0.21576192
1996-01-01,npgo,-0.63897712
1996-02-01,npgo,-1.0529048
1996-03-01,npgo,-1.1487637
1996-04-01,npgo,-0.43611656
1996-05-01,npgo,-1.2747659
1996-06-01,npgo,-1.0600342
1996-07-01,npgo,-0.88413569
1996-08-01,npgo,-0.74825013
1996-09-01,npgo,-0.93392844
1996-10-01,npgo,-1.0410775
1996-11-01,npgo,-1.1001672
1996-12-01,npgo,-1.3549181
1997-01-01,npgo,-1.6402249
1997-02-01,npgo,-1.1130951
1997-03-01,npgo,-0.61802828
1997-04-01,npgo,-0.5061382
1997-05-01,npgo,-0.87719416
1997-06-01,npgo,-0.93839334
1997-07-01,npgo,-0.77236159
1997-08-01,npgo,-0.7858272
1997-09-01,npgo,-0.48147621
1997-10-01,npgo,-0.59425899
1997-11-01,npgo,0.17402893
1997-12-01,npgo,0.26068165
1998-01-01,npgo,0.52791423
1998-02-01,npgo,1.9000587
1998-03-01,npgo,0.89331784
1998-04-01,npgo,0.52151313
1998-05-01,npgo,0.27758158
1998-06-01,npgo,0.11902247
1998-07-01,npgo,0.39316174
1998-08-01,npgo,0.27265688
1998-09-01,npgo,0.044480388
1998-10-01,npgo,0.098751134
1998-11-01,npgo,0.71735091
1998-12-01,npgo,0.76883039
1999-01-01,npgo,1.0828257
1999-02-01,npgo,2.3041594
1999-03-01,npgo,1.9742975
1999-04-01,npgo,1.6464381
1999-05-01,npgo,1.6045932999999999
1999-06-01,npgo,1.9053233
1999-07-01,npgo,1.3811213
1999-08-01,npgo,1.4334654
1999-09-01,npgo,1.3049656
1999-10-01,npgo,1.1788208
1999-11-01,npgo,1.3205504
1999-12-01,npgo,1.0528054
2000-01-01,npgo,1.4045384
2000-02-01,npgo,2.1235311
2000-03-01,npgo,2.1492677
2000-04-01,npgo,2.3652705
2000-05-01,npgo,2.220292
2000-06-01,npgo,2.1020662
2000-07-01,npgo,1.655785
2000-08-01,npgo,1.3516272
2000-09-01,npgo,1.3801795
2000-10-01,npgo,1.6981881
2000-11-01,npgo,2.0145948
2000-12-01,npgo,2.164995
2001-01-01,npgo,2.8619328
2001-02-01,npgo,2.9560468
2001-03-01,npgo,2.388775
2001-04-01,npgo,2.2039413
2001-05-01,npgo,1.9538953
2001-06-01,npgo,2.349303
2001-07-01,npgo,1.5004872
2001-08-01,npgo,1.9150242
2001-09-01,npgo,1.8929954
2001-10-01,npgo,1.1619115
2001-11-01,npgo,1.7645249
2001-12-01,npgo,2.0194831
2002-01-01,npgo,1.8641573
2002-02-01,npgo,2.1773568
2002-03-01,npgo,1.8982763
2002-04-01,npgo,0.89742216
2002-05-01,npgo,1.102573
2002-06-01,npgo,1.6053913
2002-07-01,npgo,1.3822965
2002-08-01,npgo,0.81184355
2002-09-01,npgo,0.82441109
2002-10-01,npgo,0.82363712
2002-11-01,npgo,1.6592152
2002-12-01,npgo,2.6365472
2003-01-01,npgo,1.9691832
2003-02-01,npgo,0.99256558
2003-03-01,npgo,1.4907114
2003-04-01,npgo,1.1017217
2003-05-01,npgo,0.9192588
2003-06-01,npgo,0.77769152
2003-07-01,npgo,1.2024408
2003-08-01,npgo,0.78228794
2003-09-01,npgo,0.8692253
2003-10-01,npgo,1.286991
2003-11-01,npgo,-0.11436786
2003-12-01,npgo,0.22437689
2004-01-01,npgo,0.26501486
2004-02-01,npgo,0.66722957
2004-03-01,npgo,0.38293237
2004-04-01,npgo,0.12524921
2004-05-01,npgo,0.20735337
2004-06-01,npgo,0.77647507
2004-07-01,npgo,0.41156805
2004-08-01,npgo,0.68538324
2004-09-01,npgo,0.37640228
2004-10-01,npgo,0.042904182
2004-11-01,npgo,-0.44177726
2004-12-01,npgo,-0.98521195
2005-01-01,npgo,-1.9348221
2005-02-01,npgo,-1.5993721
2005-03-01,npgo,-1.4269572
2005-04-01,npgo,-1.7171677
2005-05-01,npgo,-0.7821975
2005-06-01,npgo,-1.3968655
2005-07-01,npgo,-1.5583487
2005-08-01,npgo,-1.1385837
2005-09-01,npgo,-1.8340067
2005-10-01,npgo,-1.0356178
2005-11-01,npgo,-1.7418174
2005-12-01,npgo,-1.4634516
2006-01-01,npgo,-0.70539119
2006-02-01,npgo,-0.96233149
2006-03-01,npgo,-0.73541925
2006-04-01,npgo,-0.64099295
2006-05-01,npgo,-0.10930969
2006-06-01,npgo,-0.13351945
2006-07-01,npgo,-0.26416321
2006-08-01,npgo,-0.2690823
2006-09-01,npgo,-0.48277169
2006-10-01,npgo,-0.90869134
2006-11-01,npgo,-1.1642503
2006-12-01,npgo,-0.22332278
2007-01-01,npgo,-0.28664521
2007-02-01,npgo,-0.023279329
2007-03-01,npgo,-0.6369761
2007-04-01,npgo,0.2090405
2007-05-01,npgo,0.51459416
2007-06-01,npgo,1.2697212
2007-07-01,npgo,1.3383294
2007-08-01,npgo,1.2415749
2007-09-01,npgo,0.71520828
2007-10-01,npgo,1.3893471
2007-11-01,npgo,0.71503009
2007-12-01,npgo,0.50763047
2008-01-01,npgo,0.78724074
2008-02-01,npgo,1.2649955
2008-03-01,npgo,1.3266435
2008-04-01,npgo,1.3599307
2008-05-01,npgo,1.7339619
2008-06-01,npgo,1.5539068
2008-07-01,npgo,1.6279512
2008-08-01,npgo,2.1278551
2008-09-01,npgo,2.1982501
2008-10-01,npgo,1.723844
2008-11-01,npgo,1.7682037
2008-12-01,npgo,0.44148439
2009-01-01,npgo,0.72337095
2009-02-01,npgo,0.83058122
2009-03-01,npgo,0.060365239
2009-04-01,npgo,0.22206456
2009-05-01,npgo,0.49203307
2009-06-01,npgo,0.42516878
2009-07-01,npgo,0.33705345
2009-08-01,npgo,0.36647606
2009-09-01,npgo,1.0266812
2009-10-01,npgo,1.0968667
2009-11-01,npgo,0.94410275
2009-12-01,npgo,1.1622241
2010-01-01,npgo,2.0241993
2010-02-01,npgo,1.8351742
2010-03-01,npgo,1.6520626
2010-04-01,npgo,1.128877
2010-05-01,npgo,1.9813718
2010-06-01,npgo,1.3132342
2010-07-01,npgo,0.82324603
2010-08-01,npgo,0.83186555
2010-09-01,npgo,1.0082519
2010-10-01,npgo,1.4315416
2010-11-01,npgo,0.7425656
2010-12-01,npgo,0.70283278
2011-01-01,npgo,0.20980585
2011-02-01,npgo,0.28653615
2011-03-01,npgo,1.144674
2011-04-01,npgo,0.72057689
2011-05-01,npgo,1.6721972
2011-06-01,npgo,1.1740216
2011-07-01,npgo,0.58468602
2011-08-01,npgo,0.93085837
2011-09-01,npgo,1.3709189
2011-10-01,npgo,1.0299733
2011-11-01,npgo,0.32285955
2011-12-01,npgo,0.028633063
2012-01-01,npgo,0.66735306
2012-02-01,npgo,0.71751176
2012-03-01,npgo,1.0337626
2012-04-01,npgo,2.0887349
2012-05-01,npgo,1.8115715
2012-06-01,npgo,1.8846989
2012-07-01,npgo,1.6670951
2012-08-01,npgo,1.7534596
2012-09-01,npgo,1.4452805
2012-10-01,npgo,1.6405678
2012-11-01,npgo,1.2700175
2012-12-01,npgo,1.092898
2013-01-01,npgo,1.1478873
2013-02-01,npgo,1.1105479
2013-03-01,npgo,0.69234387
2013-04-01,npgo,0.58927237
2013-05-01,npgo,1.0119288
2013-06-01,npgo,0.69223158
2013-07-01,npgo,0.34243772
2013-08-01,npgo,0.7568359
2013-09-01,npgo,0.35437524
2013-10-01,npgo,-0.20542065
2013-11-01,npgo,-0.77142655
2013-12-01,npgo,-1.3621541
2014-01-01,npgo,-0.5781714
2014-02-01,npgo,-0.23148509
2014-03-01,npgo,-0.38443438
2014-04-01,npgo,-0.25205794
2014-05-01,npgo,0.30978659
2014-06-01,npgo,-0.42835389
2014-07-01,npgo,-0.11190958
2014-08-01,npgo,-0.51548277
2014-09-01,npgo,-0.87547776
2014-10-01,npgo,0.45931005
2014-11-01,npgo,0.47604654
2014-12-01,npgo,-0.22476687
2015-01-01,npgo,-0.77618598
2015-02-01,npgo,-1.316767
2015-03-01,npgo,-1.2846833
2015-04-01,npgo,-1.2025166
2015-05-01,npgo,-0.74425653
2015-06-01,npgo,-1.2668086
2015-07-01,npgo,-1.2707526
2015-08-01,npgo,-1.9270325
2015-09-01,npgo,-2.2652884
2015-10-01,npgo,-1.237924
2015-11-01,npgo,-2.1427764
2015-12-01,npgo,-1.1337529
2016-01-01,npgo,0.94929233
2016-02-01,npgo,0.26207514
2016-03-01,npgo,0.62264395
2016-04-01,npgo,-0.24689996
2016-05-01,npgo,-0.71543877
2016-06-01,npgo,-1.0154314
2016-07-01,npgo,-0.49516185
2016-08-01,npgo,-0.85995265
2016-09-01,npgo,-0.73497508
2016-10-01,npgo,0.67635296
2016-11-01,npgo,1.2893929
2016-12-01,npgo,-1.655726
2017-01-01,npgo,-0.18399303
2017-02-01,npgo,-0.6027385
2017-03-01,npgo,-0.84992245
2017-04-01,npgo,-0.075803924
2017-05-01,npgo,-0.43783743
2017-06-01,npgo,-0.33535312
2017-07-01,npgo,-0.53892298
2017-08-01,npgo,-0.60820603
2017-09-01,npgo,-0.49108368
2017-10-01,npgo,-1.3644931
2017-11-01,npgo,-2.077168
2017-12-01,npgo,-2.7440743
2018-01-01,npgo,-1.4729096
2018-02-01,npgo,-2.2509161
2018-03-01,npgo,-2.0866305
2018-04-01,npgo,-2.0168469
2018-05-01,npgo,-1.9413912
2018-06-01,npgo,-2.0413892
2018-07-01,npgo,-1.8261448
2018-08-01,npgo,-2.2831992
2018-09-01,npgo,-2.3479941
2018-10-01,npgo,-2.3580506
2018-11-01,npgo,-1.8222515
2018-12-01,npgo,-1.1237963
2019-01-01,npgo,-0.88833723
2019-02-01,npgo,-2.6050071
2019-03-01,npgo,-1.9816123
2019-04-01,npgo,-2.0675167
2019-05-01,npgo,-1.8017818
2019-06-01,npgo,-2.3883762
2019-07-01,npgo,-2.2281263
2019-08-01,npgo,-2.1773871
2019-09-01,npgo,-2.5526577
2019-10-01,npgo,-2.602176
2019-11-01,npgo,-3.4234464
2019-12-01,npgo,-2.6324104
2020-01-01,npgo,-1.5613362
2020-02-01,npgo,-2.3690688
2020-03-01,npgo,-1.9382037
2020-04-01,npgo,-1.9867511
2020-05-01,npgo,-1.522598
2020-06-01,npgo,-1.9432026
2020-07-01,npgo,-2.1242406
2020-08-01,npgo,-1.4627552
2020-09-01,npgo,-1.2785058
2020-10-01,npgo,-1.8493628
2020-11-01,npgo,-2.6590678
2020-12-01,npgo,-1.4198115
2021-01-01,npgo,-0.64163651
2021-02-01,npgo,-1.1312463
2021-03-01,npgo,-0.84696472
2021-04-01,npgo,-1.8547485
2021-05-01,npgo,-0.82445222
2021-06-01,npgo,-0.5793176
2021-07-01,npgo,-0.77473195
2021-08-01,npgo,-1.060829
2021-09-01,npgo,-0.69488808
2021-10-01,npgo,-0.087678211
2021-11-01,npgo,-0.36651041
2021-12-01,npgo,-2.0884259
2022-01-01,npgo,-1.4146332
2022-02-01,npgo,-2.0935935
2022-03-01,npgo,-1.1043521
2022-04-01,npgo,-0.6396414
2022-05-01,npgo,-0.40818601
2022-06-01,npgo,-0.67156258
2022-07-01,npgo,-0.48221097
2022-08-01,npgo,-0.64757709
2022-09-01,npgo,-1.1218681
2022-10-01,npgo,-1.8804719
2022-11-01,npgo,-2.1190861
2022-12-01,npgo,-2.5625015
2023-01-01,npgo,-1.3641532
2023-02-01,npgo,-1.9926584
2023-03-01,npgo,-2.6344596
2023-04-01,npgo,-1.9308798
2023-05-01,npgo,-1.4580538
2023-06-01,npgo,-1.5282053
2023-07-01,npgo,-1.7348658
2023-08-01,npgo,-1.7149743
2023-09-01,npgo,-1.6679825
2023-10-01,npgo,-0.89322361
2023-11-01,npgo,-1.674631
2023-12-01,npgo,-1.576179
2024-01-01,npgo,-1.6259425
2024-02-01,npgo,-1.6307937
2024-03-01,npgo,-1.9517217
2024-04-01,npgo,-2.5130327
2024-05-01,npgo,-2.2467606
2024-06-01,npgo,-1.6263275
2024-07-01,npgo,-1.7079311
2024-08-01,npgo,-2.0275378
2024-09-01,npgo,-2.1046956
2024-10-01,npgo,-2.1007611
2024-11-01,npgo,-2.1165622
2024-12-01,npgo,-1.5821271
2025-01-01,npgo,-2.4029385
2025-02-01,npgo,-2.281202
2025-03-01,npgo,-1.2883323
2025-04-01,npgo,-1.5987002
2025-05-01,npgo,-0.97358585
2025-06-01,npgo,-1.5799859
2025-07-01,npgo,-1.1861329
2025-08-01,npgo,-1.3838712
2025-09-01,npgo,-1.6399073
2025-10-01,npgo,-1.9864483
2025-11-01,npgo,-1.4944423
2025-12-01,npgo,-2.4749161
2026-01-01,npgo,-2.3626746
2026-02-01,npgo,-2.2342624
2026-03-01,npgo,-2.8598626
2026-04-01,npgo,-2.4922066
2026-05-01,npgo,-1.7646013
2026-06-01,npgo,-1.8533964
2026-07-01,npgo,-1.6066664
2026-08-01,npgo,-1.8495699
2026-09-01,npgo,-2.5305502
1990-01-01,nao,1.04
1990-02-01,nao,1.41
1990-03-01,nao,1.46
1990-04-01,nao,2
1990-05-01,nao,-1.53
1990-06-01,nao,-0.02
1990-07-01,nao,0.53
1990-08-01,nao,0.97
1990-09-01,nao,1.06
1990-10-01,nao,0.23
1990-11-01,nao,-0.24
1990-12-01,nao,0.22
1991-01-01,nao,0.86
1991-02-01,nao,1.04
1991-03-01,nao,-0.2
1991-04-01,nao,0.29
1991-05-01,nao,0.08
1991-06-01,nao,-0.82
1991-07-01,nao,-0.49
1991-08-01,nao,1.23
1991-09-01,nao,0.48
1991-10-01,nao,-0.19
1991-11-01,nao,0.48
1991-12-01,nao,0.46
1992-01-01,nao,-0.13
1992-02-01,nao,1.07
1992-03-01,nao,0.87
1992-04-01,nao,1.86
1992-05-01,nao,2.63
1992-06-01,nao,0.2
1992-07-01,nao,0.16
1992-08-01,nao,0.85
1992-09-01,nao,-0.44
1992-10-01,nao,-1.76
1992-11-01,nao,1.19
1992-12-01,nao,0.47
1993-01-01,nao,1.6
1993-02-01,nao,0.5
1993-03-01,nao,0.67
1993-04-01,nao,0.97
1993-05-01,nao,-0.78
1993-06-01,nao,-0.59
1993-07-01,nao,-3.18
1993-08-01,nao,0.12
1993-09-01,nao,-0.57
1993-10-01,nao,-0.71
1993-11-01,nao,2.56
1993-12-01,nao,1.56
1994-01-01,nao,1.04
1994-02-01,nao,0.46
1994-03-01,nao,1.26
1994-04-01,nao,1.14
1994-05-01,nao,-0.57
1994-06-01,nao,1.52
1994-07-01,nao,1.31
1994-08-01,nao,0.38
1994-09-01,nao,-1.32
1994-10-01,nao,-0.97
1994-11-01,nao,0.64
1994-12-01,nao,2.02
1995-01-01,nao,0.93
1995-02-01,nao,1.14
1995-03-01,nao,1.25
1995-04-01,nao,-0.85
1995-05-01,nao,-1.49
1995-06-01,nao,0.13
1995-07-01,nao,-0.22
1995-08-01,nao,0.69
1995-09-01,nao,0.31
1995-10-01,nao,0.19
1995-11-01,nao,-1.38
1995-12-01,nao,-1.67
1996-01-01,nao,-0.12
1996-02-01,nao,-0.07
1996-03-01,nao,-0.24
1996-04-01,nao,-0.17
1996-05-01,nao,-1.06
1996-06-01,nao,0.56
1996-07-01,nao,0.67
1996-08-01,nao,1.02
1996-09-01,nao,-0.86
1996-10-01,nao,-0.33
1996-11-01,nao,-0.56
1996-12-01,nao,-1.41
1997-01-01,nao,-0.49
1997-02-01,nao,1.7
1997-03-01,nao,1.46
1997-04-01,nao,-1.02
1997-05-01,nao,-0.28
1997-06-01,nao,-1.47
1997-07-01,nao,0.34
1997-08-01,nao,0.83
1997-09-01,nao,0.61
1997-10-01,nao,-1.7
1997-11-01,nao,-0.9
1997-12-01,nao,-0.96
1998-01-01,nao,0.39
1998-02-01,nao,-0.11
1998-03-01,nao,0.87
1998-04-01,nao,-0.68
1998-05-01,nao,-1.32
1998-06-01,nao,-2.72
1998-07-01,nao,-0.48
1998-08-01,nao,-0.02
1998-09-01,nao,-2
1998-10-01,nao,-0.29
1998-11-01,nao,-0.28
1998-12-01,nao,0.87
1999-01-01,nao,0.77
1999-02-01,nao,0.29
1999-03-01,nao,0.23
1999-04-01,nao,-0.95
1999-05-01,nao,0.92
1999-06-01,nao,1.12
1999-07-01,nao,-0.9
1999-08-01,nao,0.39
1999-09-01,nao,0.36
1999-10-01,nao,0.2
1999-11-01,nao,0.65
1999-12-01,nao,1.61
2000-01-01,nao,0.6
2000-02-01,nao,1.7
2000-03-01,nao,0.77
2000-04-01,nao,-0.03
2000-05-01,nao,1.58
2000-06-01,nao,-0.03
2000-07-01,nao,-1.03
2000-08-01,nao,-0.29
2000-09-01,nao,-0.21
2000-10-01,nao,0.92
2000-11-01,nao,-0.92
2000-12-01,nao,-0.58
2001-01-01,nao,0.25
2001-02-01,nao,0.45
2001-03-01,nao,-1.26
2001-04-01,nao,0
2001-05-01,nao,-0.02
2001-06-01,nao,-0.2
2001-07-01,nao,-0.25
2001-08-01,nao,-0.07
2001-09-01,nao,-0.65
2001-10-01,nao,-0.24
2001-11-01,nao,0.63
2001-12-01,nao,-0.83
2002-01-01,nao,0.44
2002-02-01,nao,1.1
2002-03-01,nao,0.69
2002-04-01,nao,1.18
2002-05-01,nao,-0.22
2002-06-01,nao,0.38
2002-07-01,nao,0.62
2002-08-01,nao,0.38
2002-09-01,nao,-0.7
2002-10-01,nao,-2.28
2002-11-01,nao,-0.18
2002-12-01,nao,-0.94
2003-01-01,nao,0.16
2003-02-01,nao,0.62
2003-03-01,nao,0.32
2003-04-01,nao,-0.18
2003-05-01,nao,0.01
2003-06-01,nao,-0.07
2003-07-01,nao,0.13
2003-08-01,nao,-0.07
2003-09-01,nao,0.01
2003-10-01,nao,-1.26
2003-11-01,nao,0.86
2003-12-01,nao,0.64
2004-01-01,nao,-0.29
2004-02-01,nao,-0.14
2004-03-01,nao,1.02
2004-04-01,nao,1.15
2004-05-01,nao,0.19
2004-06-01,nao,-0.89
2004-07-01,nao,1.13
2004-08-01,nao,-0.48
2004-09-01,nao,0.38
2004-10-01,nao,-1.1
2004-11-01,nao,0.73
2004-12-01,nao,1.21
2005-01-01,nao,1.52
2005-02-01,nao,-0.06
2005-03-01,nao,-1.83
2005-04-01,nao,-0.3
2005-05-01,nao,-1.25
2005-06-01,nao,-0.05
2005-07-01,nao,-0.51
2005-08-01,nao,0.37
2005-09-01,nao,0.63
2005-10-01,nao,-0.98
2005-11-01,nao,-0.31
2005-12-01,nao,-0.44
2006-01-01,nao,1.27
2006-02-01,nao,-0.51
2006-03-01,nao,-1.28
2006-04-01,nao,1.24
2006-05-01,nao,-1.14
2006-06-01,nao,0.84
2006-07-01,nao,0.9
2006-08-01,nao,-1.73
2006-09-01,nao,-1.62
2006-10-01,nao,-2.24
2006-11-01,nao,0.44
2006-12-01,nao,1.34
2007-01-01,nao,0.22
2007-02-01,nao,-0.47
2007-03-01,nao,1.44
2007-04-01,nao,0.17
2007-05-01,nao,0.66
2007-06-01,nao,-1.31
2007-07-01,nao,-0.58
2007-08-01,nao,-0.14
2007-09-01,nao,0.72
2007-10-01,nao,0.45
2007-11-01,nao,0.58
2007-12-01,nao,0.34
2008-01-01,nao,0.89
2008-02-01,nao,0.73
2008-03-01,nao,0.08
2008-04-01,nao,-1.07
2008-05-01,nao,-1.73
2008-06-01,nao,-1.39
2008-07-01,nao,-1.27
2008-08-01,nao,-1.16
2008-09-01,nao,1.02
2008-10-01,nao,-0.04
2008-11-01,nao,-0.32
2008-12-01,nao,-0.28
2009-01-01,nao,-0.01
2009-02-01,nao,0.06
2009-03-01,nao,0.57
2009-04-01,nao,-0.2
2009-05-01,nao,1.68
2009-06-01,nao,-1.21
2009-07-01,nao,-2.15
2009-08-01,nao,-0.19
2009-09-01,nao,1.51
2009-10-01,nao,-1.03
2009-11-01,nao,-0.02
2009-12-01,nao,-1.93
2010-01-01,nao,-1.11
2010-02-01,nao,-1.98
2010-03-01,nao,-0.88
2010-04-01,nao,-0.72
2010-05-01,nao,-1.49
2010-06-01,nao,-0.82
2010-07-01,nao,-0.42
2010-08-01,nao,-1.22
2010-09-01,nao,-0.79
2010-10-01,nao,-0.93
2010-11-01,nao,-1.62
2010-12-01,nao,-1.85
2011-01-01,nao,-0.88
2011-02-01,nao,0.7
2011-03-01,nao,0.61
2011-04-01,nao,2.48
2011-05-01,nao,-0.06
2011-06-01,nao,-1.28
2011-07-01,nao,-1.51
2011-08-01,nao,-1.35
2011-09-01,nao,0.54
2011-10-01,nao,0.39
2011-11-01,nao,1.36
2011-12-01,nao,2.52
2012-01-01,nao,1.17
2012-02-01,nao,0.42
2012-03-01,nao,1.27
2012-04-01,nao,0.47
2012-05-01,nao,-0.91
2012-06-01,nao,-2.53
2012-07-01,nao,-1.32
2012-08-01,nao,-0.98
2012-09-01,nao,-0.59
2012-10-01,nao,-2.06
2012-11-01,nao,-0.58
2012-12-01,nao,0.17
2013-01-01,nao,0.35
2013-02-01,nao,-0.45
2013-03-01,nao,-1.61
2013-04-01,nao,0.69
2013-05-01,nao,0.57
2013-06-01,nao,0.52
2013-07-01,nao,0.67
2013-08-01,nao,0.97
2013-09-01,nao,0.24
2013-10-01,nao,-1.28
2013-11-01,nao,0.9
2013-12-01,nao,0.95
2014-01-01,nao,0.29
2014-02-01,nao,1.34
2014-03-01,nao,0.8
2014-04-01,nao,0.31
2014-05-01,nao,-0.92
2014-06-01,nao,-0.97
2014-07-01,nao,0.18
2014-08-01,nao,-1.68
2014-09-01,nao,1.62
2014-10-01,nao,-1.27
2014-11-01,nao,0.68
2014-12-01,nao,1.86
2015-01-01,nao,1.79
2015-02-01,nao,1.32
2015-03-01,nao,1.45
2015-04-01,nao,0.73
2015-05-01,nao,0.15
2015-06-01,nao,-0.07
2015-07-01,nao,-3.18
2015-08-01,nao,-0.76
2015-09-01,nao,-0.65
2015-10-01,nao,0.44
2015-11-01,nao,1.74
2015-12-01,nao,2.24
2016-01-01,nao,0.12
2016-02-01,nao,1.58
2016-03-01,nao,0.73
2016-04-01,nao,0.38
2016-05-01,nao,-0.77
2016-06-01,nao,-0.43
2016-07-01,nao,-1.76
2016-08-01,nao,-1.65
2016-09-01,nao,0.61
2016-10-01,nao,0.41
2016-11-01,nao,-0.16
2016-12-01,nao,0.48
2017-01-01,nao,0.48
2017-02-01,nao,1
2017-03-01,nao,0.74
2017-04-01,nao,1.73
2017-05-01,nao,-1.91
2017-06-01,nao,0.05
2017-07-01,nao,1.26
2017-08-01,nao,-1.1
2017-09-01,nao,-0.61
2017-10-01,nao,0.19
2017-11-01,nao,-0
2017-12-01,nao,0.88
2018-01-01,nao,1.44
2018-02-01,nao,1.58
2018-03-01,nao,-0.93
2018-04-01,nao,1.24
2018-05-01,nao,2.12
2018-06-01,nao,1.09
2018-07-01,nao,1.39
2018-08-01,nao,1.97
2018-09-01,nao,1.67
2018-10-01,nao,0.93
2018-11-01,nao,-0.11
2018-12-01,nao,0.61
2019-01-01,nao,0.59
2019-02-01,nao,0.29
2019-03-01,nao,1.23
2019-04-01,nao,0.47
2019-05-01,nao,-2.62
2019-06-01,nao,-1.09
2019-07-01,nao,-1.43
2019-08-01,nao,-1.17
2019-09-01,nao,-0.16
2019-10-01,nao,-1.41
2019-11-01,nao,0.28
2019-12-01,nao,1.2
2020-01-01,nao,1.34
2020-02-01,nao,1.26
2020-03-01,nao,1.01
2020-04-01,nao,-1.02
2020-05-01,nao,-0.41
2020-06-01,nao,-0.15
2020-07-01,nao,-1.23
2020-08-01,nao,0.12
2020-09-01,nao,0.98
2020-10-01,nao,-0.65
2020-11-01,nao,2.54
2020-12-01,nao,-0.3
2021-01-01,nao,-1.11
2021-02-01,nao,0.14
2021-03-01,nao,0.73
2021-04-01,nao,-1.43
2021-05-01,nao,-1.24
2021-06-01,nao,0.77
2021-07-01,nao,0.03
2021-08-01,nao,-0.28
2021-09-01,nao,-0.21
2021-10-01,nao,-2.29
2021-11-01,nao,-0.18
2021-12-01,nao,0.29
2022-01-01,nao,1.08
2022-02-01,nao,1.68
2022-03-01,nao,0.77
2022-04-01,nao,-0.36
2022-05-01,nao,0.71
2022-06-01,nao,-0.12
2022-07-01,nao,-0.09
2022-08-01,nao,1.47
2022-09-01,nao,-1.61
2022-10-01,nao,-0.72
2022-11-01,nao,0.69
2022-12-01,nao,-0.15
2023-01-01,nao,1.25
2023-02-01,nao,0.92
2023-03-01,nao,-1.11
2023-04-01,nao,-0.63
2023-05-01,nao,0.39
2023-06-01,nao,-0.58
2023-07-01,nao,-2.17
2023-08-01,nao,-1.16
2023-09-01,nao,-0.44
2023-10-01,nao,-2.03
2023-11-01,nao,-0.32
2023-12-01,nao,1.94
2024-01-01,nao,0.21
2024-02-01,nao,1.09
2024-03-01,nao,-0.21
2024-04-01,nao,-0.78
2024-05-01,nao,-0.44
2024-06-01,nao,-0.09
2024-07-01,nao,1.46
2024-08-01,nao,0.63
2024-09-01,nao,-1.43
2024-10-01,nao,-0.38
2024-11-01,nao,-0.23
2024-12-01,nao,1.21
2025-01-01,nao,-0.52
2025-02-01,nao,1.6
2025-03-01,nao,0.3
2025-04-01,nao,0.18
2025-05-01,nao,0.49
2025-06-01,nao,0.7
2025-07-01,nao,0.48
2025-08-01,nao,0.26
2025-09-01,nao,-0.8
2025-10-01,nao,-0.96
2025-11-01,nao,-0.78
2025-12-01,nao,-0.65
2026-01-01,nao,-0.36
2026-02-01,nao,0.68
2026-03-01,nao,2.69
2026-04-01,nao,1.39
2026-05-01,nao,-0.74
2026-06-01,nao,0.1
2026-07-01,nao,-0.31
2026-08-01,nao,-1.92
1990-01-01,amo,-0.2552138466358571
1990-02-01,amo,-0.15556102645243264
1990-03-01,amo,-0.11587460822224288
1990-04-01,amo,-0.07622178803881843
1990-05-01,amo,-0.09655776850647223
1990-06-01,amo,-0.12690494832304777
1990-07-01,amo,-0.12724092879070154
1990-08-01,amo,0.0024118913927228536
1990-09-01,amo,0.15206471157614732
1990-10-01,amo,0.15172873110849353
1990-11-01,amo,-0.04861844870808202
1990-12-01,amo,-0.09895442917573584
1991-01-01,amo,-0.16930160899231142
1991-02-01,amo,-0.13964878880888698
1991-03-01,amo,-0.1699623705786972
1991-04-01,amo,-0.23030955039527273
1991-05-01,amo,-0.3006455308629266
1991-06-01,amo,-0.2409927106795021
1991-07-01,amo,-0.27132869114715596
1991-08-01,amo,-0.20167587096373146
1991-09-01,amo,-0.12202305078030706
1991-10-01,amo,-0.31235903124796083
1991-11-01,amo,-0.32270621106453645
1991-12-01,amo,-0.24304219153219017
1992-01-01,amo,-0.19338937134876574
1992-02-01,amo,-0.14373655116534131
1992-03-01,amo,-0.1840613322840733
1992-04-01,amo,-0.2644085121006489
1992-05-01,amo,-0.36474449256830266
1992-06-01,amo,-0.2850916723848783
1992-07-01,amo,-0.42542765285253203
1992-08-01,amo,-0.5657748326691077
1992-09-01,amo,-0.5161220124856832
1992-10-01,amo,-0.44645799295333694
1992-11-01,amo,-0.46680517276991257
1992-12-01,amo,-0.28714115323756634
1993-01-01,amo,-0.18748833305414186
1993-02-01,amo,-0.22783551287071743
1993-03-01,amo,-0.3481490946405277
1993-04-01,amo,-0.22849627445710322
1993-05-01,amo,-0.26883225492475704
1993-06-01,amo,-0.3791794347413326
1993-07-01,amo,-0.5095154152089865
1993-08-01,amo,-0.329862595025562
1993-09-01,amo,-0.28020977484213755
1993-10-01,amo,-0.3505457553097913
1993-11-01,amo,-0.3608929351263669
1993-12-01,amo,-0.3412289155940207
1994-01-01,amo,-0.39157609541059624
1994-02-01,amo,-0.4119232752271718
1994-03-01,amo,-0.362236856996982
1994-04-01,amo,-0.2225840368135575
1994-05-01,amo,-0.3129200172812114
1994-06-01,amo,-0.32326719709778695
1994-07-01,amo,-0.36360317756544075
1994-08-01,amo,-0.41395035738201624
1994-09-01,amo,-0.3742975371985918
1994-10-01,amo,-0.1546335176662456
1994-11-01,amo,-0.014980697482821187
1994-12-01,amo,-0.06531667795047497
1995-01-01,amo,-0.005663857767050529
1995-02-01,amo,-0.02601103758362608
1995-03-01,amo,0.003675380646563725
1995-04-01,amo,0.07332820082998809
1995-05-01,amo,0.20299222036233433
1995-06-01,amo,0.2526450405457587
1995-07-01,amo,0.25230906007810494
1995-08-01,amo,0.1919618802615294
1995-09-01,amo,-0.00838529955504616
1995-10-01,amo,0.08127871997730007
1995-11-01,amo,0.07093154016072448
1995-12-01,amo,-0.009404440306929274
1996-01-01,amo,-0.06975162012350489
1996-02-01,amo,-0.14009879994008045
1996-03-01,amo,-0.24042358105881242
1996-04-01,amo,-0.09077076087538803
1996-05-01,amo,-0.20110674134304177
1996-06-01,amo,-0.23145392115961738
1996-07-01,amo,-0.28178990162727113
1996-08-01,amo,-0.11213708144384674
1996-09-01,amo,-0.10248426126042229
1996-10-01,amo,-0.23282024172807608
1996-11-01,amo,-0.24316742154465162
1996-12-01,amo,-0.23350340201230543
1997-01-01,amo,-0.07385058182888099
1997-02-01,amo,-0.004197761645456571
1997-03-01,amo,-0.024511343415266784
1997-04-01,amo,-0.08485852323184234
1997-05-01,amo,-0.0751945036994961
1997-06-01,amo,-0.15554168351607173
1997-07-01,amo,-0.025877663983725485
1997-08-01,amo,-0.07622484380030103
1997-09-01,amo,0.023427976383123383
1997-10-01,amo,0.15309199591546957
1997-11-01,amo,0.022744816098894033
1997-12-01,amo,0.032408835631240196
1998-01-01,amo,0.09206165581466463
1998-02-01,amo,0.1717144759980891
1998-03-01,amo,0.16140089422827888
1998-04-01,amo,0.1510537144117033
1998-05-01,amo,0.22071773394404953
1998-06-01,amo,0.44037055412747395
1998-07-01,amo,0.3600345736598201
1998-08-01,amo,0.48968739384324456
1998-09-01,amo,0.23934021402666902
1998-10-01,amo,0.2690042335590152
1998-11-01,amo,0.2786570537424396
1998-12-01,amo,0.2583210732747858
1999-01-01,amo,0.01797389345821035
1999-02-01,amo,-0.03237328635836523
1999-03-01,amo,-0.03268686812817542
1999-04-01,amo,0.07696595205524895
1999-05-01,amo,0.23662997158759522
1999-06-01,amo,0.19628279177101957
1999-07-01,amo,0.15594681130336582
1999-08-01,amo,0.3055996314867902
1999-09-01,amo,0.23525245167021472
1999-10-01,amo,0.03491647120256092
1999-11-01,amo,-0.09543070861401465
1999-12-01,amo,0.03423331091833154
2000-01-01,amo,-0.10611386889824402
2000-02-01,amo,-0.04646104871481957
2000-03-01,amo,0.14321417016644838
2000-04-01,amo,0.032866990349872865
2000-05-01,amo,0.10253100988221908
2000-06-01,amo,-0.07781616993435647
2000-07-01,amo,-0.018152150402010264
2000-08-01,amo,0.0015006697814141656
2000-09-01,amo,0.03115348996483855
2000-10-01,amo,-0.019182490502815175
2000-11-01,amo,0.010470329680609264
2000-12-01,amo,-0.14986565078704456
2001-01-01,amo,-0.1402128306036201
2001-02-01,amo,0.009439989579804325
2001-03-01,amo,0.029126407809994093
2001-04-01,amo,-0.07122077200658147
2001-05-01,amo,-0.06155675247423523
2001-06-01,amo,0.09809606770918916
2001-07-01,amo,0.07776008724153538
2001-08-01,amo,0.22741290742495981
2001-09-01,amo,0.29706572760838423
2001-10-01,amo,0.24672974714073045
2001-11-01,amo,0.1763825673241549
2001-12-01,amo,0.2860465868565011
2002-01-01,amo,0.3556994070399254
2002-02-01,amo,0.21535222722334996
2002-03-01,amo,0.20503864545353978
2002-04-01,amo,0.07469146563696416
2002-05-01,amo,-0.13564451483068957
2002-06-01,amo,-0.21599169464726517
2002-07-01,amo,-0.2463276751149189
2002-08-01,amo,-0.0066748549314945005
2002-09-01,amo,0.03297796525192992
2002-10-01,amo,0.12264198478427607
2002-11-01,amo,0.08229480496770053
2002-12-01,amo,-0.018041175499953183
2003-01-01,amo,0.021611644683471182
2003-02-01,amo,-0.03873553513310435
2003-03-01,amo,0.08095088309708542
2003-04-01,amo,-0.009396296719490105
2003-05-01,amo,0.040267722812856066
2003-06-01,amo,0.029920542996280497
2003-07-01,amo,0.18958456252862668
2003-08-01,amo,0.3892373827120511
2003-09-01,amo,0.4288902028954756
2003-10-01,amo,0.5585542224278217
2003-11-01,amo,0.2782070426112462
2003-12-01,amo,0.29787106214359244
2004-01-01,amo,0.27752388232701686
2004-02-01,amo,0.2271767025104413
2004-03-01,amo,0.1568519213917093
2004-04-01,amo,0.1265047415751337
2004-05-01,amo,-0.06383123889252001
2004-06-01,amo,0.06582158129090437
2004-07-01,amo,0.13548560082325056
2004-08-01,amo,0.22513842100667505
2004-09-01,amo,0.20479124119009942
2004-10-01,amo,0.32445526072244574
2004-11-01,amo,0.2841080809058701
2004-12-01,amo,0.2737721004382163
2005-01-01,amo,0.2434249206216407
2005-02-01,amo,0.07307774080506516
2005-03-01,amo,0.23276415903525494
2005-04-01,amo,0.37241697921867933
2005-05-01,amo,0.3020809987510256
2005-06-01,amo,0.35173381893445
2005-07-01,amo,0.5013978384667962
2005-08-01,amo,0.5010506586502206
2005-09-01,amo,0.49070347883364507
2005-10-01,amo,0.39036749836599127
2005-11-01,amo,0.2800203185494157
2005-12-01,amo,0.26968433808176195
2006-01-01,amo,0.2393371582651864
2006-02-01,amo,0.1089899784486108
2006-03-01,amo,0.028676396678800647
2006-04-01,amo,0.2183292168622251
2006-05-01,amo,0.27799323639457124
2006-06-01,amo,0.34764605657799563
2006-07-01,amo,0.3873100761103419
2006-08-01,amo,0.4469628962937663
2006-09-01,amo,0.3866157164771908
2006-10-01,amo,0.426279736009537
2006-11-01,amo,0.41593255619296143
2006-12-01,amo,0.25559657572530764
2007-01-01,amo,0.355249395908732
2007-02-01,amo,0.2749022160921565
2007-03-01,amo,0.17458863432234628
2007-04-01,amo,0.14424145450577078
2007-05-01,amo,0.10390547403811692
2007-06-01,amo,0.03355829422154141
2007-07-01,amo,0.013222313753887605
2007-08-01,amo,-0.05712486606268796
2007-09-01,amo,0.14252795412073643
2007-10-01,amo,0.3121919736530827
2007-11-01,amo,0.2918447938365071
2007-12-01,amo,0.20150881336885335
2008-01-01,amo,0.1811616335522777
2008-02-01,amo,0.2708144537357022
2008-03-01,amo,0.24048967261697018
2008-04-01,amo,0.050142492800394595
2008-05-01,amo,0.18980651233274082
2008-06-01,amo,0.33945933251616517
2008-07-01,amo,0.25912335204851145
2008-08-01,amo,0.23877617223193587
2008-09-01,amo,0.2284289924153603
2008-10-01,amo,0.2480930119477065
2008-11-01,amo,0.14774583213113102
2008-12-01,amo,0.07740985166347719
2009-01-01,amo,-0.012937328153098393
2009-02-01,amo,-0.25328450796967394
2009-03-01,amo,-0.22359808973948417
2009-04-01,amo,-0.16394526955605973
2009-05-01,amo,-0.1442812500237135
2009-06-01,amo,0.10537157015971088
2009-07-01,amo,0.2050355896920571
2009-08-01,amo,0.1446884098754816
2009-09-01,amo,0.104341230058906
2009-10-01,amo,0.3040052495912523
2009-11-01,amo,0.20365806977467665
2009-12-01,amo,0.23332208930702286
2010-01-01,amo,0.13297490949044727
2010-02-01,amo,0.1726277296738717
2010-03-01,amo,0.26231414790406155
2010-04-01,amo,0.44196696808748587
2010-05-01,amo,0.49163098761983215
2010-06-01,amo,0.6212838078032565
2010-07-01,amo,0.5709478273356027
2010-08-01,amo,0.6506006475190271
2010-09-01,amo,0.4102534677024517
2010-10-01,amo,0.3399174872347978
2010-11-01,amo,0.3695703074182223
2010-12-01,amo,0.16923432695056845
2011-01-01,amo,0.15888714713399293
2011-02-01,amo,0.09853996731741732
2011-03-01,amo,0.038226385547607156
2011-04-01,amo,0.13787920573103163
2011-05-01,amo,0.14754322526337776
2011-06-01,amo,0.23719604544680223
2011-07-01,amo,0.11686006497914847
2011-08-01,amo,0.17651288516257285
2011-09-01,amo,0.16616570534599728
2011-10-01,amo,0.22582972487834352
2011-11-01,amo,0.06548254506176804
2011-12-01,amo,0.06514656459411416
2012-01-01,amo,0.11479938477753865
2012-02-01,amo,0.07445220496096305
2012-03-01,amo,0.10412742384223106
2012-04-01,amo,0.14378024402565542
2012-05-01,amo,0.20344426355800166
2012-06-01,amo,0.31309708374142603
2012-07-01,amo,0.3727611032737723
2012-08-01,amo,0.47241392345719674
2012-09-01,amo,0.5420667436406212
2012-10-01,amo,0.4917307631729674
2012-11-01,amo,0.2913835833563919
2012-12-01,amo,0.2810476028887381
2013-01-01,amo,0.2707004230721625
2013-02-01,amo,0.17035324325558693
2013-03-01,amo,0.1700396614857767
2013-04-01,amo,0.09969248166920114
2013-05-01,amo,0.09935650120154738
2013-06-01,amo,0.05900932138497178
2013-07-01,amo,0.25867334091731803
2013-08-01,amo,0.2283261611007424
2013-09-01,amo,0.33797898128416687
2013-10-01,amo,0.5076430008165131
2013-11-01,amo,0.29729582099993745
2013-12-01,amo,0.12695984053228382
2014-01-01,amo,0.056612660715708196
2014-02-01,amo,-0.0037345191008674172
2014-03-01,amo,-0.07404810087067759
2014-04-01,amo,-0.07439528068725315
2014-05-01,amo,-0.07473126115490691
2014-06-01,amo,0.01492155902851744
2014-07-01,amo,0.20458557856086368
2014-08-01,amo,0.314238398744288
2014-09-01,amo,0.3238912189277125
2014-10-01,amo,0.4435552384600587
2014-11-01,amo,0.2232080586434832
2014-12-01,amo,0.21287207817582937
2015-01-01,amo,0.1325248983592538
2015-02-01,amo,0.03217771854267826
2015-03-01,amo,-0.0181358632271319
2015-04-01,amo,0.011516956956292457
2015-05-01,amo,0.1311809764886387
2015-06-01,amo,0.12083379667206318
2015-07-01,amo,0.11049781620440935
2015-08-01,amo,0.2001506363878337
2015-09-01,amo,0.4298034565712581
2015-10-01,amo,0.43946747610360437
2015-11-01,amo,0.3491202962870288
2015-12-01,amo,0.318784315819375
2016-01-01,amo,0.4384371360027994
2016-02-01,amo,0.3580899561862239
2016-03-01,amo,0.32776517506749187
2016-04-01,amo,0.24741799525091634
2016-05-01,amo,0.3470820147832625
2016-06-01,amo,0.37673483496668697
2016-07-01,amo,0.3963988544990332
2016-08-01,amo,0.4960516746824576
2016-09-01,amo,0.49570449486588214
2016-10-01,amo,0.48536851439822826
2016-11-01,amo,0.47502133458165274
2016-12-01,amo,0.43468535411399895
2017-01-01,amo,0.45433817429742335
2017-02-01,amo,0.4039909944808477
2017-03-01,amo,0.2836774127110375
2017-04-01,amo,0.40333023289446196
2017-05-01,amo,0.33299425242680825
2017-06-01,amo,0.3826470726102327
2017-07-01,amo,0.46231109214257887
2017-08-01,amo,0.46196391232600326
2017-09-01,amo,0.48161673250942777
2017-10-01,amo,0.591280752041774
2017-11-01,amo,0.6209335722251984
2017-12-01,amo,0.5905975917575446
2018-01-01,amo,0.3902504119409691
2018-02-01,amo,0.19990323212439343
2018-03-01,amo,0.12958965035458325
2018-04-01,amo,0.0792424705380077
2018-05-01,amo,0.038906490070353905
2018-06-01,amo,-0.04144068974622167
2018-07-01,amo,0.09822332978612458
2018-08-01,amo,0.247876149969549
2018-09-01,amo,0.3175289701529734
2018-10-01,amo,0.2671929896853197
2018-11-01,amo,0.08684580986874402
2018-12-01,amo,0.08650982940109025
2019-01-01,amo,0.1661626495845147
2019-02-01,amo,0.20581546976793913
2019-03-01,amo,0.16550188799812898
2019-04-01,amo,0.10515470818155337
2019-05-01,amo,0.07481872771389958
2019-06-01,amo,0.28447154789732393
2019-07-01,amo,0.36413556742967024
2019-08-01,amo,0.4437883876130946
2019-09-01,amo,0.393441207796519
2019-10-01,amo,0.3631052273288653
2019-11-01,amo,0.33275804751228966
2019-12-01,amo,0.29242206704463586
2020-01-01,amo,0.4220748872280603
2020-02-01,amo,0.5517277074114847
2020-03-01,amo,0.5314029262927528
2020-04-01,amo,0.5610557464761772
2020-05-01,amo,0.35071976600852345
2020-06-01,amo,0.42037258619194784
2020-07-01,amo,0.540036605724294
2020-08-01,amo,0.5696894259077184
2020-09-01,amo,0.4093422460911429
2020-10-01,amo,0.4390062656234891
2020-11-01,amo,0.35865908580691364
2020-12-01,amo,0.32832310533925974
2021-01-01,amo,0.32797592552268423
2021-02-01,amo,0.2776287457061086
2021-03-01,amo,0.17731516393629848
2021-04-01,amo,0.30696798411972287
2021-05-01,amo,0.2766320036520691
2021-06-01,amo,0.27628482383549346
2021-07-01,amo,0.32594884336783975
2021-08-01,amo,0.3856016635512641
2021-09-01,amo,0.5352544837346885
2021-10-01,amo,0.6549185032670348
2021-11-01,amo,0.6145713234504593
2021-12-01,amo,0.5142353429828054
2022-01-01,amo,0.5338881631662299
2022-02-01,amo,0.48354098334965434
2022-03-01,amo,0.23322740157984423
2022-04-01,amo,0.1528802217632686
2022-05-01,amo,0.33254424129561483
2022-06-01,amo,0.27219706147903916
2022-07-01,amo,0.24186108101138548
2022-08-01,amo,0.5715139011948098
2022-09-01,amo,0.6811667213782342
2022-10-01,amo,0.6208307409105805
2022-11-01,amo,0.5204835610940048
2022-12-01,amo,0.3901475806263511
2023-01-01,amo,0.4498004008097755
2023-02-01,amo,0.4294532209932
2023-03-01,amo,0.5691396392233897
2023-04-01,amo,0.6287924594068142
2023-05-01,amo,0.7584564789391605
2023-06-01,amo,0.9581092991225849
2023-07-01,amo,1.1277733186549312
2023-08-01,amo,1.0474261388383557
2023-09-01,amo,1.11707895902178
2023-10-01,amo,1.0667429785541263
2023-11-01,amo,0.8163957987375504
2023-12-01,amo,0.7060598182698967
2024-01-01,amo,0.7657126384533213
2024-02-01,amo,0.8553654586367456
2024-03-01,amo,0.8750406775180136
2024-04-01,amo,0.824693497701438
2024-05-01,amo,1.0643575172337842
2024-06-01,amo,1.0740103374172087
2024-07-01,amo,1.0036743569495552
2024-08-01,amo,0.9433271771329794
2024-09-01,amo,0.9029799973164038
2024-10-01,amo,0.9326440168487501
2024-11-01,amo,0.8322968370321744
2024-12-01,amo,0.7919608565645208
2025-01-01,amo,0.6616136767479451
2025-02-01,amo,0.5412664969313695
2025-03-01,amo,0.4309529151615593
2025-04-01,amo,0.35060573534498374
2025-05-01,amo,0.4102697548773299
2025-06-01,amo,0.45992257506075446
2025-07-01,amo,0.5595865945931007
2025-08-01,amo,0.509239414776525
2025-09-01,amo,0.43889223495994945
2025-10-01,amo,0.6885562544922957
2025-11-01,amo,0.6382090746757201
2025-12-01,amo,0.4278730942080663
2026-01-01,amo,0.3775259143914907
2026-02-01,amo,0.3071787345749152
2026-03-01,amo,0.296865152805105
2026-04-01,amo,0.31651797298852946
2026-05-01,amo,0.36618199252087563
2026-06-01,amo,0.3558348127043001
2026-07-01,amo,0.6254988322366463
2026-08-01,amo,0.8551516524200706
1990-01-01,natl_sst,-0.08
1990-02-01,natl_sst,0.02
1990-03-01,natl_sst,0.06
1990-04-01,natl_sst,0.1
1990-05-01,natl_sst,0.08
1990-06-01,natl_sst,0.05
1990-07-01,natl_sst,0.05
1990-08-01,natl_sst,0.18
1990-09-01,natl_sst,0.33
1990-10-01,natl_sst,0.33
1990-11-01,natl_sst,0.13
1990-12-01,natl_sst,0.08
1991-01-01,natl_sst,0.01
1991-02-01,natl_sst,0.04
1991-03-01,natl_sst,0.01
1991-04-01,natl_sst,-0.05
1991-05-01,natl_sst,-0.12
1991-06-01,natl_sst,-0.06
1991-07-01,natl_sst,-0.09
1991-08-01,natl_sst,-0.02
1991-09-01,natl_sst,0.06
1991-10-01,natl_sst,-0.13
1991-11-01,natl_sst,-0.14
1991-12-01,natl_sst,-0.06
1992-01-01,natl_sst,-0.01
1992-02-01,natl_sst,0.04
1992-03-01,natl_sst,-0
1992-04-01,natl_sst,-0.08
1992-05-01,natl_sst,-0.18
1992-06-01,natl_sst,-0.1
1992-07-01,natl_sst,-0.24
1992-08-01,natl_sst,-0.38
1992-09-01,natl_sst,-0.33
1992-10-01,natl_sst,-0.26
1992-11-01,natl_sst,-0.28
1992-12-01,natl_sst,-0.1
1993-01-01,natl_sst,0
1993-02-01,natl_sst,-0.04
1993-03-01,natl_sst,-0.16
1993-04-01,natl_sst,-0.04
1993-05-01,natl_sst,-0.08
1993-06-01,natl_sst,-0.19
1993-07-01,natl_sst,-0.32
1993-08-01,natl_sst,-0.14
1993-09-01,natl_sst,-0.09
1993-10-01,natl_sst,-0.16
1993-11-01,natl_sst,-0.17
1993-12-01,natl_sst,-0.15
1994-01-01,natl_sst,-0.2
1994-02-01,natl_sst,-0.22
1994-03-01,natl_sst,-0.17
1994-04-01,natl_sst,-0.03
1994-05-01,natl_sst,-0.12
1994-06-01,natl_sst,-0.13
1994-07-01,natl_sst,-0.17
1994-08-01,natl_sst,-0.22
1994-09-01,natl_sst,-0.18
1994-10-01,natl_sst,0.04
1994-11-01,natl_sst,0.18
1994-12-01,natl_sst,0.13
1995-01-01,natl_sst,0.19
1995-02-01,natl_sst,0.17
1995-03-01,natl_sst,0.2
1995-04-01,natl_sst,0.27
1995-05-01,natl_sst,0.4
1995-06-01,natl_sst,0.45
1995-07-01,natl_sst,0.45
1995-08-01,natl_sst,0.39
1995-09-01,natl_sst,0.19
1995-10-01,natl_sst,0.28
1995-11-01,natl_sst,0.27
1995-12-01,natl_sst,0.19
1996-01-01,natl_sst,0.13
1996-02-01,natl_sst,0.06
1996-03-01,natl_sst,-0.04
1996-04-01,natl_sst,0.11
1996-05-01,natl_sst,-0
1996-06-01,natl_sst,-0.03
1996-07-01,natl_sst,-0.08
1996-08-01,natl_sst,0.09
1996-09-01,natl_sst,0.1
1996-10-01,natl_sst,-0.03
1996-11-01,natl_sst,-0.04
1996-12-01,natl_sst,-0.03
1997-01-01,natl_sst,0.13
1997-02-01,natl_sst,0.2
1997-03-01,natl_sst,0.18
1997-04-01,natl_sst,0.12
1997-05-01,natl_sst,0.13
1997-06-01,natl_sst,0.05
1997-07-01,natl_sst,0.18
1997-08-01,natl_sst,0.13
1997-09-01,natl_sst,0.23
1997-10-01,natl_sst,0.36
1997-11-01,natl_sst,0.23
1997-12-01,natl_sst,0.24
1998-01-01,natl_sst,0.3
1998-02-01,natl_sst,0.38
1998-03-01,natl_sst,0.37
1998-04-01,natl_sst,0.36
1998-05-01,natl_sst,0.43
1998-06-01,natl_sst,0.65
1998-07-01,natl_sst,0.57
1998-08-01,natl_sst,0.7
1998-09-01,natl_sst,0.45
1998-10-01,natl_sst,0.48
1998-11-01,natl_sst,0.49
1998-12-01,natl_sst,0.47
1999-01-01,natl_sst,0.23
1999-02-01,natl_sst,0.18
1999-03-01,natl_sst,0.18
1999-04-01,natl_sst,0.29
1999-05-01,natl_sst,0.45
1999-06-01,natl_sst,0.41
1999-07-01,natl_sst,0.37
1999-08-01,natl_sst,0.52
1999-09-01,natl_sst,0.45
1999-10-01,natl_sst,0.25
1999-11-01,natl_sst,0.12
1999-12-01,natl_sst,0.25
2000-01-01,natl_sst,0.11
2000-02-01,natl_sst,0.17
2000-03-01,natl_sst,0.36
2000-04-01,natl_sst,0.25
2000-05-01,natl_sst,0.32
2000-06-01,natl_sst,0.14
2000-07-01,natl_sst,0.2
2000-08-01,natl_sst,0.22
2000-09-01,natl_sst,0.25
2000-10-01,natl_sst,0.2
2000-11-01,natl_sst,0.23
2000-12-01,natl_sst,0.07
2001-01-01,natl_sst,0.08
2001-02-01,natl_sst,0.23
2001-03-01,natl_sst,0.25
2001-04-01,natl_sst,0.15
2001-05-01,natl_sst,0.16
2001-06-01,natl_sst,0.32
2001-07-01,natl_sst,0.3
2001-08-01,natl_sst,0.45
2001-09-01,natl_sst,0.52
2001-10-01,natl_sst,0.47
2001-11-01,natl_sst,0.4
2001-12-01,natl_sst,0.51
2002-01-01,natl_sst,0.58
2002-02-01,natl_sst,0.44
2002-03-01,natl_sst,0.43
2002-04-01,natl_sst,0.3
2002-05-01,natl_sst,0.09
2002-06-01,natl_sst,0.01
2002-07-01,natl_sst,-0.02
2002-08-01,natl_sst,0.22
2002-09-01,natl_sst,0.26
2002-10-01,natl_sst,0.35
2002-11-01,natl_sst,0.31
2002-12-01,natl_sst,0.21
2003-01-01,natl_sst,0.25
2003-02-01,natl_sst,0.19
2003-03-01,natl_sst,0.31
2003-04-01,natl_sst,0.22
2003-05-01,natl_sst,0.27
2003-06-01,natl_sst,0.26
2003-07-01,natl_sst,0.42
2003-08-01,natl_sst,0.62
2003-09-01,natl_sst,0.66
2003-10-01,natl_sst,0.79
2003-11-01,natl_sst,0.51
2003-12-01,natl_sst,0.53
2004-01-01,natl_sst,0.51
2004-02-01,natl_sst,0.46
2004-03-01,natl_sst,0.39
2004-04-01,natl_sst,0.36
2004-05-01,natl_sst,0.17
2004-06-01,natl_sst,0.3
2004-07-01,natl_sst,0.37
2004-08-01,natl_sst,0.46
2004-09-01,natl_sst,0.44
2004-10-01,natl_sst,0.56
2004-11-01,natl_sst,0.52
2004-12-01,natl_sst,0.51
2005-01-01,natl_sst,0.48
2005-02-01,natl_sst,0.31
2005-03-01,natl_sst,0.47
2005-04-01,natl_sst,0.61
2005-05-01,natl_sst,0.54
2005-06-01,natl_sst,0.59
2005-07-01,natl_sst,0.74
2005-08-01,natl_sst,0.74
2005-09-01,natl_sst,0.73
2005-10-01,natl_sst,0.63
2005-11-01,natl_sst,0.52
2005-12-01,natl_sst,0.51
2006-01-01,natl_sst,0.48
2006-02-01,natl_sst,0.35
2006-03-01,natl_sst,0.27
2006-04-01,natl_sst,0.46
2006-05-01,natl_sst,0.52
2006-06-01,natl_sst,0.59
2006-07-01,natl_sst,0.63
2006-08-01,natl_sst,0.69
2006-09-01,natl_sst,0.63
2006-10-01,natl_sst,0.67
2006-11-01,natl_sst,0.66
2006-12-01,natl_sst,0.5
2007-01-01,natl_sst,0.6
2007-02-01,natl_sst,0.52
2007-03-01,natl_sst,0.42
2007-04-01,natl_sst,0.39
2007-05-01,natl_sst,0.35
2007-06-01,natl_sst,0.28
2007-07-01,natl_sst,0.26
2007-08-01,natl_sst,0.19
2007-09-01,natl_sst,0.39
2007-10-01,natl_sst,0.56
2007-11-01,natl_sst,0.54
2007-12-01,natl_sst,0.45
2008-01-01,natl_sst,0.43
2008-02-01,natl_sst,0.52
2008-03-01,natl_sst,0.49
2008-04-01,natl_sst,0.3
2008-05-01,natl_sst,0.44
2008-06-01,natl_sst,0.59
2008-07-01,natl_sst,0.51
2008-08-01,natl_sst,0.49
2008-09-01,natl_sst,0.48
2008-10-01,natl_sst,0.5
2008-11-01,natl_sst,0.4
2008-12-01,natl_sst,0.33
2009-01-01,natl_sst,0.24
2009-02-01,natl_sst,0
2009-03-01,natl_sst,0.03
2009-04-01,natl_sst,0.09
2009-05-01,natl_sst,0.11
2009-06-01,natl_sst,0.36
2009-07-01,natl_sst,0.46
2009-08-01,natl_sst,0.4
2009-09-01,natl_sst,0.36
2009-10-01,natl_sst,0.56
2009-11-01,natl_sst,0.46
2009-12-01,natl_sst,0.49
2010-01-01,natl_sst,0.39
2010-02-01,natl_sst,0.43
2010-03-01,natl_sst,0.52
2010-04-01,natl_sst,0.7
2010-05-01,natl_sst,0.75
2010-06-01,natl_sst,0.88
2010-07-01,natl_sst,0.83
2010-08-01,natl_sst,0.91
2010-09-01,natl_sst,0.67
2010-10-01,natl_sst,0.6
2010-11-01,natl_sst,0.63
2010-12-01,natl_sst,0.43
2011-01-01,natl_sst,0.42
2011-02-01,natl_sst,0.36
2011-03-01,natl_sst,0.3
2011-04-01,natl_sst,0.4
2011-05-01,natl_sst,0.41
2011-06-01,natl_sst,0.5
2011-07-01,natl_sst,0.38
2011-08-01,natl_sst,0.44
2011-09-01,natl_sst,0.43
2011-10-01,natl_sst,0.49
2011-11-01,natl_sst,0.33
2011-12-01,natl_sst,0.33
2012-01-01,natl_sst,0.38
2012-02-01,natl_sst,0.34
2012-03-01,natl_sst,0.37
2012-04-01,natl_sst,0.41
2012-05-01,natl_sst,0.47
2012-06-01,natl_sst,0.58
2012-07-01,natl_sst,0.64
2012-08-01,natl_sst,0.74
2012-09-01,natl_sst,0.81
2012-10-01,natl_sst,0.76
2012-11-01,natl_sst,0.56
2012-12-01,natl_sst,0.55
2013-01-01,natl_sst,0.54
2013-02-01,natl_sst,0.44
2013-03-01,natl_sst,0.44
2013-04-01,natl_sst,0.37
2013-05-01,natl_sst,0.37
2013-06-01,natl_sst,0.33
2013-07-01,natl_sst,0.53
2013-08-01,natl_sst,0.5
2013-09-01,natl_sst,0.61
2013-10-01,natl_sst,0.78
2013-11-01,natl_sst,0.57
2013-12-01,natl_sst,0.4
2014-01-01,natl_sst,0.33
2014-02-01,natl_sst,0.27
2014-03-01,natl_sst,0.2
2014-04-01,natl_sst,0.2
2014-05-01,natl_sst,0.2
2014-06-01,natl_sst,0.29
2014-07-01,natl_sst,0.48
2014-08-01,natl_sst,0.59
2014-09-01,natl_sst,0.6
2014-10-01,natl_sst,0.72
2014-11-01,natl_sst,0.5
2014-12-01,natl_sst,0.49
2015-01-01,natl_sst,0.41
2015-02-01,natl_sst,0.31
2015-03-01,natl_sst,0.26
2015-04-01,natl_sst,0.29
2015-05-01,natl_sst,0.41
2015-06-01,natl_sst,0.4
2015-07-01,natl_sst,0.39
2015-08-01,natl_sst,0.48
2015-09-01,natl_sst,0.71
2015-10-01,natl_sst,0.72
2015-11-01,natl_sst,0.63
2015-12-01,natl_sst,0.6
2016-01-01,natl_sst,0.72
2016-02-01,natl_sst,0.64
2016-03-01,natl_sst,0.61
2016-04-01,natl_sst,0.53
2016-05-01,natl_sst,0.63
2016-06-01,natl_sst,0.66
2016-07-01,natl_sst,0.68
2016-08-01,natl_sst,0.78
2016-09-01,natl_sst,0.78
2016-10-01,natl_sst,0.77
2016-11-01,natl_sst,0.76
2016-12-01,natl_sst,0.72
2017-01-01,natl_sst,0.74
2017-02-01,natl_sst,0.69
2017-03-01,natl_sst,0.57
2017-04-01,natl_sst,0.69
2017-05-01,natl_sst,0.62
2017-06-01,natl_sst,0.67
2017-07-01,natl_sst,0.75
2017-08-01,natl_sst,0.75
2017-09-01,natl_sst,0.77
2017-10-01,natl_sst,0.88
2017-11-01,natl_sst,0.91
2017-12-01,natl_sst,0.88
2018-01-01,natl_sst,0.68
2018-02-01,natl_sst,0.49
2018-03-01,natl_sst,0.42
2018-04-01,natl_sst,0.37
2018-05-01,natl_sst,0.33
2018-06-01,natl_sst,0.25
2018-07-01,natl_sst,0.39
2018-08-01,natl_sst,0.54
2018-09-01,natl_sst,0.61
2018-10-01,natl_sst,0.56
2018-11-01,natl_sst,0.38
2018-12-01,natl_sst,0.38
2019-01-01,natl_sst,0.46
2019-02-01,natl_sst,0.5
2019-03-01,natl_sst,0.46
2019-04-01,natl_sst,0.4
2019-05-01,natl_sst,0.37
2019-06-01,natl_sst,0.58
2019-07-01,natl_sst,0.66
2019-08-01,natl_sst,0.74
2019-09-01,natl_sst,0.69
2019-10-01,natl_sst,0.66
2019-11-01,natl_sst,0.63
2019-12-01,natl_sst,0.59
2020-01-01,natl_sst,0.72
2020-02-01,natl_sst,0.85
2020-03-01,natl_sst,0.83
2020-04-01,natl_sst,0.86
2020-05-01,natl_sst,0.65
2020-06-01,natl_sst,0.72
2020-07-01,natl_sst,0.84
2020-08-01,natl_sst,0.87
2020-09-01,natl_sst,0.71
2020-10-01,natl_sst,0.74
2020-11-01,natl_sst,0.66
2020-12-01,natl_sst,0.63
2021-01-01,natl_sst,0.63
2021-02-01,natl_sst,0.58
2021-03-01,natl_sst,0.48
2021-04-01,natl_sst,0.61
2021-05-01,natl_sst,0.58
2021-06-01,natl_sst,0.58
2021-07-01,natl_sst,0.63
2021-08-01,natl_sst,0.69
2021-09-01,natl_sst,0.84
2021-10-01,natl_sst,0.96
2021-11-01,natl_sst,0.92
2021-12-01,natl_sst,0.82
2022-01-01,natl_sst,0.84
2022-02-01,natl_sst,0.79
2022-03-01,natl_sst,0.54
2022-04-01,natl_sst,0.46
2022-05-01,natl_sst,0.64
2022-06-01,natl_sst,0.58
2022-07-01,natl_sst,0.55
2022-08-01,natl_sst,0.88
2022-09-01,natl_sst,0.99
2022-10-01,natl_sst,0.93
2022-11-01,natl_sst,0.83
2022-12-01,natl_sst,0.7
2023-01-01,natl_sst,0.76
2023-02-01,natl_sst,0.74
2023-03-01,natl_sst,0.88
2023-04-01,natl_sst,0.94
2023-05-01,natl_sst,1.07
2023-06-01,natl_sst,1.27
2023-07-01,natl_sst,1.44
2023-08-01,natl_sst,1.36
2023-09-01,natl_sst,1.43
2023-10-01,natl_sst,1.38
2023-11-01,natl_sst,1.13
2023-12-01,natl_sst,1.02
2024-01-01,natl_sst,1.08
2024-02-01,natl_sst,1.17
2024-03-01,natl_sst,1.19
2024-04-01,natl_sst,1.14
2024-05-01,natl_sst,1.38
2024-06-01,natl_sst,1.39
2024-07-01,natl_sst,1.32
2024-08-01,natl_sst,1.26
2024-09-01,natl_sst,1.22
2024-10-01,natl_sst,1.25
2024-11-01,natl_sst,1.15
2024-12-01,natl_sst,1.11
2025-01-01,natl_sst,0.98
2025-02-01,natl_sst,0.86
2025-03-01,natl_sst,0.75
2025-04-01,natl_sst,0.67
2025-05-01,natl_sst,0.73
2025-06-01,natl_sst,0.78
2025-07-01,natl_sst,0.88
2025-08-01,natl_sst,0.83
2025-09-01,natl_sst,0.76
2025-10-01,natl_sst,1.01
2025-11-01,natl_sst,0.96
2025-12-01,natl_sst,0.75
2026-01-01,natl_sst,0.7
2026-02-01,natl_sst,0.63
2026-03-01,natl_sst,0.62
2026-04-01,natl_sst,0.64
2026-05-01,natl_sst,0.69
2026-06-01,natl_sst,0.68
2026-07-01,natl_sst,0.95
2026-08-01,natl_sst,1.18
