nms,pair,units_change,cor_anom,mean_diff,change_masked,change_old
OCNMS,sbt vs sbt_all,degC,0.9976335789489655,0.3066603645692845,0.4600823153581093,0.40538267428658425
GFNMS,sbt vs sbt_all,degC,0.9950868321862053,2.7457688216037104,0.5978582976439171,0.35907111796550417
CBNMS,sbt vs sbt_all,degC,0.9807684991646929,4.183843205384622,0.42989985529067276,0.19467315632215865
MBNMS,sbt vs sbt_all,degC,0.9679938073332754,4.737091096073923,0.7036811222682786,0.26288377166326526
CPNMS,sbt vs sbt_all,degC,0.8017640244957803,5.907733223161761,0.8618038872554905,0.19018564096261414
CINMS,sbt vs sbt_all,degC,0.9726468393630596,1.7231231350128282,0.29568609103130505,0.26031385210901625
PNMS,sbt vs sbt_all,degC,0.6575213360606057,22.10590754331918,0.32538506992311866,0.026640868383186023
HIHWNMS,sbt vs sbt_all,degC,0.9815150424217985,1.5701884060364057,0.27272106917718375,0.16240424802526832
NMSAS,sbt vs sbt_all,degC,NA,NA,NA,NA
FGBNMS,sbt vs sbt_all,degC,0.9620953692136387,-0.1623299100325027,0.43567081599567814,0.3900387581437812
FKNMS,sbt vs sbt_all,degC,0.9999768974412708,0.11348847928011288,0.7504556453068751,0.7450428685639068
GRNMS,sbt vs sbt_all,degC,0.9997577069411088,0.03146510466221891,0.5424524669162913,0.542732016462832
MNMS,sbt vs sbt_all,degC,0.971707925048506,-0.9581967876709286,1.5947972030192616,1.5419904157519362
SBNMS,sbt vs sbt_all,degC,0.9999999999999999,0,1.1556499623912666,1.1556499623912666
OCNMS,chl vs chl_all,log10 mg m-3,0.9632355006077523,-0.9044952036527003,-0.03112569844715557,-0.03624638565978522
GFNMS,chl vs chl_all,log10 mg m-3,0.9435987969954651,-0.8016046087518375,-0.04500647106028374,-0.057382685543979794
CBNMS,chl vs chl_all,log10 mg m-3,0.9678437877570721,-0.23400292865216626,-0.03437155128357329,-0.040193430467397984
MBNMS,chl vs chl_all,log10 mg m-3,0.963453287858329,-0.7461021742246952,-0.06526564525063794,-0.0858789199818879
CPNMS,chl vs chl_all,log10 mg m-3,0.949975692871383,-0.23050832542793093,-0.05881809258494075,-0.06307044462027445
CINMS,chl vs chl_all,log10 mg m-3,0.9829189331430344,-0.29758550913733334,-0.09911890661905544,-0.11324900714165154
PNMS,chl vs chl_all,log10 mg m-3,0.9911838278759846,-0.0025003891495901124,-0.014264997142501068,-0.01968982643449091
HIHWNMS,chl vs chl_all,log10 mg m-3,0.9570673618782406,-0.012490388985945984,0.029861060293695507,0.04079437222351201
NMSAS,chl vs chl_all,log10 mg m-3,0.9985324143528062,-4.126164101319072e-4,0.027144067632935087,0.027984741388388024
FGBNMS,chl vs chl_all,log10 mg m-3,0.9782087266227414,0.008791895372928661,-0.004375175283199306,-0.011824834441994447
FKNMS,chl vs chl_all,log10 mg m-3,0.3067176305095048,-0.6986804358652455,0.015304385234271578,0.15223293489600942
GRNMS,chl vs chl_all,log10 mg m-3,0.9965302979797138,0.0075153854591657986,0.003374041513998033,0.003709124818180337
MNMS,chl vs chl_all,log10 mg m-3,0.9922352198887536,-0.08363650269929969,-0.10884487070793897,-0.10930701512491522
SBNMS,chl vs chl_all,log10 mg m-3,0.9978320682315047,-0.06330056375723685,-0.020354018242112082,-0.021996312892069103
