nms,cp_monthly,cp_annual
OCNMS,"2007-03, 2014-09, 2019-10",2014
GFNMS,"2003-01, 2006-09, 2014-02, 2017-05, 2022-07","2003, 2007, 2014"
CBNMS,"2003-01, 2006-09, 2014-02, 2017-05, 2022-07",2014
MBNMS,"2003-01, 2006-09, 2013-12, 2022-07","2003, 2007, 2014"
CPNMS,"2003-03, 2006-08, 2009-08, 2013-11, 2016-11, 2022-07","2003, 2014"
CINMS,"2003-04, 2006-08, 2009-12, 2014-01, 2019-08, 2022-09","2003, 2014"
HIHWNMS,"2003-03, 2007-05, 2012-09, 2015-09, 2021-03","2003, 2008, 2016, 2021"
NMSAS,"2003-10, 2008-02, 2013-04, 2017-02, 2020-12",2008
FGBNMS,"2005-02, 2008-05, 2011-05, 2015-01, 2018-10, 2022-03",2015
FKNMS,"2004-01, 2008-11, 2013-10, 2016-10, 2020-04",2014
GRNMS,"2002-12, 2006-05, 2015-11, 2020-12","2003, 2011"
MNMS,"2003-04, 2006-08, 2009-08, 2014-01, 2017-05, 2021-09",2014
SBNMS,"2002-12, 2006-01, 2011-06, 2017-03, 2020-03",2010
