nms,season,r2adj_pct,n_aem
HIHWNMS,summer,45.3,8
NMSAS,summer,41.1,13
HIHWNMS,spring,40.2,8
NMSAS,spring,40.2,11
MNMS,winter,39.9,9
HIHWNMS,fall,39.1,8
FKNMS,spring,37.9,5
NMSAS,winter,36.5,10
GFNMS,winter,35.7,11
SBNMS,fall,35.5,10
NMSAS,fall,34.6,8
CINMS,spring,32.1,9
CINMS,summer,31.3,8
GFNMS,spring,31.2,11
FKNMS,fall,31.1,9
FGBNMS,spring,30.9,9
SBNMS,winter,30.8,9
CPNMS,spring,30.5,8
FKNMS,summer,30.4,5
MNMS,summer,29.5,6
MBNMS,summer,29.3,9
MBNMS,fall,28.2,8
CPNMS,winter,27.5,8
FKNMS,winter,27.4,6
CBNMS,spring,26.4,9
MBNMS,spring,24.8,7
SBNMS,spring,24.6,9
CBNMS,winter,24.6,7
SBNMS,summer,24.5,5
CPNMS,summer,24.4,7
GRNMS,spring,24.2,7
OCNMS,winter,24.1,6
CINMS,fall,24.0,7
HIHWNMS,winter,23.9,6
MNMS,fall,23.0,5
MNMS,spring,22.9,5
CPNMS,fall,21.3,5
FGBNMS,fall,20.0,6
CINMS,winter,19.7,7
OCNMS,summer,19.4,5
GFNMS,fall,18.9,5
GRNMS,winter,18.9,5
OCNMS,spring,18.2,5
FGBNMS,winter,17.9,4
GRNMS,fall,16.9,3
CBNMS,fall,15.4,5
MBNMS,winter,15.3,4
OCNMS,fall,14.2,4
FGBNMS,summer,11.6,5
CBNMS,summer,9.6,3
GRNMS,summer,8.4,3
GFNMS,summer,6.9,2
