nms,n,k,r2a_inc
OCNMS,333,9,0.02212213267732943
OCNMS,333,13,0.021605254358793236
OCNMS,333,1,0.019026725857693272
OCNMS,333,6,0.019120321016688258
OCNMS,333,3,0.01742761885102606
OCNMS,333,2,0.014261436995616994
OCNMS,333,53,0.013375683346818157
OCNMS,333,26,0.010297741657796067
OCNMS,333,4,0.010213427087375493
OCNMS,333,160,0.009968790993943322
OCNMS,333,8,0.009434143230941938
OCNMS,333,48,0.009414512972221956
OCNMS,333,10,0.009458902966152039
OCNMS,333,68,0.008911233311551192
OCNMS,333,11,0.007876574214424004
OCNMS,333,138,0.007788306073291396
OCNMS,333,87,0.007199499637188578
OCNMS,333,36,0.00697812979292689
OCNMS,333,46,0.0065507022669153425
OCNMS,333,33,0.006433164526820301
OCNMS,333,52,0.0064618095617551274
OCNMS,333,19,0.006176275617021831
OCNMS,333,89,0.006097223635687765
OCNMS,333,117,0.005657630493482335
OCNMS,333,23,0.0056746454817627745
OCNMS,333,7,0.004991575877584142
OCNMS,333,90,0.004717366722038707
OCNMS,333,54,0.004657742570906898
OCNMS,333,58,0.0044521709811694565
OCNMS,333,67,0.004457508454931203
OCNMS,333,38,0.004410110138273082
OCNMS,333,5,0.004312975325610924
OCNMS,333,15,0.004330181040853365
OCNMS,333,25,0.004112548653249615
OCNMS,333,82,0.003954140306077214
OCNMS,333,12,0.0037943163059144247
GFNMS,333,3,0.03265450146795024
GFNMS,333,1,0.031400879111686875
GFNMS,333,5,0.024780960916192196
GFNMS,333,13,0.0235897867014776
GFNMS,333,2,0.01676578962844333
GFNMS,333,6,0.01665987270607816
GFNMS,333,10,0.01500159800500267
GFNMS,333,9,0.014156592026499215
GFNMS,333,48,0.013064204842181848
GFNMS,333,80,0.010631496081410785
GFNMS,333,37,0.009757614445777385
GFNMS,333,47,0.009001645787703016
GFNMS,333,11,0.008996356733117161
GFNMS,333,4,0.008676826686106698
GFNMS,333,21,0.007934549123632673
GFNMS,333,54,0.007840306153374055
GFNMS,333,15,0.007711373467142124
GFNMS,333,23,0.007474522205565659
GFNMS,333,19,0.00736982741908665
GFNMS,333,24,0.007144353870559894
GFNMS,333,7,0.00558301310111442
GFNMS,333,83,0.005501318202017269
GFNMS,333,52,0.005412514628146847
GFNMS,333,12,0.005263534875723508
GFNMS,333,88,0.005172325846048098
GFNMS,333,22,0.005179477718688985
GFNMS,333,31,0.004997900679762912
GFNMS,333,44,0.004736723836555989
GFNMS,333,14,0.004712049214017799
GFNMS,333,26,0.004582014161456649
GFNMS,333,65,0.004580255580795778
GFNMS,333,66,0.0045382729509957365
GFNMS,333,32,0.0043797736846545865
GFNMS,333,81,0.0043216073713455705
GFNMS,333,30,0.004217048429790871
GFNMS,333,8,0.003974438540937597
GFNMS,333,20,0.003907645978663998
GFNMS,333,79,0.003908453454641636
GFNMS,333,67,0.0038981479332856894
GFNMS,333,97,0.003902510370987211
GFNMS,333,120,0.0038500199230395715
GFNMS,333,144,0.003774863429849007
GFNMS,333,84,0.003757068644751338
GFNMS,333,50,0.003764473923369205
GFNMS,333,68,0.003752256323173442
GFNMS,333,73,0.003297016261188168
GFNMS,333,29,0.0032792027039262317
GFNMS,333,86,0.003222517137780989
GFNMS,333,164,0.0030917213961054735
GFNMS,333,71,0.002943577811586273
GFNMS,333,82,0.0028326369804609897
GFNMS,333,38,0.0028257218178053822
GFNMS,333,53,0.0028071731913121845
GFNMS,333,40,0.0028051634105238366
GFNMS,333,64,0.0027224133425012287
CBNMS,333,3,0.034852751325579745
CBNMS,333,1,0.029334251073462547
CBNMS,333,5,0.02440308090672405
CBNMS,333,13,0.020876829803283536
CBNMS,333,9,0.020785340103839367
CBNMS,333,6,0.019847942949992592
CBNMS,333,10,0.013028472918564793
CBNMS,333,21,0.012561859688823951
CBNMS,333,22,0.010657461595306006
CBNMS,333,88,0.009392202055150345
CBNMS,333,11,0.009185540351022259
CBNMS,333,19,0.008522804705908604
CBNMS,333,80,0.008469298898746924
CBNMS,333,47,0.008520938903131325
CBNMS,333,50,0.007820298832925787
CBNMS,333,37,0.00784289132838989
CBNMS,333,4,0.007640519863112538
CBNMS,333,54,0.00724673207954829
CBNMS,333,48,0.007241441615305599
CBNMS,333,31,0.006820309733348351
CBNMS,333,14,0.006472856142624495
CBNMS,333,20,0.006079236199523774
CBNMS,333,67,0.006036654880661185
CBNMS,333,12,0.005938251382837767
CBNMS,333,15,0.005576920636236715
CBNMS,333,8,0.005515447622129077
CBNMS,333,58,0.005267042747037154
CBNMS,333,68,0.00528421317392036
CBNMS,333,24,0.005249776391859973
CBNMS,333,53,0.005180736306602096
CBNMS,333,32,0.0051156109437012764
CBNMS,333,117,0.005015513446709807
CBNMS,333,30,0.004768684280978985
CBNMS,333,38,0.004644656353681942
CBNMS,333,26,0.004626898063141982
CBNMS,333,44,0.004591975626076494
CBNMS,333,97,0.004553549277745206
CBNMS,333,59,0.004554107399675322
CBNMS,333,65,0.00448672698567365
CBNMS,333,23,0.004413023556171569
CBNMS,333,2,0.004101958682170559
CBNMS,333,64,0.004030024618619676
CBNMS,333,83,0.00391802579263234
CBNMS,333,36,0.0038996109401765455
CBNMS,333,29,0.00355457667838166
CBNMS,333,122,0.003292035247827174
CBNMS,333,120,0.0032346356588317526
CBNMS,333,82,0.003227768411395826
CBNMS,333,79,0.003211080572174674
CBNMS,333,81,0.003233737211324028
CBNMS,333,93,0.0032540693531225573
CBNMS,333,35,0.0029293645724278727
CBNMS,333,126,0.0029078702607731044
CBNMS,333,49,0.0028243796149145517
MBNMS,333,1,0.0456725649943146
MBNMS,333,3,0.0424928007895351
MBNMS,333,13,0.02646861383272725
MBNMS,333,2,0.024505690465447816
MBNMS,333,10,0.018311126649344978
MBNMS,333,9,0.017953847480236207
MBNMS,333,4,0.0169217189125751
MBNMS,333,6,0.015662085678814885
MBNMS,333,48,0.013523255872180395
MBNMS,333,5,0.011815950285303467
MBNMS,333,8,0.01147363349617292
MBNMS,333,11,0.010422212640641582
MBNMS,333,32,0.010284251611431316
MBNMS,333,47,0.009970509600149557
MBNMS,333,23,0.009789161514457967
MBNMS,333,15,0.008370565316814793
MBNMS,333,20,0.007710898592657944
MBNMS,333,24,0.007615374747635739
MBNMS,333,26,0.007593524993828815
MBNMS,333,52,0.007291705810639426
MBNMS,333,37,0.00728432783878219
MBNMS,333,30,0.006545826010784794
MBNMS,333,51,0.006554934221339903
MBNMS,333,57,0.00641497998993712
MBNMS,333,16,0.006408095897803889
MBNMS,333,64,0.006390653109265787
MBNMS,333,84,0.006178278951824656
MBNMS,333,40,0.006173708663186006
MBNMS,333,101,0.006196413416979851
MBNMS,333,7,0.005549568886659473
MBNMS,333,87,0.00549729606896876
MBNMS,333,43,0.005524257956629808
MBNMS,333,160,0.0053073160980575684
MBNMS,333,54,0.004235967706011867
MBNMS,333,91,0.003912670431872378
MBNMS,333,19,0.0038796791087563065
MBNMS,333,29,0.003574428765472759
MBNMS,333,38,0.003281817415995314
MBNMS,333,97,0.0032891909788433926
MBNMS,333,77,0.003214425430396295
MBNMS,333,127,0.0032145834902488346
CPNMS,333,1,0.0500330193842744
CPNMS,333,3,0.04530965327855907
CPNMS,333,13,0.038817715291807886
CPNMS,333,9,0.025639815738038085
CPNMS,333,8,0.021684979747617183
CPNMS,333,2,0.017276744822522283
CPNMS,333,6,0.01664540951095672
CPNMS,333,4,0.014856947449339741
CPNMS,333,10,0.01366215632531187
CPNMS,333,5,0.013625922786562161
CPNMS,333,16,0.012504852386749143
CPNMS,333,32,0.011268474178368959
CPNMS,333,19,0.010745482092719638
CPNMS,333,11,0.01036124993484222
CPNMS,333,51,0.010033435795705148
CPNMS,333,24,0.010010519160000952
CPNMS,333,47,0.009420313244907996
CPNMS,333,26,0.007840775751527085
CPNMS,333,23,0.0072630850458133
CPNMS,333,48,0.007100844798036077
CPNMS,333,101,0.006555581504311125
CPNMS,333,38,0.006418129433213515
CPNMS,333,15,0.006307908650201255
CPNMS,333,20,0.005877933044568628
CPNMS,333,30,0.005705610312891296
CPNMS,333,63,0.005731229358694634
CPNMS,333,37,0.0055522934259553125
CPNMS,333,43,0.005294452699978747
CPNMS,333,105,0.005083745299911513
CPNMS,333,77,0.004691244661015004
CPNMS,333,17,0.004675554769057899
CPNMS,333,50,0.004613720061377946
CPNMS,333,7,0.004446366577221639
CPNMS,333,69,0.003974578649619587
CPNMS,333,84,0.003943573109517318
CPNMS,333,59,0.003950715005275662
CPNMS,333,66,0.003749611690121446
CPNMS,333,25,0.0037525623156413612
CPNMS,333,29,0.003749295491761284
CPNMS,333,58,0.0035943852986513036
CPNMS,333,78,0.0034195888002488406
CPNMS,333,97,0.0031092400424608257
CPNMS,333,28,0.003111830880595523
CPNMS,333,14,0.003064169395728289
CPNMS,333,68,0.0030261877494034417
CPNMS,333,71,0.002999828019930373
CPNMS,333,36,0.0030132394450420596
CPNMS,333,82,0.00290731704641356
CPNMS,333,124,0.0029237402032272763
CPNMS,333,155,0.002882204332522509
CPNMS,333,21,0.0028588588607967313
CPNMS,333,109,0.0028588622609164727
CPNMS,333,104,0.0028752001755630863
CPNMS,333,57,0.00287765270009821
CPNMS,333,22,0.0027748428920270074
CPNMS,333,12,0.002744854585078338
CINMS,333,3,0.08007176910280478
CINMS,333,1,0.05315666113451234
CINMS,333,6,0.03210211888341408
CINMS,333,13,0.02658832776283937
CINMS,333,9,0.025684888450596244
CINMS,333,19,0.02227012470208689
CINMS,333,10,0.019893382742092514
CINMS,333,8,0.01816465602098305
CINMS,333,5,0.0182726235379842
CINMS,333,2,0.01377743548353072
CINMS,333,29,0.012978618322355806
CINMS,333,16,0.011235341148291278
CINMS,333,4,0.010963420416011949
CINMS,333,47,0.010599500359556147
CINMS,333,15,0.010319793143299116
CINMS,333,17,0.010235056885934846
CINMS,333,11,0.009263636672582565
CINMS,333,32,0.008937134652588274
CINMS,333,21,0.008467658366447472
CINMS,333,37,0.007241183563204245
CINMS,333,25,0.0070866863880189035
CINMS,333,27,0.007020405302855748
CINMS,333,20,0.007060921444263735
CINMS,333,24,0.006986713945863698
CINMS,333,51,0.006814469483486185
CINMS,333,12,0.006620290909052251
CINMS,333,7,0.006492532250074623
CINMS,333,23,0.0060286831593313606
CINMS,333,93,0.005150877418285571
CINMS,333,22,0.004333960772749945
CINMS,333,50,0.0043208232323959095
CINMS,333,39,0.0043179377687522225
CINMS,333,30,0.004320483756087179
CINMS,333,43,0.0042246429454837475
CINMS,333,69,0.004209298800205263
CINMS,333,35,0.0037858109437346465
CINMS,333,48,0.003699437352304269
CINMS,333,83,0.003663743665380248
CINMS,333,28,0.0036865115635114076
CINMS,333,78,0.003580706972235115
CINMS,333,18,0.0034610493484803495
CINMS,333,61,0.0034653735774134997
CINMS,333,122,0.003367634756119342
CINMS,333,45,0.0033152456916887285
CINMS,333,102,0.0032645600043037515
CINMS,333,109,0.003263847908445694
CINMS,333,59,0.0032240840159596384
CINMS,333,103,0.0029922406426338144
CINMS,333,75,0.0029928146013731283
CINMS,333,14,0.002927476938530793
CINMS,333,88,0.0028020667336734473
CINMS,333,101,0.0027244752544086648
CINMS,333,84,0.002690788930882815
CINMS,333,52,0.0025868128896062714
CINMS,333,72,0.002513460572062698
CINMS,333,73,0.0025044458721200646
HIHWNMS,333,1,0.13403849439190085
HIHWNMS,333,4,0.12385210076306885
HIHWNMS,333,2,0.03014328660740806
HIHWNMS,333,5,0.02154166568075011
HIHWNMS,333,17,0.017652807297995232
HIHWNMS,333,58,0.014626115474006274
HIHWNMS,333,3,0.014185406613632434
HIHWNMS,333,45,0.011318622292990299
HIHWNMS,333,8,0.00932678275070864
HIHWNMS,333,11,0.009332098216495721
HIHWNMS,333,10,0.009211105852732326
HIHWNMS,333,38,0.008501199867756992
HIHWNMS,333,6,0.008223028939000954
HIHWNMS,333,52,0.008014482379092525
HIHWNMS,333,18,0.007266119012779293
HIHWNMS,333,14,0.006664343091398517
HIHWNMS,333,51,0.00581383515532663
HIHWNMS,333,43,0.005644060759518621
HIHWNMS,333,12,0.00525962502543198
HIHWNMS,333,37,0.0052578375509710895
HIHWNMS,333,44,0.005252453418601366
HIHWNMS,333,26,0.00516800446594079
HIHWNMS,333,35,0.004593740339085439
HIHWNMS,333,129,0.0042049838208098045
HIHWNMS,333,105,0.0041881427794606685
HIHWNMS,333,25,0.004127983653737788
HIHWNMS,333,88,0.004143796418051848
HIHWNMS,333,9,0.003995987291448788
HIHWNMS,333,16,0.0036855187294914105
HIHWNMS,333,23,0.0036472163745971953
HIHWNMS,333,96,0.0036270362717275573
HIHWNMS,333,57,0.0036102580750363433
HIHWNMS,333,107,0.003513940631493462
HIHWNMS,333,15,0.0035211504759675716
HIHWNMS,333,30,0.003208341512566104
HIHWNMS,333,71,0.0031145229225910676
HIHWNMS,333,69,0.003066305154344695
HIHWNMS,333,19,0.0030740991334796686
HIHWNMS,333,62,0.002887938228269049
HIHWNMS,333,110,0.00270943766153231
HIHWNMS,333,32,0.002589307248837658
HIHWNMS,333,123,0.0025810979453332328
HIHWNMS,333,46,0.002595450543921296
NMSAS,333,1,0.0833116971744643
NMSAS,333,2,0.05073358027442343
NMSAS,333,6,0.031157386745827798
NMSAS,333,60,0.029694093647532616
NMSAS,333,16,0.02310343715234109
NMSAS,333,14,0.02292449310389466
NMSAS,333,3,0.022252523382212064
NMSAS,333,5,0.02169818650979527
NMSAS,333,25,0.019367046078274663
NMSAS,333,10,0.016050001122758006
NMSAS,333,9,0.015917086970112515
NMSAS,333,4,0.013534757302187117
NMSAS,333,78,0.011941982885465996
NMSAS,333,24,0.01088189214473434
NMSAS,333,13,0.010491885825028469
NMSAS,333,15,0.00961331254518949
NMSAS,333,19,0.009594188894866629
NMSAS,333,28,0.00913590348770199
NMSAS,333,42,0.00875873830306595
NMSAS,333,17,0.008742123877558239
NMSAS,333,70,0.008418172217789732
NMSAS,333,41,0.007946328245000633
NMSAS,333,52,0.007587511934899038
NMSAS,333,40,0.007441703786624343
NMSAS,333,59,0.007161100295802081
NMSAS,333,11,0.00720209201800337
NMSAS,333,8,0.0070765984560194894
NMSAS,333,46,0.007077386764902549
NMSAS,333,34,0.006219999860763714
NMSAS,333,65,0.006150033255609144
NMSAS,333,20,0.005878912912861245
NMSAS,333,21,0.005827055064974274
NMSAS,333,33,0.005252398256440971
NMSAS,333,18,0.005273226807273157
NMSAS,333,51,0.004527172979012728
NMSAS,333,57,0.004383308941529385
NMSAS,333,31,0.004030210072375806
NMSAS,333,90,0.003928991379471003
NMSAS,333,47,0.003876741237277437
NMSAS,333,35,0.003877385410492873
NMSAS,333,50,0.0038904288877299464
NMSAS,333,26,0.0037316753207761177
NMSAS,333,43,0.0037185915418778137
NMSAS,333,30,0.0037119418759516964
NMSAS,333,61,0.0035776130770462933
NMSAS,333,53,0.0033500585809566052
NMSAS,333,79,0.00303077013077635
NMSAS,333,81,0.0030425968631837552
NMSAS,333,62,0.003063343446677025
NMSAS,333,101,0.0030681597405012306
NMSAS,333,87,0.0030584079540081355
NMSAS,333,113,0.003038683297996947
NMSAS,333,112,0.002996117649704866
NMSAS,333,118,0.002909191355073837
NMSAS,333,7,0.002888203515352572
NMSAS,333,83,0.002887156340015462
NMSAS,333,63,0.002823086244424733
NMSAS,333,49,0.002831853876978263
NMSAS,333,150,0.0027643697195224304
NMSAS,333,64,0.002749861436775025
NMSAS,333,75,0.002702168974757946
NMSAS,333,23,0.002653606766043537
NMSAS,333,124,0.002632207254170571
NMSAS,333,147,0.0026432987518701934
NMSAS,333,12,0.0025826745694794706
NMSAS,333,119,0.002518532889771108
NMSAS,333,38,0.002489138711617045
NMSAS,333,142,0.0024792967418334477
NMSAS,333,36,0.0024807786278436827
NMSAS,333,110,0.0024885693626334193
NMSAS,333,115,0.002420922565488204
NMSAS,333,29,0.002410822312364669
NMSAS,333,96,0.0023801581469183875
FGBNMS,333,1,0.028915515980187045
FGBNMS,333,15,0.027319869406788988
FGBNMS,333,6,0.020835321116460137
FGBNMS,333,10,0.020833276447413507
FGBNMS,333,5,0.020738413840872494
FGBNMS,333,36,0.01381152158966692
FGBNMS,333,11,0.012954924489578246
FGBNMS,333,17,0.011045504554996532
FGBNMS,333,3,0.011007708384661918
FGBNMS,333,4,0.009863990005945733
FGBNMS,333,34,0.009678301287532443
FGBNMS,333,2,0.009600695218440869
FGBNMS,333,78,0.009570602147096596
FGBNMS,333,71,0.00962602550435765
FGBNMS,333,74,0.00895776240482582
FGBNMS,333,115,0.008996813890034816
FGBNMS,333,8,0.008562497669455826
FGBNMS,333,37,0.008285597679294265
FGBNMS,333,9,0.007777901772146989
FGBNMS,333,47,0.007569250061944421
FGBNMS,333,51,0.006910826194543307
FGBNMS,333,31,0.006718024145726198
FGBNMS,333,54,0.006692758085981687
FGBNMS,333,7,0.0066841619492939985
FGBNMS,333,92,0.006306618649502771
FGBNMS,333,80,0.005563447266000443
FGBNMS,333,35,0.005460076731474972
FGBNMS,333,28,0.005358839850025943
FGBNMS,333,24,0.005158926443044942
FGBNMS,333,72,0.004839211169474833
FGBNMS,333,70,0.004831430226807654
FGBNMS,333,12,0.004831820700714418
FGBNMS,333,69,0.00475437849050564
FGBNMS,333,49,0.004730945230847827
FGBNMS,333,20,0.004756148760544088
FGBNMS,333,67,0.004783247971794746
FGBNMS,333,42,0.00477714279619168
FGBNMS,333,48,0.004682634517741979
FGBNMS,333,66,0.0047137663485462555
FGBNMS,333,23,0.004640607426822485
FGBNMS,333,122,0.004538547341647159
FGBNMS,333,53,0.004545644459419629
FGBNMS,333,93,0.004197969744659469
FGBNMS,333,125,0.004141100482866977
FGBNMS,333,39,0.004070270589208835
FGBNMS,333,52,0.0040839179707157225
FGBNMS,333,21,0.003993181942095414
FGBNMS,333,46,0.003999669483146895
FGBNMS,333,144,0.004024625228945422
FGBNMS,333,19,0.004025458175501706
FGBNMS,333,149,0.003853041650231148
FGBNMS,333,98,0.0036250153110526373
FGBNMS,333,105,0.0036236117772079357
FGBNMS,333,103,0.003645821511359504
FGBNMS,333,76,0.0036143836305925214
FGBNMS,333,109,0.003388015863999838
FGBNMS,333,57,0.0033466975795330978
FGBNMS,333,22,0.003265017092447753
FGBNMS,333,58,0.0031944321783150542
FGBNMS,333,154,0.003203693068316804
FGBNMS,333,32,0.003109777364901367
FGBNMS,333,56,0.0030555504235229014
FGBNMS,333,41,0.003060799054001473
FGBNMS,333,13,0.0030367873042527194
FGBNMS,333,30,0.002914823795673982
FGBNMS,333,33,0.0029098897736296037
FGBNMS,333,44,0.002765481384993995
FGBNMS,333,18,0.0026063366520471254
FGBNMS,333,62,0.0025854322449822
FKNMS,333,1,0.17971618379441023
FKNMS,333,2,0.030507795504771673
FKNMS,333,9,0.012769861936369531
FKNMS,333,14,0.012682637194844415
FKNMS,333,19,0.008899907554622444
FKNMS,333,3,0.00868099598258465
FKNMS,333,7,0.00746792934706908
FKNMS,333,13,0.006779442457004015
FKNMS,333,66,0.006802979911728291
FKNMS,333,60,0.006810580420738677
FKNMS,333,36,0.006800353405751691
FKNMS,333,57,0.006801764828109791
FKNMS,333,11,0.006521010380726389
FKNMS,333,4,0.006308692522469017
FKNMS,333,64,0.006109885579230312
FKNMS,333,28,0.006104809448302384
FKNMS,333,62,0.006096974011451706
FKNMS,333,30,0.00576161961831434
FKNMS,333,8,0.005782599967114832
FKNMS,333,44,0.005692398341917371
FKNMS,333,45,0.005621972858458446
FKNMS,333,67,0.005529557853571343
FKNMS,333,52,0.005499178384305692
FKNMS,333,58,0.005522731695949745
FKNMS,333,17,0.004691091024650262
FKNMS,333,48,0.004589793714759982
FKNMS,333,93,0.00457525629769695
FKNMS,333,21,0.004596730518721892
FKNMS,333,126,0.0043553195357595165
FKNMS,333,46,0.004364278585276771
FKNMS,333,68,0.004341977616367565
FKNMS,333,43,0.004223922084911846
FKNMS,333,26,0.004117274966426776
FKNMS,333,127,0.004097185996719377
FKNMS,333,32,0.003931567238949274
FKNMS,333,37,0.0039433096042236215
FKNMS,333,73,0.003937624159567665
FKNMS,333,31,0.0038913825012000247
FKNMS,333,23,0.0036557920780813102
FKNMS,333,25,0.003622145693205292
FKNMS,333,94,0.00357668343001738
FKNMS,333,34,0.0035918926732791956
FKNMS,333,51,0.0036045349389034476
FKNMS,333,6,0.0035906803848577695
FKNMS,333,76,0.003588674156974836
FKNMS,333,149,0.003137828170234558
FKNMS,333,70,0.0030045855829740065
FKNMS,333,63,0.0029254478947130513
FKNMS,333,10,0.002823170533984287
FKNMS,333,49,0.0027825113454117423
FKNMS,333,136,0.00278346990037881
FKNMS,333,71,0.002789097662433848
FKNMS,333,61,0.002634825290995235
FKNMS,333,16,0.002542204651026503
GRNMS,333,10,0.021918768300705382
GRNMS,333,3,0.02037286586975562
GRNMS,333,64,0.013755316171256249
GRNMS,333,1,0.013818236899892478
GRNMS,333,68,0.012292937545254068
GRNMS,333,4,0.011391919710333265
GRNMS,333,63,0.01058742757082931
GRNMS,333,60,0.00992324313160875
GRNMS,333,29,0.008800004819743301
GRNMS,333,12,0.00859535235903286
GRNMS,333,76,0.008291154107476939
GRNMS,333,6,0.008123534577163416
GRNMS,333,8,0.007902445923443913
GRNMS,333,93,0.00785439261176446
GRNMS,333,119,0.007886861385686617
GRNMS,333,53,0.0073336006626421035
GRNMS,333,40,0.007193599275969187
GRNMS,333,82,0.007140203408406931
GRNMS,333,23,0.007016527113969273
GRNMS,333,21,0.006889152496885709
GRNMS,333,50,0.006703563518499989
GRNMS,333,28,0.006626104835029678
GRNMS,333,15,0.006449691098749599
GRNMS,333,30,0.0063652132504906644
GRNMS,333,41,0.006372737160950548
GRNMS,333,26,0.006290575877996751
GRNMS,333,126,0.0058752087422611066
GRNMS,333,7,0.005862974007780242
GRNMS,333,54,0.00585850405970656
GRNMS,333,67,0.005685311103536428
GRNMS,333,59,0.005703080325011101
GRNMS,333,38,0.005703376022558437
GRNMS,333,31,0.005491079882958605
GRNMS,333,71,0.005184905516602223
GRNMS,333,127,0.005197331686457529
GRNMS,333,69,0.0051994082967431465
GRNMS,333,35,0.0052189513700929835
GRNMS,333,9,0.005158806004629146
GRNMS,333,36,0.004630671803363184
GRNMS,333,44,0.004555529002803427
GRNMS,333,33,0.004533394350903608
GRNMS,333,129,0.0044697682796279725
GRNMS,333,19,0.004458726144111358
GRNMS,333,14,0.0043075262278098325
GRNMS,333,48,0.004106250314988347
GRNMS,333,132,0.0038779231569342487
GRNMS,333,66,0.0038892226383213657
GRNMS,333,20,0.003639633881937443
GRNMS,333,100,0.0035962293741141904
GRNMS,333,18,0.003590534216551977
GRNMS,333,25,0.0035195093213332695
GRNMS,333,103,0.0034805954634312686
GRNMS,333,105,0.003386321330205111
GRNMS,333,128,0.0033218967036465763
GRNMS,333,104,0.0032608730000102115
GRNMS,333,95,0.003101514371637859
GRNMS,333,16,0.003073840751307899
GRNMS,333,155,0.0030534193490083794
GRNMS,333,148,0.0030213191328287703
GRNMS,333,22,0.0030081750652920514
GRNMS,333,115,0.0029341396124068497
MNMS,333,8,0.07792971700622431
MNMS,333,1,0.0708279305009114
MNMS,333,9,0.02016578568892602
MNMS,333,14,0.014966105845128475
MNMS,333,2,0.013350605104792135
MNMS,333,19,0.013071650077667085
MNMS,333,22,0.013004000626236412
MNMS,333,40,0.012539943444764168
MNMS,333,32,0.010013238452115325
MNMS,333,7,0.008977761129859041
MNMS,333,68,0.008568665026149058
MNMS,333,3,0.008486706899502372
MNMS,333,91,0.007359131021607679
MNMS,333,96,0.007001705649095857
MNMS,333,4,0.006596611658929663
MNMS,333,30,0.006447595481494761
MNMS,333,17,0.006400409022557785
MNMS,333,10,0.006228319040898933
MNMS,333,21,0.006228615392267489
MNMS,333,102,0.00592500843883903
MNMS,333,89,0.00588278973938694
MNMS,333,58,0.005894640015929431
MNMS,333,117,0.005925803101130778
MNMS,333,5,0.0055048799793172565
MNMS,333,37,0.0054142861191073255
MNMS,333,59,0.004988651442137226
MNMS,333,72,0.004979455731905724
MNMS,333,67,0.0047033421644202544
MNMS,333,75,0.004457229402778262
MNMS,333,13,0.004246415825024608
MNMS,333,128,0.003935381918550918
MNMS,333,18,0.003955759643836543
MNMS,333,160,0.0038274614228890336
MNMS,333,15,0.0038009243363271716
MNMS,333,123,0.0036524645605917616
MNMS,333,64,0.0034827498380820554
MNMS,333,48,0.0034571338700793985
MNMS,333,33,0.0033949140306052117
MNMS,333,82,0.003383782079211639
MNMS,333,103,0.0032071591874097694
MNMS,333,60,0.0031880639062918936
MNMS,333,52,0.0030512499201567067
MNMS,333,106,0.0030297780420133202
MNMS,333,81,0.0030219317401161128
MNMS,333,31,0.0029963274583740818
MNMS,333,136,0.002960811557267129
MNMS,333,29,0.00294405547054144
MNMS,333,35,0.002837576967213873
MNMS,333,78,0.0028567866573236955
MNMS,333,116,0.002848522218950933
MNMS,333,92,0.0028470454205801188
MNMS,333,54,0.002867057380568583
MNMS,333,115,0.0027574576702921183
MNMS,333,47,0.0027601042472520376
MNMS,333,129,0.002688310335135946
MNMS,333,26,0.002681041571811149
MNMS,333,51,0.0025876863129599137
MNMS,333,41,0.0024727031221667417
MNMS,333,141,0.0024880310291581775
SBNMS,333,1,0.07716168555955749
SBNMS,333,10,0.03943505757519905
SBNMS,333,8,0.024798343692792102
SBNMS,333,15,0.02339137098813382
SBNMS,333,12,0.023298357930029323
SBNMS,333,28,0.014713687193836589
SBNMS,333,6,0.014038079240077495
SBNMS,333,51,0.013112183628453566
SBNMS,333,4,0.012230249548291439
SBNMS,333,17,0.012070988429524587
SBNMS,333,27,0.011885608133767156
SBNMS,333,16,0.011734783363231971
SBNMS,333,13,0.010901695824771407
SBNMS,333,25,0.010450337533578713
SBNMS,333,29,0.009718385854772027
SBNMS,333,3,0.009588044702521836
SBNMS,333,5,0.008042564072046843
SBNMS,333,46,0.007402982409358327
SBNMS,333,74,0.007385771530825425
SBNMS,333,49,0.006892315344409705
SBNMS,333,34,0.006136569988741902
SBNMS,333,104,0.005606614380583519
SBNMS,333,57,0.005361453038749575
SBNMS,333,35,0.005038604995715401
SBNMS,333,110,0.00490390873717772
SBNMS,333,43,0.004636119747904566
SBNMS,333,60,0.004618469517899126
SBNMS,333,78,0.004346850000228386
SBNMS,333,76,0.004349040223817768
SBNMS,333,23,0.0042562616129202535
SBNMS,333,21,0.004140295864245802
SBNMS,333,36,0.004142022581313576
SBNMS,333,150,0.004098551323113764
SBNMS,333,116,0.0038833905456938655
SBNMS,333,73,0.0038159457363174942
SBNMS,333,81,0.00383170373523789
SBNMS,333,68,0.0038204100994062573
SBNMS,333,45,0.003794718514748441
SBNMS,333,134,0.0037900314223802134
SBNMS,333,7,0.0037603254663963748
SBNMS,333,50,0.003727552947656587
SBNMS,333,139,0.003425577016075265
SBNMS,333,61,0.003224161004196646
SBNMS,333,24,0.003213532118017115
SBNMS,333,100,0.0031519739138284875
SBNMS,333,52,0.0030792513203262706
SBNMS,333,98,0.0030449375382785027
SBNMS,333,66,0.0029535452439453103
SBNMS,333,129,0.0029525072250050632
SBNMS,333,115,0.002841223425093742
SBNMS,333,80,0.0027344696051686546
SBNMS,333,42,0.0026803194680740106
SBNMS,333,33,0.002687941528456528
SBNMS,333,140,0.002672886143328057
SBNMS,333,69,0.0026487650959728937
SBNMS,333,112,0.0026320738845069247
SBNMS,333,108,0.002626569184983829
SBNMS,333,79,0.002643090347345778
SBNMS,333,40,0.002654912897656514
SBNMS,333,109,0.0025491597665555643
SBNMS,333,19,0.002535704543130679
SBNMS,333,86,0.002472758958686594
