nms,k,period_yr,band,r2adj_increment,p_value
OCNMS,3,15.166666666666666,trend-like,0.04110892779744779,0.001
OCNMS,1,45.5,trend-like,0.0342845069096166,0.001
OCNMS,8,5.6875,interannual,0.022279607423946746,0.001
OCNMS,9,5.055555555555555,interannual,0.02145788634961998,0.001
OCNMS,45,1.011111111111111,sub-annual,0.015555568689653465,0.001
OCNMS,46,0.9891304347826086,sub-annual,0.015598301903890444,0.001
OCNMS,39,1.1666666666666667,sub-annual,0.014671286699407426,0.003
OCNMS,43,1.058139534883721,sub-annual,0.012671699179436668,0.001
OCNMS,4,11.375,decadal,0.012173864284057534,0.003
OCNMS,21,2.1666666666666665,interannual,0.011996858445009195,0.004
OCNMS,5,9.1,decadal,0.01151537430879157,0.003
OCNMS,71,0.6408450704225352,sub-annual,0.010545351875822617,0.003
OCNMS,67,0.6791044776119403,sub-annual,0.00918162158011615,0.006
OCNMS,128,0.35546875,sub-annual,0.009205708968743176,0.004
OCNMS,11,4.136363636363637,interannual,0.008939617311392034,0.007
OCNMS,29,1.5689655172413792,interannual,0.007390068424970586,0.006
OCNMS,113,0.4026548672566372,sub-annual,0.0072400759566381145,0.008
OCNMS,13,3.5,interannual,0.007229094042986106,0.011
OCNMS,19,2.3947368421052633,interannual,0.007095589062694252,0.01
OCNMS,117,0.3888888888888889,sub-annual,0.00642322100115833,0.014
OCNMS,74,0.6148648648648649,sub-annual,0.0063898611382615655,0.01
OCNMS,47,0.9680851063829787,sub-annual,0.006401740105778764,0.01
OCNMS,131,0.3473282442748092,sub-annual,0.006275146254312913,0.014
OCNMS,22,2.0681818181818183,interannual,0.006190737419890957,0.01
OCNMS,56,0.8125,sub-annual,0.006204923397860718,0.013
OCNMS,115,0.39565217391304347,sub-annual,0.00585211334551039,0.014
OCNMS,10,4.55,interannual,0.005865123470928824,0.015
OCNMS,31,1.467741935483871,sub-annual,0.005280238718291863,0.02
OCNMS,54,0.8425925925925926,sub-annual,0.005102699795409893,0.017
OCNMS,83,0.5481927710843374,sub-annual,0.005137122970378494,0.02
OCNMS,103,0.441747572815534,sub-annual,0.005067414770777878,0.017
OCNMS,40,1.1375,sub-annual,0.004973702877079322,0.021
OCNMS,37,1.2297297297297298,sub-annual,0.00495375915915075,0.025
OCNMS,34,1.338235294117647,sub-annual,0.004870984792491151,0.017
OCNMS,42,1.0833333333333333,sub-annual,0.0048245399606349215,0.02
OCNMS,96,0.4739583333333333,sub-annual,0.004618573389048919,0.019
OCNMS,27,1.6851851851851851,interannual,0.0045646630416867895,0.029
OCNMS,118,0.3855932203389831,sub-annual,0.00458220925105246,0.022
OCNMS,25,1.82,interannual,0.004588259004359996,0.028
OCNMS,26,1.75,interannual,0.0039911639264149645,0.028
OCNMS,55,0.8272727272727273,sub-annual,0.0038981579196195604,0.044
OCNMS,82,0.5548780487804879,sub-annual,0.003787631410470671,0.039
OCNMS,53,0.8584905660377359,sub-annual,0.003774897460829152,0.045
OCNMS,62,0.7338709677419355,sub-annual,0.0036608593029201497,0.048
OCNMS,87,0.5229885057471264,sub-annual,0.003637669750007899,0.039
OCNMS,24,1.8958333333333333,interannual,0.0035161435184843937,0.047
OCNMS,57,0.7982456140350878,sub-annual,0.0034779879416733106,0.05
OCNMS,12,3.7916666666666665,interannual,0.0035077925407641652,0.039
OCNMS,68,0.6691176470588235,sub-annual,0.0034826370426011,0.046
OCNMS,50,0.91,sub-annual,0.003432043053266054,0.05
OCNMS,48,0.9479166666666666,sub-annual,0.0033464927925986876,0.048
GFNMS,1,45.5,trend-like,0.06961853652905958,0.001
GFNMS,4,11.375,decadal,0.03137273287512121,0.001
GFNMS,39,1.1666666666666667,sub-annual,0.0303182830717994,0.001
GFNMS,45,1.011111111111111,sub-annual,0.025904536798048383,0.001
GFNMS,9,5.055555555555555,interannual,0.023222816755503528,0.001
GFNMS,3,15.166666666666666,trend-like,0.02235123132164496,0.001
GFNMS,2,22.75,trend-like,0.01948282802384871,0.001
GFNMS,46,0.9891304347826086,sub-annual,0.017937669738263273,0.001
GFNMS,10,4.55,interannual,0.017482214549606412,0.001
GFNMS,11,4.136363636363637,interannual,0.017350930211140647,0.001
GFNMS,67,0.6791044776119403,sub-annual,0.012577251506688092,0.001
GFNMS,65,0.7,sub-annual,0.01035795450782706,0.001
GFNMS,5,9.1,decadal,0.009295113822539225,0.003
GFNMS,17,2.676470588235294,interannual,0.009063106734962467,0.001
GFNMS,30,1.5166666666666666,interannual,0.008309946805615698,0.002
GFNMS,12,3.7916666666666665,interannual,0.008309527398732253,0.002
GFNMS,72,0.6319444444444444,sub-annual,0.006676189313203573,0.004
GFNMS,20,2.275,interannual,0.005934909954595113,0.006
GFNMS,22,2.0681818181818183,interannual,0.0058999104946878544,0.007
GFNMS,24,1.8958333333333333,interannual,0.005634183590559894,0.012
GFNMS,15,3.033333333333333,interannual,0.005643601534551346,0.011
GFNMS,8,5.6875,interannual,0.00566575526333335,0.013
GFNMS,43,1.058139534883721,sub-annual,0.004874044878269701,0.016
GFNMS,134,0.33955223880597013,sub-annual,0.004715491598202282,0.014
GFNMS,69,0.6594202898550725,sub-annual,0.004520455791169664,0.018
GFNMS,25,1.82,interannual,0.004387399991788721,0.024
GFNMS,18,2.5277777777777777,interannual,0.0043831759916932445,0.03
GFNMS,7,6.5,interannual,0.004368537218550239,0.019
GFNMS,71,0.6408450704225352,sub-annual,0.004380401088873276,0.026
GFNMS,58,0.7844827586206896,sub-annual,0.004313723867029218,0.017
GFNMS,99,0.4595959595959596,sub-annual,0.004336585952648964,0.012
GFNMS,56,0.8125,sub-annual,0.0043066911087268345,0.03
GFNMS,29,1.5689655172413792,interannual,0.004206555330372175,0.021
GFNMS,13,3.5,interannual,0.003958128894997026,0.025
GFNMS,85,0.5352941176470588,sub-annual,0.0038460083211514506,0.02
GFNMS,49,0.9285714285714286,sub-annual,0.0035176100773860464,0.033
GFNMS,136,0.33455882352941174,sub-annual,0.0035429990934287003,0.033
GFNMS,62,0.7338709677419355,sub-annual,0.0034925787895586646,0.029
GFNMS,75,0.6066666666666667,sub-annual,0.0034884723343899804,0.034
GFNMS,42,1.0833333333333333,sub-annual,0.0034891998622361697,0.036
GFNMS,103,0.441747572815534,sub-annual,0.0033182680855290414,0.05
GFNMS,100,0.455,sub-annual,0.0033175425549661908,0.047
GFNMS,40,1.1375,sub-annual,0.00328326980536664,0.033
GFNMS,64,0.7109375,sub-annual,0.0032265460712256333,0.049
GFNMS,21,2.1666666666666665,interannual,0.003171533546484251,0.041
GFNMS,107,0.4252336448598131,sub-annual,0.0031750357397614115,0.041
GFNMS,44,1.0340909090909092,sub-annual,0.0030455344284375796,0.045
GFNMS,33,1.378787878787879,sub-annual,0.003062341067024743,0.047
CBNMS,1,45.5,trend-like,0.043654846663418456,0.001
CBNMS,4,11.375,decadal,0.031236243357513516,0.001
CBNMS,3,15.166666666666666,trend-like,0.022782310146073903,0.001
CBNMS,39,1.1666666666666667,sub-annual,0.02275340424617389,0.001
CBNMS,2,22.75,trend-like,0.016662347098168162,0.001
CBNMS,9,5.055555555555555,interannual,0.015812822593099685,0.002
CBNMS,10,4.55,interannual,0.015525230978318816,0.002
CBNMS,17,2.676470588235294,interannual,0.014812573299038845,0.001
CBNMS,11,4.136363636363637,interannual,0.014070525448807714,0.001
CBNMS,5,9.1,decadal,0.012626713631421871,0.001
CBNMS,65,0.7,sub-annual,0.010813752033514645,0.003
CBNMS,72,0.6319444444444444,sub-annual,0.008739225507140902,0.002
CBNMS,67,0.6791044776119403,sub-annual,0.008734148291450694,0.003
CBNMS,24,1.8958333333333333,interannual,0.0083324214854682,0.004
CBNMS,7,6.5,interannual,0.0077020343047016215,0.001
CBNMS,15,3.033333333333333,interannual,0.007521526741801399,0.003
CBNMS,12,3.7916666666666665,interannual,0.007296926835738904,0.006
CBNMS,48,0.9479166666666666,sub-annual,0.0072888807817121926,0.005
CBNMS,46,0.9891304347826086,sub-annual,0.007333017016945664,0.006
CBNMS,30,1.5166666666666666,interannual,0.007174958458440628,0.004
CBNMS,18,2.5277777777777777,interannual,0.005889084864449834,0.012
CBNMS,47,0.9680851063829787,sub-annual,0.005807972634027103,0.011
CBNMS,13,3.5,interannual,0.005829080412871335,0.012
CBNMS,25,1.82,interannual,0.005535387640771883,0.009
CBNMS,56,0.8125,sub-annual,0.005401593655424475,0.012
CBNMS,43,1.058139534883721,sub-annual,0.005377026919433758,0.01
CBNMS,40,1.1375,sub-annual,0.0051018349948827035,0.017
CBNMS,62,0.7338709677419355,sub-annual,0.005074507993049093,0.013
CBNMS,49,0.9285714285714286,sub-annual,0.005102908725398203,0.016
CBNMS,103,0.441747572815534,sub-annual,0.004873963075824217,0.019
CBNMS,20,2.275,interannual,0.0048775774170032316,0.017
CBNMS,29,1.5689655172413792,interannual,0.0048841630194744745,0.011
CBNMS,136,0.33455882352941174,sub-annual,0.0048634314148933155,0.017
CBNMS,44,1.0340909090909092,sub-annual,0.004778110114612155,0.009
CBNMS,58,0.7844827586206896,sub-annual,0.004643020834089739,0.019
CBNMS,31,1.467741935483871,sub-annual,0.004591072882997205,0.02
CBNMS,45,1.011111111111111,sub-annual,0.004486045369589298,0.021
CBNMS,8,5.6875,interannual,0.004492061153665072,0.026
CBNMS,22,2.0681818181818183,interannual,0.0042448949344655595,0.022
CBNMS,134,0.33955223880597013,sub-annual,0.004189005094337062,0.021
CBNMS,117,0.3888888888888889,sub-annual,0.004081569349581593,0.023
CBNMS,21,2.1666666666666665,interannual,0.004033337478300036,0.031
CBNMS,55,0.8272727272727273,sub-annual,0.004061690580057231,0.033
CBNMS,27,1.6851851851851851,interannual,0.004048773980945497,0.032
CBNMS,97,0.4690721649484536,sub-annual,0.003973546657305205,0.031
CBNMS,73,0.6232876712328768,sub-annual,0.003724410270504741,0.026
CBNMS,41,1.1097560975609757,sub-annual,0.0036737970475079207,0.038
CBNMS,99,0.4595959595959596,sub-annual,0.0036778184059731434,0.037
CBNMS,53,0.8584905660377359,sub-annual,0.003408941778759944,0.04
CBNMS,76,0.5986842105263158,sub-annual,0.0032996386911777753,0.048
MBNMS,1,45.5,trend-like,0.09699130268933187,0.001
MBNMS,4,11.375,decadal,0.03018489062494467,0.001
MBNMS,9,5.055555555555555,interannual,0.03020970882259222,0.001
MBNMS,39,1.1666666666666667,sub-annual,0.02827824419947622,0.001
MBNMS,11,4.136363636363637,interannual,0.024804794088210458,0.001
MBNMS,3,15.166666666666666,trend-like,0.023698359069695862,0.001
MBNMS,2,22.75,trend-like,0.02263769708844454,0.001
MBNMS,45,1.011111111111111,sub-annual,0.020411082316914464,0.001
MBNMS,24,1.8958333333333333,interannual,0.013143531950252418,0.001
MBNMS,7,6.5,interannual,0.012175474862819557,0.001
MBNMS,10,4.55,interannual,0.011396730054996751,0.003
MBNMS,8,5.6875,interannual,0.010394471063150057,0.002
MBNMS,22,2.0681818181818183,interannual,0.008988162648010944,0.001
MBNMS,5,9.1,decadal,0.008252063640346696,0.006
MBNMS,30,1.5166666666666666,interannual,0.008254059723003637,0.005
MBNMS,52,0.875,sub-annual,0.007652537747898869,0.007
MBNMS,33,1.378787878787879,sub-annual,0.0074609727098462475,0.007
MBNMS,44,1.0340909090909092,sub-annual,0.007357707473064967,0.004
MBNMS,41,1.1097560975609757,sub-annual,0.007097118951793102,0.008
MBNMS,46,0.9891304347826086,sub-annual,0.006360484604451266,0.015
MBNMS,6,7.583333333333333,interannual,0.006199839736394708,0.007
MBNMS,83,0.5481927710843374,sub-annual,0.006077613406413107,0.01
MBNMS,12,3.7916666666666665,interannual,0.005673026852269225,0.014
MBNMS,67,0.6791044776119403,sub-annual,0.00558132504961939,0.015
MBNMS,134,0.33955223880597013,sub-annual,0.005570908412350972,0.009
MBNMS,20,2.275,interannual,0.005581311107582754,0.011
MBNMS,15,3.033333333333333,interannual,0.005545248232336153,0.013
MBNMS,69,0.6594202898550725,sub-annual,0.005538382715944867,0.008
MBNMS,13,3.5,interannual,0.0053987102860161285,0.014
MBNMS,42,1.0833333333333333,sub-annual,0.0051354648357464505,0.01
MBNMS,86,0.5290697674418605,sub-annual,0.005020747710419382,0.009
MBNMS,54,0.8425925925925926,sub-annual,0.004663217885461424,0.015
MBNMS,35,1.3,sub-annual,0.00468299207804157,0.016
MBNMS,19,2.3947368421052633,interannual,0.0047216790145053755,0.014
MBNMS,43,1.058139534883721,sub-annual,0.00465960197079518,0.015
MBNMS,21,2.1666666666666665,interannual,0.004496412751310519,0.015
MBNMS,59,0.7711864406779662,sub-annual,0.004422874778551966,0.014
MBNMS,50,0.91,sub-annual,0.004452351702811996,0.021
MBNMS,29,1.5689655172413792,interannual,0.004113687216730111,0.021
MBNMS,38,1.1973684210526316,sub-annual,0.0040318486998606184,0.03
MBNMS,63,0.7222222222222222,sub-annual,0.0039554914758763715,0.015
MBNMS,14,3.25,interannual,0.003807906771342906,0.025
MBNMS,40,1.1375,sub-annual,0.003771755363289997,0.024
MBNMS,98,0.4642857142857143,sub-annual,0.003635837710118106,0.027
MBNMS,85,0.5352941176470588,sub-annual,0.0036510076279665515,0.028
MBNMS,131,0.3473282442748092,sub-annual,0.003668422074525779,0.031
MBNMS,17,2.676470588235294,interannual,0.0033927861939888615,0.026
MBNMS,76,0.5986842105263158,sub-annual,0.0031789260956440746,0.046
MBNMS,53,0.8584905660377359,sub-annual,0.0031010409507947756,0.034
MBNMS,27,1.6851851851851851,interannual,0.002997792194179505,0.031
MBNMS,49,0.9285714285714286,sub-annual,0.002970056632046747,0.047
MBNMS,75,0.6066666666666667,sub-annual,0.0029593242418873844,0.038
CPNMS,1,45.5,trend-like,0.09882009032044647,0.001
CPNMS,3,15.166666666666666,trend-like,0.028932326975604217,0.001
CPNMS,4,11.375,decadal,0.02726553526871367,0.001
CPNMS,8,5.6875,interannual,0.02604264672519352,0.001
CPNMS,11,4.136363636363637,interannual,0.02268226851584798,0.001
CPNMS,9,5.055555555555555,interannual,0.01892229682104518,0.001
CPNMS,39,1.1666666666666667,sub-annual,0.01855581841565279,0.001
CPNMS,6,7.583333333333333,interannual,0.015997668204703053,0.001
CPNMS,22,2.0681818181818183,interannual,0.01359421602604749,0.002
CPNMS,10,4.55,interannual,0.013437243569947688,0.001
CPNMS,2,22.75,trend-like,0.012814996281445001,0.001
CPNMS,24,1.8958333333333333,interannual,0.01211616639233315,0.001
CPNMS,13,3.5,interannual,0.010357674655280036,0.001
CPNMS,35,1.3,sub-annual,0.010055354844288988,0.003
CPNMS,5,9.1,decadal,0.009800384071226631,0.004
CPNMS,15,3.033333333333333,interannual,0.009446406017922682,0.002
CPNMS,86,0.5290697674418605,sub-annual,0.007612432997852192,0.003
CPNMS,26,1.75,interannual,0.0064626960765716834,0.01
CPNMS,83,0.5481927710843374,sub-annual,0.006268295452010464,0.007
CPNMS,12,3.7916666666666665,interannual,0.006002637834871871,0.018
CPNMS,29,1.5689655172413792,interannual,0.006048235609521835,0.011
CPNMS,32,1.421875,sub-annual,0.005594878272206727,0.007
CPNMS,85,0.5352941176470588,sub-annual,0.005453028685080019,0.018
CPNMS,7,6.5,interannual,0.0052888609769513595,0.014
CPNMS,67,0.6791044776119403,sub-annual,0.005267351526070496,0.015
CPNMS,47,0.9680851063829787,sub-annual,0.005126541244453442,0.01
CPNMS,16,2.84375,interannual,0.004992398787986629,0.013
CPNMS,41,1.1097560975609757,sub-annual,0.004925299252900861,0.017
CPNMS,45,1.011111111111111,sub-annual,0.004941953202044824,0.013
CPNMS,42,1.0833333333333333,sub-annual,0.004964796918808356,0.011
CPNMS,48,0.9479166666666666,sub-annual,0.004778277780596918,0.016
CPNMS,64,0.7109375,sub-annual,0.004692571068996565,0.013
CPNMS,23,1.9782608695652173,interannual,0.004377845402244174,0.024
CPNMS,53,0.8584905660377359,sub-annual,0.004100445034129874,0.033
CPNMS,98,0.4642857142857143,sub-annual,0.0040828198044629005,0.029
CPNMS,52,0.875,sub-annual,0.004117164063519585,0.022
CPNMS,37,1.2297297297297298,sub-annual,0.0039826833522257354,0.031
CPNMS,134,0.33955223880597013,sub-annual,0.003956030193649651,0.027
CPNMS,63,0.7222222222222222,sub-annual,0.003907190963984286,0.026
CPNMS,20,2.275,interannual,0.003909527139733804,0.036
CPNMS,17,2.676470588235294,interannual,0.0037885928193471807,0.035
CPNMS,109,0.41743119266055045,sub-annual,0.0037414594596465456,0.028
CPNMS,106,0.42924528301886794,sub-annual,0.0037185840557071304,0.022
CPNMS,59,0.7711864406779662,sub-annual,0.0036865016777292148,0.027
CPNMS,31,1.467741935483871,sub-annual,0.003688723955543649,0.028
CPNMS,56,0.8125,sub-annual,0.003717188875672961,0.038
CPNMS,28,1.625,interannual,0.003740201868455806,0.028
CPNMS,21,2.1666666666666665,interannual,0.0036893825802269964,0.024
CPNMS,61,0.7459016393442623,sub-annual,0.0034571747681712006,0.038
CPNMS,69,0.6594202898550725,sub-annual,0.0030896544001425275,0.044
CINMS,1,45.5,trend-like,0.06998829543587604,0.001
CINMS,3,15.166666666666666,trend-like,0.03983057606422935,0.001
CINMS,2,22.75,trend-like,0.030414023659984024,0.001
CINMS,4,11.375,decadal,0.029409676249362193,0.001
CINMS,8,5.6875,interannual,0.028601449057054973,0.001
CINMS,24,1.8958333333333333,interannual,0.02712960189414737,0.001
CINMS,10,4.55,interannual,0.02259990601766715,0.001
CINMS,5,9.1,decadal,0.02227903858984326,0.001
CINMS,39,1.1666666666666667,sub-annual,0.019072544218954213,0.001
CINMS,16,2.84375,interannual,0.01384753593968191,0.001
CINMS,6,7.583333333333333,interannual,0.013142574424931497,0.001
CINMS,9,5.055555555555555,interannual,0.012750826828683337,0.001
CINMS,13,3.5,interannual,0.012727651385154304,0.001
CINMS,22,2.0681818181818183,interannual,0.012573278865935622,0.001
CINMS,21,2.1666666666666665,interannual,0.01160467416423161,0.001
CINMS,15,3.033333333333333,interannual,0.010846834007862904,0.001
CINMS,14,3.25,interannual,0.010014154856589741,0.002
CINMS,11,4.136363636363637,interannual,0.009939891431630432,0.001
CINMS,42,1.0833333333333333,sub-annual,0.008810858229298835,0.001
CINMS,48,0.9479166666666666,sub-annual,0.007974079382566557,0.001
CINMS,29,1.5689655172413792,interannual,0.007324250207560001,0.003
CINMS,41,1.1097560975609757,sub-annual,0.007332930927947401,0.001
CINMS,17,2.676470588235294,interannual,0.006894543633733319,0.002
CINMS,45,1.011111111111111,sub-annual,0.006649257734079872,0.008
CINMS,26,1.75,interannual,0.006565206423267189,0.005
CINMS,35,1.3,sub-annual,0.006504197174995174,0.002
CINMS,84,0.5416666666666666,sub-annual,0.006298750127188724,0.005
CINMS,12,3.7916666666666665,interannual,0.005603036021294527,0.004
CINMS,30,1.5166666666666666,interannual,0.005328374484457998,0.005
CINMS,47,0.9680851063829787,sub-annual,0.005232007202186972,0.006
CINMS,7,6.5,interannual,0.005040644305539965,0.01
CINMS,100,0.455,sub-annual,0.004298797638035756,0.01
CINMS,18,2.5277777777777777,interannual,0.004155561553262022,0.015
CINMS,32,1.421875,sub-annual,0.0038687725484466418,0.023
CINMS,37,1.2297297297297298,sub-annual,0.0038662013008632368,0.018
CINMS,73,0.6232876712328768,sub-annual,0.0038354175042945027,0.026
CINMS,25,1.82,interannual,0.0035588188874746685,0.019
CINMS,106,0.42924528301886794,sub-annual,0.003574573057742114,0.022
CINMS,83,0.5481927710843374,sub-annual,0.003578852129734189,0.024
CINMS,69,0.6594202898550725,sub-annual,0.003574069406748759,0.026
CINMS,76,0.5986842105263158,sub-annual,0.003583563949433377,0.03
CINMS,31,1.467741935483871,sub-annual,0.0035002962952389582,0.024
CINMS,20,2.275,interannual,0.0032617813717288335,0.023
CINMS,85,0.5352941176470588,sub-annual,0.0029412658749536913,0.034
CINMS,54,0.8425925925925926,sub-annual,0.0029617739878042837,0.035
CINMS,61,0.7459016393442623,sub-annual,0.002941032159867518,0.044
CINMS,68,0.6691176470588235,sub-annual,0.002945705339756355,0.032
CINMS,44,1.0340909090909092,sub-annual,0.0027025813527078446,0.037
CINMS,23,1.9782608695652173,interannual,0.0026114607715169713,0.044
PNMS,1,45.5,trend-like,0.08011073175368044,0.001
PNMS,3,15.166666666666666,trend-like,0.06584635252828064,0.001
PNMS,4,11.375,decadal,0.036495572763570294,0.001
PNMS,10,4.55,interannual,0.02976130865155524,0.001
PNMS,45,1.011111111111111,sub-annual,0.025900628884550136,0.001
PNMS,16,2.84375,interannual,0.024321156310462833,0.001
PNMS,35,1.3,sub-annual,0.023816491712558507,0.001
PNMS,2,22.75,trend-like,0.021223318683217696,0.001
PNMS,9,5.055555555555555,interannual,0.016368974362482525,0.001
PNMS,37,1.2297297297297298,sub-annual,0.015897226099608863,0.001
PNMS,8,5.6875,interannual,0.015394730706247972,0.001
PNMS,44,1.0340909090909092,sub-annual,0.01521102337345559,0.001
PNMS,7,6.5,interannual,0.014488928265964596,0.001
PNMS,46,0.9891304347826086,sub-annual,0.013928258980736241,0.001
PNMS,54,0.8425925925925926,sub-annual,0.013706298296865871,0.001
PNMS,24,1.8958333333333333,interannual,0.009554015423913653,0.001
PNMS,50,0.91,sub-annual,0.009595654685151223,0.002
PNMS,67,0.6791044776119403,sub-annual,0.00907453729431329,0.002
PNMS,38,1.1973684210526316,sub-annual,0.008572576153775158,0.001
PNMS,64,0.7109375,sub-annual,0.008363231360817847,0.002
PNMS,12,3.7916666666666665,interannual,0.008281454839013436,0.003
PNMS,19,2.3947368421052633,interannual,0.008310500943032428,0.003
PNMS,43,1.058139534883721,sub-annual,0.008230399003632427,0.002
PNMS,39,1.1666666666666667,sub-annual,0.007966706743595453,0.001
PNMS,31,1.467741935483871,sub-annual,0.006750060352240128,0.002
PNMS,48,0.9479166666666666,sub-annual,0.006504180991407704,0.002
PNMS,11,4.136363636363637,interannual,0.006523711476288385,0.002
PNMS,28,1.625,interannual,0.006141425099672193,0.006
PNMS,66,0.6893939393939394,sub-annual,0.00611732688405453,0.003
PNMS,13,3.5,interannual,0.005936512153066009,0.006
PNMS,6,7.583333333333333,interannual,0.00569804155577458,0.005
PNMS,53,0.8584905660377359,sub-annual,0.0054727106600628295,0.003
PNMS,41,1.1097560975609757,sub-annual,0.004999803487336862,0.008
PNMS,55,0.8272727272727273,sub-annual,0.004869359071944412,0.015
PNMS,81,0.5617283950617284,sub-annual,0.004372001881501442,0.013
PNMS,61,0.7459016393442623,sub-annual,0.004348632116820905,0.009
PNMS,95,0.4789473684210526,sub-annual,0.004368418756044989,0.012
PNMS,30,1.5166666666666666,interannual,0.004233597140043011,0.011
PNMS,20,2.275,interannual,0.0039973309143110924,0.015
PNMS,47,0.9680851063829787,sub-annual,0.004015007668976445,0.017
PNMS,15,3.033333333333333,interannual,0.0036288615226606202,0.018
PNMS,29,1.5689655172413792,interannual,0.0031994988473053043,0.022
PNMS,102,0.44607843137254904,sub-annual,0.003220184281970573,0.03
PNMS,17,2.676470588235294,interannual,0.0030845664402470163,0.028
PNMS,14,3.25,interannual,0.0030706656776595675,0.024
PNMS,77,0.5909090909090909,sub-annual,0.00297316152720406,0.042
PNMS,90,0.5055555555555555,sub-annual,0.0029092084002348972,0.042
HIHWNMS,3,15.166666666666666,trend-like,0.12334649254119257,0.001
HIHWNMS,1,45.5,trend-like,0.09083486345328173,0.001
HIHWNMS,2,22.75,trend-like,0.03058933682045395,0.001
HIHWNMS,4,11.375,decadal,0.029440639463585216,0.001
HIHWNMS,14,3.25,interannual,0.029614008627430577,0.001
HIHWNMS,9,5.055555555555555,interannual,0.022751503032133358,0.001
HIHWNMS,42,1.0833333333333333,sub-annual,0.015358408497064602,0.001
HIHWNMS,43,1.058139534883721,sub-annual,0.012593927487569823,0.001
HIHWNMS,48,0.9479166666666666,sub-annual,0.010974694826512144,0.001
HIHWNMS,37,1.2297297297297298,sub-annual,0.010325913499703132,0.001
HIHWNMS,15,3.033333333333333,interannual,0.010104920282576368,0.001
HIHWNMS,12,3.7916666666666665,interannual,0.009417319538081004,0.002
HIHWNMS,36,1.2638888888888888,sub-annual,0.008765277292113072,0.001
HIHWNMS,35,1.3,sub-annual,0.008694704183518809,0.002
HIHWNMS,10,4.55,interannual,0.008264600960956714,0.001
HIHWNMS,8,5.6875,interannual,0.008183901871434252,0.002
HIHWNMS,29,1.5689655172413792,interannual,0.007992121553534792,0.003
HIHWNMS,31,1.467741935483871,sub-annual,0.007901122052705212,0.001
HIHWNMS,106,0.42924528301886794,sub-annual,0.006615643411609917,0.003
HIHWNMS,78,0.5833333333333334,sub-annual,0.006111883960642106,0.008
HIHWNMS,13,3.5,interannual,0.005953837699132047,0.005
HIHWNMS,19,2.3947368421052633,interannual,0.005835617732393827,0.005
HIHWNMS,33,1.378787878787879,sub-annual,0.00566058474720188,0.007
HIHWNMS,5,9.1,decadal,0.0054609871936838195,0.006
HIHWNMS,21,2.1666666666666665,interannual,0.005499769888378969,0.003
HIHWNMS,103,0.441747572815534,sub-annual,0.005065538559811067,0.006
HIHWNMS,72,0.6319444444444444,sub-annual,0.0048942395919449044,0.012
HIHWNMS,47,0.9680851063829787,sub-annual,0.004607069530449981,0.011
HIHWNMS,130,0.35,sub-annual,0.004438417464484479,0.011
HIHWNMS,45,1.011111111111111,sub-annual,0.004404040772260531,0.009
HIHWNMS,57,0.7982456140350878,sub-annual,0.00417740631278285,0.013
HIHWNMS,60,0.7583333333333333,sub-annual,0.004168505848037407,0.023
HIHWNMS,91,0.5,sub-annual,0.004159610092994592,0.017
HIHWNMS,16,2.84375,interannual,0.004189916416628359,0.013
HIHWNMS,24,1.8958333333333333,interannual,0.004165607995295528,0.015
HIHWNMS,86,0.5290697674418605,sub-annual,0.00410531356608379,0.014
HIHWNMS,108,0.4212962962962963,sub-annual,0.003924525779170018,0.018
HIHWNMS,73,0.6232876712328768,sub-annual,0.0037993461630020375,0.013
HIHWNMS,50,0.91,sub-annual,0.0035239475199311254,0.027
HIHWNMS,20,2.275,interannual,0.003309909539278566,0.028
HIHWNMS,61,0.7459016393442623,sub-annual,0.0033177735865193014,0.035
HIHWNMS,59,0.7711864406779662,sub-annual,0.003193960735553447,0.034
HIHWNMS,98,0.4642857142857143,sub-annual,0.0031409526421147804,0.026
HIHWNMS,44,1.0340909090909092,sub-annual,0.003123162220321274,0.027
HIHWNMS,88,0.5170454545454546,sub-annual,0.0030737606208647295,0.033
HIHWNMS,30,1.5166666666666666,interannual,0.0030823059723660284,0.026
HIHWNMS,90,0.5055555555555555,sub-annual,0.0030343080875071538,0.026
HIHWNMS,56,0.8125,sub-annual,0.002955172305162179,0.036
HIHWNMS,87,0.5229885057471264,sub-annual,0.002699493794280361,0.048
HIHWNMS,82,0.5548780487804879,sub-annual,0.0025989319586863235,0.037
NMSAS,13,3.5,interannual,0.033087773133313236,0.001
NMSAS,4,11.375,decadal,0.02602888132400638,0.001
NMSAS,3,15.166666666666666,trend-like,0.02446429505973391,0.001
NMSAS,5,9.1,decadal,0.020323972409650004,0.001
NMSAS,1,45.5,trend-like,0.019623002484557728,0.001
NMSAS,11,4.136363636363637,interannual,0.018514672309820734,0.001
NMSAS,8,5.6875,interannual,0.016060219174474533,0.001
NMSAS,49,0.9285714285714286,sub-annual,0.01550579206008873,0.001
NMSAS,9,5.055555555555555,interannual,0.01421195753476756,0.001
NMSAS,2,22.75,trend-like,0.011148701934510008,0.003
NMSAS,20,2.275,interannual,0.011208991448704464,0.003
NMSAS,38,1.1973684210526316,sub-annual,0.010724651778358796,0.001
NMSAS,12,3.7916666666666665,interannual,0.010697415351533013,0.002
NMSAS,35,1.3,sub-annual,0.010622347541063948,0.005
NMSAS,33,1.378787878787879,sub-annual,0.010565958163004097,0.003
NMSAS,23,1.9782608695652173,interannual,0.009942414301874702,0.003
NMSAS,34,1.338235294117647,sub-annual,0.009965539681270896,0.002
NMSAS,7,6.5,interannual,0.00956106106774468,0.002
NMSAS,21,2.1666666666666665,interannual,0.008401345727863885,0.004
NMSAS,14,3.25,interannual,0.008064049746713264,0.005
NMSAS,64,0.7109375,sub-annual,0.008067748456323853,0.008
NMSAS,103,0.441747572815534,sub-annual,0.007983931714612202,0.006
NMSAS,6,7.583333333333333,interannual,0.007321744524509399,0.01
NMSAS,17,2.676470588235294,interannual,0.006312870346949273,0.017
NMSAS,22,2.0681818181818183,interannual,0.006145632266729817,0.019
NMSAS,57,0.7982456140350878,sub-annual,0.006120302624928242,0.016
NMSAS,29,1.5689655172413792,interannual,0.006145430090260029,0.015
NMSAS,19,2.3947368421052633,interannual,0.006070224408255331,0.019
NMSAS,31,1.467741935483871,sub-annual,0.005721280792758021,0.011
NMSAS,67,0.6791044776119403,sub-annual,0.005576288295992549,0.023
NMSAS,25,1.82,interannual,0.005340506324983507,0.017
NMSAS,24,1.8958333333333333,interannual,0.00501936149922888,0.024
NMSAS,28,1.625,interannual,0.004831433272313945,0.025
NMSAS,71,0.6408450704225352,sub-annual,0.0048651842201891116,0.033
NMSAS,51,0.8921568627450981,sub-annual,0.004742139022385183,0.03
NMSAS,50,0.91,sub-annual,0.00470230107953562,0.04
NMSAS,97,0.4690721649484536,sub-annual,0.004596229242428418,0.032
NMSAS,107,0.4252336448598131,sub-annual,0.004553641153348109,0.032
NMSAS,36,1.2638888888888888,sub-annual,0.00436741627303483,0.035
NMSAS,16,2.84375,interannual,0.0042113017624195725,0.033
NMSAS,56,0.8125,sub-annual,0.004231670582257152,0.044
NMSAS,27,1.6851851851851851,interannual,0.004232028951327904,0.047
NMSAS,30,1.5166666666666666,interannual,0.004253804112811954,0.03
FGBNMS,1,45.5,trend-like,0.039956744894798946,0.001
FGBNMS,5,9.1,decadal,0.027475508833597284,0.001
FGBNMS,12,3.7916666666666665,interannual,0.027360415273918526,0.001
FGBNMS,44,1.0340909090909092,sub-annual,0.019365267130025732,0.001
FGBNMS,6,7.583333333333333,interannual,0.01798535126981493,0.001
FGBNMS,9,5.055555555555555,interannual,0.01730970830267109,0.001
FGBNMS,29,1.5689655172413792,interannual,0.015416490479653988,0.001
FGBNMS,8,5.6875,interannual,0.014807923864723516,0.001
FGBNMS,45,1.011111111111111,sub-annual,0.012548561647639622,0.001
FGBNMS,2,22.75,trend-like,0.01177232642364845,0.001
FGBNMS,16,2.84375,interannual,0.011669972623052027,0.001
FGBNMS,4,11.375,decadal,0.010299721870007161,0.002
FGBNMS,14,3.25,interannual,0.010084391538730086,0.001
FGBNMS,42,1.0833333333333333,sub-annual,0.008667982596829882,0.003
FGBNMS,27,1.6851851851851851,interannual,0.008009147399478111,0.004
FGBNMS,37,1.2297297297297298,sub-annual,0.007474442880123999,0.005
FGBNMS,30,1.5166666666666666,interannual,0.007148397898965264,0.006
FGBNMS,61,0.7459016393442623,sub-annual,0.006643823936695825,0.008
FGBNMS,57,0.7982456140350878,sub-annual,0.006673409661732244,0.006
FGBNMS,76,0.5986842105263158,sub-annual,0.006225274174556206,0.017
FGBNMS,89,0.5112359550561798,sub-annual,0.006233814709302288,0.013
FGBNMS,58,0.7844827586206896,sub-annual,0.006193569137448174,0.011
FGBNMS,67,0.6791044776119403,sub-annual,0.006204558425477735,0.007
FGBNMS,25,1.82,interannual,0.006246473412519382,0.008
FGBNMS,47,0.9680851063829787,sub-annual,0.005971398279588813,0.01
FGBNMS,126,0.3611111111111111,sub-annual,0.005386800042793349,0.021
FGBNMS,39,1.1666666666666667,sub-annual,0.0053832658696519875,0.013
FGBNMS,62,0.7338709677419355,sub-annual,0.0053813110038294365,0.012
FGBNMS,59,0.7711864406779662,sub-annual,0.005198427962169072,0.012
FGBNMS,94,0.48404255319148937,sub-annual,0.005115546694901885,0.019
FGBNMS,83,0.5481927710843374,sub-annual,0.005046169404395839,0.018
FGBNMS,23,1.9782608695652173,interannual,0.004903858002412331,0.026
FGBNMS,32,1.421875,sub-annual,0.004880732479654926,0.035
FGBNMS,118,0.3855932203389831,sub-annual,0.004624279576880275,0.024
FGBNMS,34,1.338235294117647,sub-annual,0.0046326117693831215,0.019
FGBNMS,19,2.3947368421052633,interannual,0.004412629902858511,0.028
FGBNMS,56,0.8125,sub-annual,0.004278955376941562,0.03
FGBNMS,17,2.676470588235294,interannual,0.004265315397154024,0.019
FGBNMS,3,15.166666666666666,trend-like,0.0039381894177443755,0.034
FGBNMS,86,0.5290697674418605,sub-annual,0.003970729845331533,0.029
FGBNMS,80,0.56875,sub-annual,0.003877165203408639,0.03
FGBNMS,78,0.5833333333333334,sub-annual,0.0037751484628441023,0.039
FGBNMS,122,0.3729508196721312,sub-annual,0.003550783224615106,0.047
FGBNMS,124,0.36693548387096775,sub-annual,0.003519813145650863,0.042
FKNMS,1,45.5,trend-like,0.07293255086359796,0.001
FKNMS,45,1.011111111111111,sub-annual,0.01880844425878192,0.001
FKNMS,11,4.136363636363637,interannual,0.015878453989175312,0.001
FKNMS,46,0.9891304347826086,sub-annual,0.014112652371229162,0.001
FKNMS,61,0.7459016393442623,sub-annual,0.011874632329985868,0.001
FKNMS,8,5.6875,interannual,0.011363759298971599,0.001
FKNMS,23,1.9782608695652173,interannual,0.010342371361273472,0.001
FKNMS,3,15.166666666666666,trend-like,0.010306938358244921,0.003
FKNMS,42,1.0833333333333333,sub-annual,0.01016614350593359,0.001
FKNMS,14,3.25,interannual,0.009429046232665383,0.001
FKNMS,6,7.583333333333333,interannual,0.009094035242713794,0.005
FKNMS,136,0.33455882352941174,sub-annual,0.008768883961521201,0.004
FKNMS,37,1.2297297297297298,sub-annual,0.00817151728046317,0.003
FKNMS,54,0.8425925925925926,sub-annual,0.007770017838303667,0.004
FKNMS,36,1.2638888888888888,sub-annual,0.007333223430905367,0.005
FKNMS,52,0.875,sub-annual,0.007103760295333661,0.009
FKNMS,2,22.75,trend-like,0.006927209180101146,0.006
FKNMS,19,2.3947368421052633,interannual,0.006959615978816114,0.01
FKNMS,55,0.8272727272727273,sub-annual,0.0067421263019850075,0.006
FKNMS,5,9.1,decadal,0.006696111845516772,0.007
FKNMS,39,1.1666666666666667,sub-annual,0.006420849952994967,0.011
FKNMS,7,6.5,interannual,0.006374930802572787,0.005
FKNMS,76,0.5986842105263158,sub-annual,0.006415633911805774,0.006
FKNMS,47,0.9680851063829787,sub-annual,0.006174579624769749,0.011
FKNMS,27,1.6851851851851851,interannual,0.00616061021643044,0.006
FKNMS,58,0.7844827586206896,sub-annual,0.006203741456190737,0.01
FKNMS,44,1.0340909090909092,sub-annual,0.0059492518857048315,0.015
FKNMS,57,0.7982456140350878,sub-annual,0.00574648583964088,0.019
FKNMS,30,1.5166666666666666,interannual,0.005537273502755458,0.013
FKNMS,17,2.676470588235294,interannual,0.005295229747837471,0.013
FKNMS,20,2.275,interannual,0.004945554560768617,0.01
FKNMS,60,0.7583333333333333,sub-annual,0.004625200629496895,0.02
FKNMS,25,1.82,interannual,0.0043067295901346725,0.032
FKNMS,103,0.441747572815534,sub-annual,0.004141963953730676,0.026
FKNMS,41,1.1097560975609757,sub-annual,0.0041295976888999775,0.031
FKNMS,77,0.5909090909090909,sub-annual,0.004140545849557031,0.029
FKNMS,21,2.1666666666666665,interannual,0.00416484410136031,0.029
FKNMS,104,0.4375,sub-annual,0.004123413689315458,0.041
FKNMS,29,1.5689655172413792,interannual,0.003998586184514985,0.038
FKNMS,59,0.7711864406779662,sub-annual,0.0038814123079260465,0.028
FKNMS,75,0.6066666666666667,sub-annual,0.003789398639147512,0.041
GRNMS,49,0.9285714285714286,sub-annual,0.019942746659135868,0.001
GRNMS,3,15.166666666666666,trend-like,0.01992285300399399,0.001
GRNMS,44,1.0340909090909092,sub-annual,0.019114023767477395,0.001
GRNMS,1,45.5,trend-like,0.017798463714463253,0.001
GRNMS,52,0.875,sub-annual,0.016223862074102424,0.001
GRNMS,2,22.75,trend-like,0.013830967138731554,0.003
GRNMS,62,0.7338709677419355,sub-annual,0.01266440203831487,0.001
GRNMS,56,0.8125,sub-annual,0.012699472719760352,0.002
GRNMS,45,1.011111111111111,sub-annual,0.011770903618164574,0.007
GRNMS,104,0.4375,sub-annual,0.010904056840728704,0.006
GRNMS,55,0.8272727272727273,sub-annual,0.009777803142575814,0.001
GRNMS,12,3.7916666666666665,interannual,0.009319576716878109,0.007
GRNMS,10,4.55,interannual,0.008726068763778572,0.006
GRNMS,36,1.2638888888888888,sub-annual,0.008522900629701291,0.006
GRNMS,57,0.7982456140350878,sub-annual,0.00811075428697916,0.01
GRNMS,23,1.9782608695652173,interannual,0.007661582013515078,0.007
GRNMS,33,1.378787878787879,sub-annual,0.007283395488849598,0.011
GRNMS,18,2.5277777777777777,interannual,0.007134795742919198,0.006
GRNMS,19,2.3947368421052633,interannual,0.0069496994349381724,0.011
GRNMS,78,0.5833333333333334,sub-annual,0.00677777052668338,0.011
GRNMS,43,1.058139534883721,sub-annual,0.006765132896964787,0.017
GRNMS,21,2.1666666666666665,interannual,0.006383196323729745,0.011
GRNMS,20,2.275,interannual,0.005552495468868379,0.023
GRNMS,8,5.6875,interannual,0.005587121239418624,0.017
GRNMS,4,11.375,decadal,0.00526148175054808,0.022
GRNMS,127,0.35826771653543305,sub-annual,0.005189302672622076,0.024
GRNMS,84,0.5416666666666666,sub-annual,0.005146406023892602,0.026
GRNMS,98,0.4642857142857143,sub-annual,0.004912504198594125,0.03
GRNMS,116,0.3922413793103448,sub-annual,0.004662924452685346,0.024
GRNMS,86,0.5290697674418605,sub-annual,0.00466674233517983,0.038
GRNMS,83,0.5481927710843374,sub-annual,0.004574533752102261,0.03
GRNMS,35,1.3,sub-annual,0.004406002293428579,0.027
GRNMS,14,3.25,interannual,0.004154226432345864,0.033
MNMS,1,45.5,trend-like,0.1301456337928023,0.001
MNMS,6,7.583333333333333,interannual,0.020059189133050936,0.001
MNMS,33,1.378787878787879,sub-annual,0.015810930125988665,0.001
MNMS,45,1.011111111111111,sub-annual,0.012955300003895553,0.001
MNMS,5,9.1,decadal,0.011910125084285905,0.002
MNMS,3,15.166666666666666,trend-like,0.011689699601825088,0.005
MNMS,48,0.9479166666666666,sub-annual,0.011539880544893633,0.001
MNMS,10,4.55,interannual,0.01002281241478964,0.001
MNMS,18,2.5277777777777777,interannual,0.008651654401025333,0.002
MNMS,79,0.5759493670886076,sub-annual,0.008300961858057843,0.006
MNMS,44,1.0340909090909092,sub-annual,0.008348506534384681,0.003
MNMS,11,4.136363636363637,interannual,0.008102761405569092,0.007
MNMS,105,0.43333333333333335,sub-annual,0.007145550534585876,0.008
MNMS,42,1.0833333333333333,sub-annual,0.007138522178949613,0.008
MNMS,91,0.5,sub-annual,0.00648838969161214,0.01
MNMS,20,2.275,interannual,0.006411991458134647,0.011
MNMS,75,0.6066666666666667,sub-annual,0.006415750316496549,0.007
MNMS,29,1.5689655172413792,interannual,0.00625708568694161,0.019
MNMS,30,1.5166666666666666,interannual,0.00572579602697465,0.021
MNMS,101,0.4504950495049505,sub-annual,0.005455919371926132,0.018
MNMS,64,0.7109375,sub-annual,0.005492239594245829,0.017
MNMS,80,0.56875,sub-annual,0.005478516791521559,0.013
MNMS,16,2.84375,interannual,0.005205600142035083,0.009
MNMS,96,0.4739583333333333,sub-annual,0.005128217734228335,0.022
MNMS,7,6.5,interannual,0.0049962682845206,0.018
MNMS,12,3.7916666666666665,interannual,0.005029150081946043,0.017
MNMS,55,0.8272727272727273,sub-annual,0.004846109120277053,0.024
MNMS,66,0.6893939393939394,sub-annual,0.0048645177619113245,0.018
MNMS,62,0.7338709677419355,sub-annual,0.004466605894173359,0.026
MNMS,136,0.33455882352941174,sub-annual,0.00445329080505763,0.025
MNMS,134,0.33955223880597013,sub-annual,0.004436427211089722,0.038
MNMS,8,5.6875,interannual,0.003839010843491586,0.038
MNMS,94,0.48404255319148937,sub-annual,0.0037323828760759126,0.036
MNMS,87,0.5229885057471264,sub-annual,0.0034824219663183165,0.042
SBNMS,1,45.5,trend-like,0.10348721947775286,0.001
SBNMS,10,4.55,interannual,0.03937978919430962,0.001
SBNMS,8,5.6875,interannual,0.023535571924124477,0.001
SBNMS,46,0.9891304347826086,sub-annual,0.021177186076044574,0.001
SBNMS,12,3.7916666666666665,interannual,0.01755346812512426,0.001
SBNMS,7,6.5,interannual,0.01626735170820326,0.001
SBNMS,23,1.9782608695652173,interannual,0.012602036902317093,0.001
SBNMS,42,1.0833333333333333,sub-annual,0.012666039380922256,0.001
SBNMS,13,3.5,interannual,0.012469684082660915,0.001
SBNMS,92,0.4945652173913043,sub-annual,0.011053450288443734,0.001
SBNMS,2,22.75,trend-like,0.01056353563142598,0.001
SBNMS,91,0.5,sub-annual,0.009502670579198402,0.002
SBNMS,22,2.0681818181818183,interannual,0.00936262794240339,0.004
SBNMS,47,0.9680851063829787,sub-annual,0.008854697635021336,0.001
SBNMS,3,15.166666666666666,trend-like,0.008813962238039652,0.001
SBNMS,19,2.3947368421052633,interannual,0.008207898047332685,0.005
SBNMS,40,1.1375,sub-annual,0.008199529715421594,0.003
SBNMS,85,0.5352941176470588,sub-annual,0.00786091424776414,0.001
SBNMS,45,1.011111111111111,sub-annual,0.0073844585446800615,0.004
SBNMS,24,1.8958333333333333,interannual,0.007345298528941613,0.005
SBNMS,38,1.1973684210526316,sub-annual,0.007321885453933197,0.002
SBNMS,5,9.1,decadal,0.007339324522943391,0.005
SBNMS,9,5.055555555555555,interannual,0.006880109658127576,0.002
SBNMS,37,1.2297297297297298,sub-annual,0.006766343828718879,0.003
SBNMS,89,0.5112359550561798,sub-annual,0.006719281542480915,0.006
SBNMS,6,7.583333333333333,interannual,0.006592314657111742,0.005
SBNMS,29,1.5689655172413792,interannual,0.00640576070911103,0.004
SBNMS,59,0.7711864406779662,sub-annual,0.00601714882227844,0.004
SBNMS,15,3.033333333333333,interannual,0.005996550060240913,0.009
SBNMS,14,3.25,interannual,0.0058662028758565965,0.006
SBNMS,11,4.136363636363637,interannual,0.005557832806991403,0.005
SBNMS,128,0.35546875,sub-annual,0.005392045217559649,0.01
SBNMS,95,0.4789473684210526,sub-annual,0.00525851860239257,0.009
SBNMS,61,0.7459016393442623,sub-annual,0.005171093831904061,0.003
SBNMS,55,0.8272727272727273,sub-annual,0.005138446211922276,0.012
SBNMS,35,1.3,sub-annual,0.005071459166434145,0.008
SBNMS,17,2.676470588235294,interannual,0.0050237629058931255,0.012
SBNMS,20,2.275,interannual,0.005066404331864671,0.011
SBNMS,67,0.6791044776119403,sub-annual,0.004970916756080412,0.011
SBNMS,28,1.625,interannual,0.004950919610619997,0.011
SBNMS,4,11.375,decadal,0.0048572728145321875,0.011
SBNMS,66,0.6893939393939394,sub-annual,0.004296597008604741,0.019
SBNMS,18,2.5277777777777777,interannual,0.00394544156534915,0.018
SBNMS,107,0.4252336448598131,sub-annual,0.003959225649797449,0.017
SBNMS,72,0.6319444444444444,sub-annual,0.0038905229338401792,0.02
SBNMS,125,0.364,sub-annual,0.003670981032203091,0.019
SBNMS,114,0.3991228070175439,sub-annual,0.0036979290227135975,0.026
SBNMS,31,1.467741935483871,sub-annual,0.0032790064404185637,0.046
SBNMS,70,0.65,sub-annual,0.003177968387319652,0.04
SBNMS,50,0.91,sub-annual,0.0032035834152613907,0.04
SBNMS,21,2.1666666666666665,interannual,0.0031536397628055823,0.045
SBNMS,101,0.4504950495049505,sub-annual,0.0031623860196685616,0.036
SBNMS,82,0.5548780487804879,sub-annual,0.0031645334610204134,0.031
SBNMS,94,0.48404255319148937,sub-annual,0.003022881288292645,0.04
