nms,stat,q50,q95
OCNMS,r2adj_total,0.3902256715997511,0.47329259689997505
OCNMS,r2adj_trend,0.023539502066568074,0.055945687770618056
GFNMS,r2adj_total,0.3080534726390156,0.36590944842562784
GFNMS,r2adj_trend,0.01416032407272716,0.04115719962155841
CBNMS,r2adj_total,0.3474277106508773,0.4152732803391325
CBNMS,r2adj_trend,0.021214427721586104,0.044662119089642564
MBNMS,r2adj_total,0.3631752289265415,0.4363262879318654
MBNMS,r2adj_trend,0.029752415711781888,0.0637117593270139
CPNMS,r2adj_total,0.4205590855444845,0.5135423586022557
CPNMS,r2adj_trend,0.03182405718186576,0.0882831827757076
CINMS,r2adj_total,0.47164236579912755,0.5593144019651519
CINMS,r2adj_trend,0.04967663871861239,0.1106492495422532
PNMS,r2adj_total,0.5715740386308998,0.6623000619999992
PNMS,r2adj_trend,0.07736090071565205,0.17113228260372187
HIHWNMS,r2adj_total,0.5454733401088181,0.6122983534244965
HIHWNMS,r2adj_trend,0.06638935901002618,0.155767685220671
NMSAS,r2adj_total,0.5132255498240506,0.5986810454996764
NMSAS,r2adj_trend,0.052715642692021225,0.12369023110311703
FGBNMS,r2adj_total,0.4976833730484086,0.5746510465060071
FGBNMS,r2adj_trend,0.04664291886704541,0.13341272906959795
FKNMS,r2adj_total,0.3174504481171332,0.4194131192429847
FKNMS,r2adj_trend,0.010853392727968592,0.028347146146380085
GRNMS,r2adj_total,0.3383166481337383,0.4366716996538329
GRNMS,r2adj_trend,0.01797120883517822,0.04503885909621083
MNMS,r2adj_total,0.45286161613396747,0.526086336006001
MNMS,r2adj_trend,0.02177993589370497,0.07278428332378821
SBNMS,r2adj_total,0.4826420913528704,0.5705150514354977
SBNMS,r2adj_trend,0.047381808037567086,0.08872001306885231
