event_id,nms,name,type,date_start,date_end,vars_expected,scale,resolvable,impacts,response,source,url,n_months,sigma_max,date_peak,pct_rank,exceed_any,direction_ok,sigma_event,sigma_before,prominence,pct_prom,registered,z_sst,z_sbt,z_sss,z_mld,z_chl,z_precip,zx_sst,zx_sbt,zx_sss,zx_mld,zx_chl,zx_precip
OCNMS_2005-05_upwelling,OCNMS,2005 delayed upwelling,upwelling,2005-05-01,2005-07-31,sst+;chl-,"regional, multi-month",TRUE,"Upwelling onset delayed by about a month; warm nearshore water, low chlorophyll, poor recruitment; dates approximate",NA,Barth et al. 2007,https://doi.org/10.1073/pnas.0700462104,3,2.3102334690338444,2005-04-01,82.41758241758242,TRUE,TRUE,1.835649106507345,0.9167984403838587,0.9188506661234863,83.77358490566039,FALSE,1.3673242463215365,1.5874082617480092,0.08445387424788077,2.138094436144205,-1.518002558165955,1.0244634102385688,1.9250988822931672,2.1225925939693364,-1.3588057386502057,2.138094436144205,-1.518002558165955,1.6282330903841462
OCNMS_2006-07_hypoxia,OCNMS,2006 seasonal hypoxia,hypoxia,2006-07-01,2006-09-30,NA,local or short,FALSE,First large hypoxia-related fish and crab kill on the Washington shelf; near-bottom event; dates approximate,Seasonal oceanographic moorings; later real-time bottom-oxygen telemetry,Barth et al. 2024; ONMS 2022 (Olympic Coast condition report),https://doi.org/10.1038/s41598-024-54476-0 https://sanctuaries.noaa.gov/media/docs/2008-2019-ocnms-condition-report.pdf,3,5.311710092082908,2006-08-01,98.9010989010989,TRUE,NA,3.3653909178538344,1.1351899018178313,2.230201016036003,98.49056603773585,TRUE,-1.75563635475585,1.842807401795252,0.6574377308659346,0.056683090152305014,1.887005057636319,-1.0774523222008905,-1.75563635475585,1.842807401795252,2.005921640542294,-0.2840016320864263,1.887005057636319,-2.232402670024895
OCNMS_2014-01_heatwave,OCNMS,2014-16 Northeast Pacific marine heatwave,heatwave,2014-01-01,2016-08-31,sst+;sbt+,"regional, multi-month",TRUE,Record warm anomalies along the West Coast; harmful algal bloom in 2015; fishery disasters,Ocean Acidification Sentinel Site 2019; condition report 2022; vulnerability assessment 2025,Bond et al. 2015; Di Lorenzo and Mantua 2016; Gentemann et al. 2017,https://doi.org/10.1002/2015GL063306 https://doi.org/10.1038/nclimate3082 https://doi.org/10.1002/2016gl071039,32,6.505798977342683,2015-03-01,99.633699633699635,TRUE,TRUE,1.9524512294128813,1.647880632779923,0.3045705966329584,63.983050847457626,FALSE,1.9111947884498213,1.8526269691118193,0.4142369226602292,-0.8932238244901487,5.642108383206127,0.9174206597694434,4.081266928662007,3.7471702495925157,-2.751513596812927,2.3828465028457093,5.642108383206127,-2.549746892576463
OCNMS_2017-07_hypoxia,OCNMS,2017 seasonal hypoxia,hypoxia,2017-07-01,2017-09-30,NA,local or short,FALSE,Severe near-bottom hypoxia on the Washington shelf; dates approximate,NA,Barth et al. 2024; ONMS 2022 (Olympic Coast condition report),https://doi.org/10.1038/s41598-024-54476-0 https://sanctuaries.noaa.gov/media/docs/2008-2019-ocnms-condition-report.pdf,3,2.1070059924855733,2017-08-01,79.85347985347985,TRUE,NA,1.4369313545396716,2.019836701326316,-0.5829053467866443,23.39622641509434,FALSE,0.5310345143025287,2.5595517425497945,0.2042196093285437,-0.01935606399651841,1.1046602905144522,-0.22705429943800018,1.5225669045443513,2.5595517425497945,1.4423028494884194,-0.7403770749879707,1.372118491314305,-1.862310940289483
OCNMS_2019-06_heatwave,OCNMS,2019 Northeast Pacific marine heatwave,heatwave,2019-06-01,2019-12-31,sst+,"regional, multi-month",TRUE,"Second large heatwave, strongest offshore in summer 2019; dates approximate",NA,Amaya et al. 2020; ONMS 2022 (Olympic Coast condition report),https://doi.org/10.1038/s41467-020-15820-w https://sanctuaries.noaa.gov/media/docs/2008-2019-ocnms-condition-report.pdf,7,5.807713054051535,2019-06-01,99.26739926739927,TRUE,TRUE,2.8639439572598775,1.4570386807961526,1.4069052764637249,95.40229885057471,TRUE,-0.04636734499416076,0.5280374137333845,5.11640022861317,0.0033474623855593534,0.9374382152285833,-2.445513804819007,4.2169332714078,2.7694113541884935,5.11640022861317,-1.3229274438591185,-3.196189065109537,-2.445513804819007
OCNMS_2021-05_hypoxia,OCNMS,2021 record-early hypoxia,hypoxia,2021-05-01,2021-09-30,NA,local or short,FALSE,Earliest onset of shelf hypoxia in the record; near-bottom event; dates approximate,Real-time bottom-oxygen data shared with crab fishers and tribal managers,Barth et al. 2024; ONMS 2022 (Olympic Coast condition report),https://doi.org/10.1038/s41598-024-54476-0 https://sanctuaries.noaa.gov/media/docs/2008-2019-ocnms-condition-report.pdf,5,3.6972528379698906,2021-06-01,96.33699633699634,TRUE,NA,1.5957232849120817,1.506981085547713,0.08874219936436867,54.752851711026615,FALSE,1.1980867170826528,0.6719223990388407,3.500338550364957,-0.006182219268676439,0.7045521562505189,-1.086639393589394,1.319642907045959,1.9209735931664833,3.500338550364957,-0.8122875354749786,-1.3684522918731103,-2.1211303500886713
GFNMS_2005-05_upwelling,GFNMS,2005 delayed upwelling,upwelling,2005-05-01,2005-07-31,sst+;chl-,"regional, multi-month",TRUE,Farallon auklet colony failed for the first time in 35 years; dates approximate,NA,Sydeman et al. 2006; Barth et al. 2007,https://doi.org/10.1029/2006GL026736 https://doi.org/10.1073/pnas.0700462104,3,1.846457203728784,2005-05-01,72.89377289377289,FALSE,FALSE,1.7327991495587822,1.1337993150003578,0.5989998345584244,80.75471698113208,FALSE,2.210764932728994,2.1069962082293,-1.2473619102943814,-1.9508519330048937,-0.03872161391812237,1.7901216112191467,2.210764932728994,2.1069962082293,-2.0559705819616765,-1.9508519330048937,1.3183049437682814,1.7901216112191467
GFNMS_2014-01_heatwave,GFNMS,2014-16 Northeast Pacific marine heatwave,heatwave,2014-01-01,2016-08-31,sst+;sbt+,"regional, multi-month",TRUE,Bull kelp canopy down by more than 90% along more than 350 km; red abalone mass mortality in 2017,Kelp Recovery Working Group; Sonoma-Mendocino Bull Kelp Recovery Plan April 2019; abalone fishery closed 2018,Bond et al. 2015; Di Lorenzo and Mantua 2016; Gentemann et al. 2017,https://doi.org/10.1002/2015GL063306 https://doi.org/10.1038/nclimate3082 https://doi.org/10.1002/2016gl071039,32,7.130494613066504,2015-07-01,100,TRUE,TRUE,2.5953141125563435,0.8284882043932039,1.7668259081631397,97.88135593220339,TRUE,6.695260619468896,4.855229137744491,-1.3779560585128994,-0.7976919645113857,-2.9794519523329357,0.34636567482762537,6.695260619468896,5.812042203465018,-2.442976846897937,2.454113340901184,-2.9794519523329357,-2.0613529318499433
GFNMS_2019-06_heatwave,GFNMS,2019 Northeast Pacific marine heatwave,heatwave,2019-06-01,2019-12-31,sst+,"regional, multi-month",TRUE,Cited in the condition report's climate question; dates approximate,Whale-entanglement risk delays and closures 2019-2021,Amaya et al. 2020; ONMS 2024 (Greater Farallones condition report),https://doi.org/10.1038/s41467-020-15820-w https://sanctuaries.noaa.gov/media/docs/2010-2022-greater-farallones-national-marine-sanctuary-condition-report.pdf,7,2.300101133296435,2019-11-01,80.95238095238095,TRUE,TRUE,1.7092627685540054,1.854692576168737,-0.14542980761473157,33.71647509578544,FALSE,1.146516162643435,2.822714757841686,-0.9448439836336043,0.08643171427501369,-0.7712747204557512,-0.6972118112691741,1.8037016852878,2.822714757841686,-1.3544565171956195,1.091777282203184,2.379444265387419,2.3838126096126846
GFNMS_2022-12_freshwater,GFNMS,Winter 2022-23 atmospheric rivers,freshwater,2022-12-01,2023-01-31,precip+;sss-,"regional, short",FALSE,Series of storms over about three weeks; flooding and runoff in central California,NA,ONMS 2024 (Greater Farallones condition report),https://sanctuaries.noaa.gov/media/docs/2010-2022-greater-farallones-national-marine-sanctuary-condition-report.pdf,2,3.1072253556360443,2022-11-01,92.67399267399267,TRUE,TRUE,1.3988900531655832,1.4013219597500781,-0.0024319065844948806,50.37593984962406,FALSE,-0.30444451735066747,0.7451797698871829,-2.4437211021371135,-0.6775184242411151,-2.0596934531644515,-0.8956298595574514,-0.8204713848313931,1.440860448590467,-2.4437211021371135,-0.6775184242411151,-2.0596934531644515,2.0250343255232397
CBNMS_2005-05_upwelling,CBNMS,2005 delayed upwelling,upwelling,2005-05-01,2005-07-31,sst+;chl-,"regional, multi-month",TRUE,Regional event documented for central and northern California; dates approximate,NA,Sydeman et al. 2006; Barth et al. 2007,https://doi.org/10.1029/2006GL026736 https://doi.org/10.1073/pnas.0700462104,3,1.6727920590624885,2005-05-01,66.66666666666667,FALSE,FALSE,1.345826745649033,1.0795633253896033,0.2662634202594296,67.54716981132076,FALSE,2.25923544760523,1.663613921326143,-0.9263724472183837,-1.6771719748725002,0.28599386056325515,1.6921441685265761,2.25923544760523,1.663613921326143,-1.5683645880960775,-1.6771719748725002,1.2824642400730712,1.6921441685265761
CBNMS_2014-01_heatwave,CBNMS,2014-16 Northeast Pacific marine heatwave,heatwave,2014-01-01,2016-08-31,sst+;sbt+,"regional, multi-month",TRUE,Highest sea surface temperature on record for the area; record whale entanglements 2015-16,Dungeness Crab Fishing Gear Working Group 2015; Risk Assessment and Mitigation Program 2020,Bond et al. 2015; Di Lorenzo and Mantua 2016; Gentemann et al. 2017,https://doi.org/10.1002/2015GL063306 https://doi.org/10.1038/nclimate3082 https://doi.org/10.1002/2016gl071039,32,6.80350665586692,2014-12-01,99.633699633699635,TRUE,TRUE,2.661590005038362,0.8743056896658264,1.7872843153725357,97.45762711864407,TRUE,6.104838850136989,0.4313345144796745,-1.476397896873992,1.1133283002870709,-1.1092606252947042,2.7677858285783423,6.804273515746764,4.318613896937463,-1.6821599303334167,2.8126483638293553,-2.8619648996467575,2.7677858285783423
CBNMS_2019-06_heatwave,CBNMS,2019 Northeast Pacific marine heatwave,heatwave,2019-06-01,2019-12-31,sst+,"regional, multi-month",TRUE,Cited in the condition report's climate question; dates approximate,NA,Amaya et al. 2020; ONMS 2023 (Cordell Bank condition report),https://doi.org/10.1038/s41467-020-15820-w https://sanctuaries.noaa.gov/media/docs/2009-2021-cordell-bank-national-marine-sanctuary-condition-report.pdf,7,2.8112626348127945,2019-12-01,87.17948717948718,TRUE,TRUE,1.542414575739702,2.268308022353056,-0.725893446613354,10.727969348659004,FALSE,1.870347875693503,2.9062846716085566,0.6670814301498895,-0.4246016218541558,-1.690195895750681,2.420531659547253,1.870347875693503,3.0824178445695636,0.9826037127936657,2.2568990644289233,2.5274280307556016,2.964150532147436
MBNMS_2014-01_heatwave,MBNMS,2014-16 Northeast Pacific marine heatwave,heatwave,2014-01-01,2016-08-31,sst+;sbt+;chl-,"regional, multi-month",TRUE,"Warm water, reduced productivity, urchin increase and patchy kelp loss",Kelp Working Group 2023-24; Iconic Kelp Action Plan January 2025,Bond et al. 2015; Di Lorenzo and Mantua 2016; Gentemann et al. 2017,https://doi.org/10.1002/2015GL063306 https://doi.org/10.1038/nclimate3082 https://doi.org/10.1002/2016gl071039,32,7.130494613066504,2015-07-01,99.81684981684981,TRUE,TRUE,2.8991370418445013,0.9566094393287226,1.9425276025157787,95.76271186440678,TRUE,7.483087067013833,6.209145920546834,-1.2692370076126969,-0.8775048413531149,-3.221457829886572,1.1931205280830244,7.483087067013833,6.379508630767171,2.4473134305864663,3.2592614333506393,-3.8036067427159925,2.5514788725687065
MBNMS_2015-05_hab,MBNMS,2015 domoic-acid bloom,hab,2015-05-01,2015-09-30,NA,local or short,FALSE,Coast-wide toxic Pseudo-nitzschia bloom; crab fishery opening delayed; biological event,Fishery opening delayed November 2015; federal fishery disaster declared 2017,McCabe et al. 2016,https://doi.org/10.1002/2016GL070023,5,7.130494613066504,2015-07-01,99.81684981684981,TRUE,NA,4.3610860124849555,2.3381429355571015,2.022943076927854,96.57794676806084,TRUE,7.483087067013833,6.209145920546834,-1.2692370076126969,-0.8775048413531149,-3.221457829886572,1.1931205280830244,7.483087067013833,6.379508630767171,-1.2692370076126969,3.2592614333506393,-3.8036067427159925,1.1931205280830244
MBNMS_2019-06_heatwave,MBNMS,2019 Northeast Pacific marine heatwave,heatwave,2019-06-01,2019-12-31,sst+,"regional, multi-month",TRUE,Second large heatwave; dates approximate,NA,Amaya et al. 2020,https://doi.org/10.1038/s41467-020-15820-w,7,4.401431998973202,2019-05-01,95.97069597069597,TRUE,TRUE,2.576375525097923,2.1362783626317308,0.44009716246619224,75.09578544061303,FALSE,2.1276124766876365,3.876420674369643,-0.5963879834889295,-0.3404601953090918,-3.2151127482780137,2.90072592143322,2.981103148225228,3.952512555705892,-0.7508983690480042,1.5406545857255816,-3.2151127482780137,2.90072592143322
CPNMS_2014-01_heatwave,CPNMS,2014-16 Northeast Pacific marine heatwave,heatwave,2014-01-01,2016-08-31,sst+;sbt+,"regional, multi-month",TRUE,"Regional event, stronger south of Point Conception; no sanctuary-specific catalog (designated 2024)",NA,Zaba and Rudnick 2016; Gentemann et al. 2017,https://doi.org/10.1002/2015GL067550 https://doi.org/10.1002/2016gl071039,32,6.649289567264689,2014-07-01,100,TRUE,TRUE,2.407042637169352,1.0788638188922968,1.3281788182770553,93.64406779661016,TRUE,5.913304156704069,5.28449785380253,0.5885183356257099,-1.7058361751760547,-3.85480712567172,-0.5201178701346885,5.913304156704069,5.28449785380253,1.9608808133092994,1.9070322692844832,-4.054498351930083,5.157717413615214
CINMS_2014-01_heatwave,CINMS,2014-16 Northeast Pacific marine heatwave,heatwave,2014-01-01,2016-08-31,sst+;sbt+;chl-,"regional, multi-month",TRUE,Warm-water event from December 2013 to 2016 (up to 5 C); warm-water fish shifts,Condition report 2016; rapid vulnerability assessment 2016,Zaba and Rudnick 2016; Gentemann et al. 2017,https://doi.org/10.1002/2015GL067550 https://doi.org/10.1002/2016gl071039,32,5.533493129597074,2016-02-01,99.633699633699635,TRUE,TRUE,2.3986593518995685,0.7572290650581867,1.641430286841382,100,TRUE,1.5729878094026508,2.1551800807024915,1.0360803589202585,-2.9009892079037356,-0.785532276956743,-2.459092496460929,4.44052949931568,4.7560152296535545,1.4775189987767006,-2.9009892079037356,-3.9025416293099866,5.072964258141538
CINMS_2018-08_heatwave,CINMS,August 2018 Southern California Bight heatwave,heatwave,2018-08-01,2018-09-15,sst+,"regional, short",FALSE,44-day heatwave that tapers toward the islands,NA,Fumo et al. 2020,https://doi.org/10.1029/2019JC015674,2,1.288051993271919,2018-07-01,55.311355311355314,FALSE,FALSE,1.0080829235200655,1.5532846549022559,-0.5452017313821904,27.819548872180448,FALSE,1.0895669625665618,1.0833233227394161,1.3631734965317006,-0.1809913879866995,0.5362985092827435,-1.2298063930798326,1.2703507438552708,2.047188571702606,1.3631734965317006,1.3180869804123845,-1.2966206050898232,-1.2298063930798326
PNMS_2014-08_heatwave,PNMS,2014 marine heatwave,heatwave,2014-08-01,2014-10-31,sst+,"regional, multi-month",TRUE,"Mass coral bleaching in the Northwestern Hawaiian Islands, most severe at Lisianski",NA,Couch et al. 2017,https://doi.org/10.1371/journal.pone.0185121,3,7.130494613066504,2014-10-01,100,TRUE,TRUE,4.392594210501796,1.1095225120425714,3.283071698459225,99.62264150943396,TRUE,6.492965402066729,1.5947544208459508,1.0004236248545235,-3.5347730495271965,-0.47228661601352684,1.1167622698480513,6.492965402066729,1.8211562440942148,1.4119636980870014,-3.5347730495271965,-0.47228661601352684,-1.4983909043333
PNMS_2018-10_storm,PNMS,Hurricane Walaka,storm,2018-10-01,2018-10-31,NA,local or short,FALSE,Category 4 hurricane crossed French Frigate Shoals and washed away most of East Island,NA,Knapp et al. 2010 (IBTrACS),https://doi.org/10.1175/2009BAMS2755.1,1,1.9890721034477012,2018-10-01,71.42857142857143,FALSE,NA,1.9890721034477012,1.8327879268652798,0.15628417658242144,58.80149812734082,FALSE,-2.2425663297736933,-1.0760964275164475,-1.972254866826769,0.03278751998266838,-0.1372913571715172,0.6908230502086212,-2.2425663297736933,-1.0760964275164475,-2.2302251024181254,0.468984090762221,1.0296632490730995,1.567945662984753
PNMS_2019-07_heatwave,PNMS,2019 marine heatwave,heatwave,2019-07-01,2019-11-30,sst+,"regional, multi-month",TRUE,Archipelago-wide heat stress and bleaching in 2019; dates approximate,NA,Winston et al. 2022,https://doi.org/10.1371/journal.pone.0269068,5,3.831600499011817,2019-09-01,94.50549450549451,TRUE,TRUE,2.832397096840179,1.5554290886917839,1.276968008148395,90.49429657794677,TRUE,3.7843160062911645,1.2234154351942663,-0.4763556342806564,-1.0782961432782998,0.026606756953362856,0.4927035047181985,3.7843160062911645,1.2234154351942663,-1.053560815775255,-2.40113716652969,-1.8359604570373402,-1.4031311336879198
HIHWNMS_2014-08_heatwave,HIHWNMS,2014 marine heatwave,heatwave,2014-08-01,2014-11-30,sst+,"regional, multi-month",TRUE,First of two consecutive bleaching years in the main Hawaiian Islands; dates approximate,State coral bleaching recovery plan announced November 2015,Couch et al. 2017,https://doi.org/10.1371/journal.pone.0185121,4,7.000774188698164,2014-10-01,99.26739926739927,TRUE,TRUE,3.0916928060534143,1.3579196283373736,1.7337731777160408,94.31818181818183,TRUE,2.185433527121353,1.2716146236051993,-0.11157776600691881,-0.26609210234923475,0.48219289756501615,6.1831152769255535,2.185433527121353,3.03256483394108,-0.39785824479539245,-0.9682213231824138,-1.2277921771232987,6.1831152769255535
HIHWNMS_2015-07_heatwave,HIHWNMS,2015 marine heatwave,heatwave,2015-07-01,2015-11-30,sst+,"regional, multi-month",TRUE,Mass coral bleaching across the Hawaiian Archipelago,State coral bleaching recovery plan March 2017,Couch et al. 2017,https://doi.org/10.1371/journal.pone.0185121,5,7.130494613066504,2015-08-01,99.81684981684981,TRUE,TRUE,3.594094202465472,1.6507496334606497,1.9433445690048223,96.1977186311787,TRUE,3.2515000487693597,-1.226554196460469,-0.07430398299592293,-3.7204013310515553,-1.2674611093540074,7.006995240346193,3.2515000487693597,3.1434258711782035,-2.3699519805017215,-4.171079769204992,-2.7871150327366947,7.006995240346193
HIHWNMS_2018-08_storm,HIHWNMS,Hurricane Lane,storm,2018-08-01,2018-08-31,precip+,local or short,FALSE,Record rainfall on Hawaii Island; passed south of the sanctuary,NA,Knapp et al. 2010 (IBTrACS),https://doi.org/10.1175/2009BAMS2755.1,1,4.488403808619455,2018-08-01,95.6043956043956,TRUE,TRUE,4.488403808619455,2.058173439614355,2.4302303690050997,96.25468164794007,TRUE,1.323214677801828,-1.0222340698147032,-2.5104631337890204,-0.6274806272040282,2.6183668379137073,1.7870041774184076,1.5218202335463353,-1.0222340698147032,-2.5548113952679117,-2.049522427253018,2.6183668379137073,2.147415050556056
HIHWNMS_2019-06_heatwave,HIHWNMS,2019 marine heatwave,heatwave,2019-06-01,2019-12-31,sst+,"regional, multi-month",TRUE,Third bleaching event in six years,Weekly bleaching reports to the State in 2019,Winston et al. 2022,https://doi.org/10.1371/journal.pone.0269068,7,7.130494613066504,2019-06-01,99.81684981684981,TRUE,TRUE,4.284396062305703,2.689581774130374,1.5948142881753289,93.48659003831418,TRUE,2.8534812496624107,-1.2645667208999436,-1.2533491722573455,-2.910136085845571,4.324254617329974,1.6064571358665467,3.7991315592791155,2.0819673855383645,-2.9849639144538354,-3.8757674327893796,4.324254617329974,1.6064571358665467
NMSAS_2004-01_storm,NMSAS,Cyclone Heta,storm,2004-01-01,2004-01-31,NA,local or short,FALSE,Category 5 cyclone near American Samoa,NA,Knapp et al. 2010 (IBTrACS),https://doi.org/10.1175/2009BAMS2755.1,1,0.4289431970200918,2004-01-01,17.94871794871795,FALSE,NA,0.4289431970200918,1.1186539730695313,-0.6897107760494394,23.220973782771537,FALSE,0.3810312273092666,NA,0.0883310899382722,0.665404501485323,0.4501358932916902,-0.9466739700903062,0.45581598195818923,NA,-0.7889299921444074,0.665404501485323,0.4501358932916902,-0.9466739700903062
NMSAS_2015-01_heatwave,NMSAS,2015 coral heat stress,heatwave,2015-01-01,2015-04-30,sst+,"regional, multi-month",TRUE,Coral bleaching in American Samoa; dates approximate,Rapid vulnerability assessment 2016,ONMS 2022 (American Samoa condition report),https://sanctuaries.noaa.gov/media/docs/2022-nmsas-condition-report.pdf,4,3.2665510662182835,2014-12-01,94.87179487179488,TRUE,TRUE,1.6147982661567828,1.311091795799692,0.30370647035709086,67.42424242424242,FALSE,0.12680314559329953,NA,-2.2466458593722867,-0.5951590654753379,0.42000842447447456,3.671237773240511,1.6084933443508744,NA,-2.7535657250357883,-1.4748855053902323,0.6283176167928232,3.671237773240511
NMSAS_2017-01_heatwave,NMSAS,2017 coral heat stress,heatwave,2017-01-01,2017-04-30,sst+,"regional, multi-month",TRUE,Coral bleaching in American Samoa; dates approximate,NA,ONMS 2022 (American Samoa condition report),https://sanctuaries.noaa.gov/media/docs/2022-nmsas-condition-report.pdf,4,2.380214180365935,2017-04-01,88.27838827838828,TRUE,TRUE,1.9216566178517518,1.9970107976812712,-0.07535417982951942,45.07575757575758,FALSE,1.4428961717075979,NA,-0.8141089132980014,0.7415423392195695,-1.1908165367223225,2.830558376280634,2.381686868055003,NA,-2.2989082328830124,1.5897728607340926,-1.4415014854693662,2.830558376280634
NMSAS_2018-02_storm,NMSAS,Cyclone Gita,storm,2018-02-01,2018-02-28,NA,local or short,FALSE,Cyclone passed American Samoa in February 2018,NA,Knapp et al. 2010 (IBTrACS),https://doi.org/10.1175/2009BAMS2755.1,1,0.892513347055057,2018-03-01,41.391941391941394,FALSE,NA,0.30762744522062085,1.78049979378583,-1.472872348565209,5.992509363295881,FALSE,-0.2413427823290412,NA,0.19160645288195327,1.4431170615212654,-0.4932528702720833,-1.2074683824144155,-0.39434987897873275,NA,0.2116922979486166,1.4431170615212654,-0.9598935421144709,1.2970992801247065
NMSAS_2020-01_heatwave,NMSAS,2020 coral heat stress,heatwave,2020-01-01,2020-04-30,sst+,"regional, multi-month",TRUE,Coral bleaching in American Samoa; dates approximate,Advisory-council climate working group 2021,ONMS 2022 (American Samoa condition report),https://sanctuaries.noaa.gov/media/docs/2022-nmsas-condition-report.pdf,4,3.698335624427814,2020-03-01,97.06959706959707,TRUE,TRUE,2.6239095604465956,1.3186938046006134,1.3052157558459823,94.6969696969697,TRUE,1.2864297345858684,NA,-1.7211383447533732,-2.0381840025686686,3.0711803208415116,-1.9766519498704933,1.9157981320860256,NA,-1.7211383447533732,-2.0381840025686686,3.0711803208415116,3.0781002537136324
NMSAS_2024-01_heatwave,NMSAS,2024 coral heat stress,heatwave,2024-01-01,2024-05-31,sst+,"regional, multi-month",TRUE,"Highest accumulated heat stress in the virtual-station record, with little bleaching reported; dates approximate",NA,NOAA Coral Reef Watch regional virtual station (Samoas),https://coralreefwatch.noaa.gov/product/vs/data.php,5,3.5690158145120763,2024-05-01,96.33699633699634,TRUE,TRUE,2.6535555773967547,2.06283420558359,0.5907213718131645,85.17110266159695,FALSE,3.9656546349234434,NA,-0.14676294189721956,0.357741916206536,0.048388166232170154,0.8303929653245365,3.9656546349234434,NA,-0.9204495096729378,-1.830811350459324,1.260826172529934,-3.09615186725385
FGBNMS_2008-09_storm,FGBNMS,Hurricane Ike cold wake,storm,2008-09-01,2008-10-31,sst-;mld+,"regional, multi-month",TRUE,Cold wake that persisted into October,NA,Knapp et al. 2010 (IBTrACS),https://doi.org/10.1175/2009BAMS2755.1,2,3.1445211625913236,2008-09-01,94.50549450549451,TRUE,FALSE,2.756368961368153,0.7651153187356557,1.991253642632497,97.36842105263158,TRUE,-2.4800482387464204,1.1513102629383565,0.0737238185406445,1.416117378540709,0.6120148851380453,1.620073284768631,-2.4800482387464204,1.1513102629383565,-0.1421800315800849,1.416117378540709,1.30735989812847,1.620073284768631
FGBNMS_2010-01_cold,FGBNMS,2010 cold winter,cold,2010-01-01,2010-03-31,sst-;sbt-,"regional, multi-month",TRUE,Coldest months of the regional record; peak in March,NA,ONMS 2024 (Flower Garden Banks condition report),https://sanctuaries.noaa.gov/media/docs/2024-fgbnms-condition-report.pdf,3,2.9545269643959418,2010-04-01,93.77289377289377,TRUE,TRUE,1.7307492085363345,0.9142473826408095,0.816501825895525,85.66037735849056,FALSE,-2.0622186832183633,-1.578187539433884,-1.5483340804803798,-1.4923279206044124,2.3674055581116655,-1.0078268636131884,-2.2885763083801156,-1.578187539433884,-1.5483340804803798,1.7299922843896816,2.616085750304811,1.700886596508982
FGBNMS_2016-07_hypoxia,FGBNMS,July 2016 localized mortality event,hypoxia,2016-07-01,2016-07-31,NA,local or short,FALSE,Hypoxia under a turbid low-salinity layer killed invertebrates over 5.6 ha of East Flower Garden Bank; preceded by Texas floods April-July,Response dives within two days; bottom sensor array from August 2016; symposium 2018,Johnston et al. 2019a; Le Hénaff et al. 2019,https://doi.org/10.5343/bms.2018.0057 https://doi.org/10.1016/j.csr.2019.103988,1,5.268650408554267,2016-07-01,98.53479853479854,TRUE,NA,5.268650408554267,1.4862346065366983,3.7824158020175687,98.12734082397003,TRUE,2.3102936764768254,0.12292989589435012,-1.0639572065692622,0.062141415666819376,4.412327101501041,-0.49048310511685483,2.3102936764768254,1.0972773426096192,-1.0639572065692622,2.1003074511883435,4.412327101501041,1.5110061869115403
FGBNMS_2016-08_heatwave,FGBNMS,2016 coral bleaching,heatwave,2016-08-01,2016-10-31,sst+,"regional, multi-month",TRUE,67% of monitored cover bleached or pale at East Flower Garden Bank,NA,Johnston et al. 2019b,https://doi.org/10.1007/s00338-019-01788-7,3,5.268650408554267,2016-07-01,98.53479853479854,TRUE,TRUE,0.8902935199223427,1.6885139216066392,-0.7982204016842964,9.433962264150944,FALSE,2.3102936764768254,0.12292989589435012,-1.0639572065692622,0.062141415666819376,4.412327101501041,-0.49048310511685483,2.3102936764768254,1.4822617761487082,-1.0639572065692622,2.1003074511883435,4.412327101501041,-0.8502581104373064
FGBNMS_2017-08_storm,FGBNMS,Hurricane Harvey,storm,2017-08-01,2017-09-30,sss-;precip+,local or short,FALSE,Extreme rainfall on the Texas coast and a low-salinity plume offshore,NA,Knapp et al. 2010 (IBTrACS),https://doi.org/10.1175/2009BAMS2755.1,2,3.444895618144525,2017-09-01,95.97069597069597,TRUE,FALSE,2.7431023702158193,1.5248542131642697,1.2182481570515495,89.47368421052632,FALSE,-2.155173430782734,-0.9700638926843711,0.9750880934654526,-0.6425318739700767,0.49276994835000015,-3.492955330256587,-2.155173430782734,-0.9700638926843711,0.9750880934654526,2.5258449807866694,2.16968904267479,-3.492955330256587
FGBNMS_2023-07_heatwave,FGBNMS,2023 coral bleaching,heatwave,2023-07-01,2023-10-31,sst+,"regional, multi-month",TRUE,Heat stress and bleaching reported by divers,Response cruises September and November 2023,ONMS 2024 (Flower Garden Banks condition report),https://sanctuaries.noaa.gov/media/docs/2024-fgbnms-condition-report.pdf,4,4.118897301493237,2023-09-01,97.43589743589743,TRUE,TRUE,1.9402015738859135,1.2691200076368874,0.6710815662490262,82.57575757575758,FALSE,3.8061635731658714,0.06815643329922379,1.5281199727087507,-0.11503681551203786,-1.035680324425946,-3.0567500903670837,3.8061635731658714,1.1068548189193155,1.5281199727087507,-0.7474240665017055,-1.6848684414379795,-3.0567500903670837
FKNMS_2010-01_cold,FKNMS,2010 cold winter,cold,2010-01-01,2010-03-31,sst-;sbt-,"regional, multi-month",TRUE,Catastrophic inshore coral mortality in January; coldest months of the record,NA,Lirman et al. 2011; Colella et al. 2012,https://doi.org/10.1371/journal.pone.0023047 https://doi.org/10.1007/s00338-012-0880-5,3,3.1183922115009604,2010-03-01,91.20879120879121,TRUE,TRUE,1.479821346794456,0.9267612681863402,0.5530600786081159,78.11320754716982,FALSE,-2.3569403031331726,-2.33239512963169,-2.3273264536203677,0.5292058268815661,1.8711518738660102,0.3856597689093594,-2.3569403031331726,-2.33239512963169,-2.3273264536203677,1.4588930790691188,1.8711518738660102,1.556322194837105
FKNMS_2014-08_heatwave,FKNMS,2014 summer bleaching,heatwave,2014-08-01,2014-09-30,sst+,"regional, short",FALSE,Bleaching with small anomalies relative to the variance (weak event),NA,NOAA Coral Reef Watch regional virtual station (Florida Keys),https://coralreefwatch.noaa.gov/product/vs/data.php,2,4.215423527376447,2014-10-01,97.06959706959707,TRUE,TRUE,2.265057887870435,1.1621423602873269,1.1029155275831082,87.21804511278195,FALSE,0.29211147179746755,0.35546018773318144,-5.231232166464461,-2.024551315895686,0.994559864863171,0.19076510135278982,2.347050164493463,2.687161055799485,-5.231232166464461,-2.024551315895686,1.989536474680899,-1.1876996685914254
FKNMS_2015-08_heatwave,FKNMS,2015 summer bleaching,heatwave,2015-08-01,2015-09-30,sst+,"regional, short",FALSE,Bleaching with small anomalies relative to the variance (weak event),NA,NOAA Coral Reef Watch regional virtual station (Florida Keys),https://coralreefwatch.noaa.gov/product/vs/data.php,2,3.1686816102748447,2015-09-01,91.94139194139194,TRUE,TRUE,2.4414557727834114,1.3202790390077177,1.1211767337756937,87.96992481203007,FALSE,1.800828123736622,1.3491996122726244,-2.7004675986603033,-1.8559126709291278,2.6915780396013447,0.4195944539491558,1.800828123736622,1.461462058037763,-2.7004675986603033,-1.8559126709291278,2.6915780396013447,-2.0625705713565536
FKNMS_2017-09_storm,FKNMS,Hurricane Irma,storm,2017-09-01,2017-09-30,NA,local or short,FALSE,Category 4 landfall in the Lower Keys; little change in monthly temperature,NA,Knapp et al. 2010 (IBTrACS),https://doi.org/10.1175/2009BAMS2755.1,1,3.0577703190472185,2017-08-01,90.47619047619048,TRUE,NA,1.911842050103501,1.6309658669252958,0.2808761831782052,67.04119850187266,FALSE,1.1484424074863435,0.9509883606995524,0.8668703537515348,1.9073248208976774,1.853851883637293,-1.8410925804391194,1.1484424074863435,0.9509883606995524,-2.805242264185048,1.9073248208976774,2.339957400279586,-1.8410925804391194
FKNMS_2023-06_heatwave,FKNMS,2023 marine heatwave,heatwave,2023-06-01,2023-09-30,sst+;sbt+,"regional, multi-month",TRUE,Record heat stress; near-total bleaching and mortality at inshore sites,Coral nursery stock evacuated and gene-banked by 28 July 2023; Coral Reef Watch alert levels 3-5 added December 2023,Neely et al. 2024,https://doi.org/10.3389/fmars.2024.1489273,4,7.130494613066504,2023-07-01,99.633699633699635,TRUE,TRUE,5.970094889428126,1.7219291647061894,4.248165724721937,100,TRUE,4.549557321024558,3.6016850373303546,1.1992682686698628,-0.5370463491032056,4.449630892459813,-1.4509250130155502,4.549557321024558,3.6016850373303546,-3.498421200660943,-0.9854659126070624,4.62981533078798,-1.4509250130155502
GRNMS_2003-06_cold,GRNMS,Summer 2003 cold event,cold,2003-06-01,2003-08-31,sbt-;sst-,"regional, multi-month",TRUE,Bottom water 5-7 C below climatology across the South Atlantic Bight,NA,Aretxabaleta et al. 2006,https://doi.org/10.1029/2005JC003105,3,2.041151801590648,2003-08-01,83.15018315018315,TRUE,TRUE,1.1301264975371148,NA,NA,NA,NA,-1.4850146216665328,-1.9882069709262984,-1.111470095768819,-0.581138576821778,0.9409503005351423,-1.783075871492505,-1.9325335055496957,-1.9882069709262984,-1.3777579747271864,-1.824769708152584,1.2957339467025666,-1.783075871492505
GRNMS_2010-01_cold,GRNMS,2010 cold winter,cold,2010-01-01,2010-03-31,sst-;sbt-,"regional, multi-month",TRUE,Coldest months of the buoy record,NA,NOAA NDBC buoy records (research notes),https://www.ndbc.noaa.gov/,3,1.0814418624570932,2010-02-01,54.57875457875458,FALSE,FALSE,0.8691397333606695,0.7904668154859664,0.0786729178747031,58.867924528301884,FALSE,-1.2419314504477605,-1.246648922487669,-1.5295249290214525,0.41569224904570967,1.1343137699034818,-0.22416431223438754,-1.3753279405109358,-1.246648922487669,-1.5295249290214525,-0.5066790053209802,1.6142571113620894,1.7890724906226858
GRNMS_2016-10_storm,GRNMS,Hurricane Matthew,storm,2016-10-01,2016-10-31,NA,local or short,FALSE,Centre passed about 15 nautical miles from the sanctuary,NA,Knapp et al. 2010 (IBTrACS),https://doi.org/10.1175/2009BAMS2755.1,1,2.797836376564648,2016-09-01,93.04029304029304,TRUE,NA,2.2919521486444685,1.5637422352975048,0.7282099133469637,82.77153558052434,FALSE,0.7677538925061937,0.7790113202411076,0.7754212426265725,-2.090593690778801,-0.35724629685615306,1.7876214818446186,0.7677538925061937,0.7790113202411076,-1.2079344307507776,-2.090593690778801,0.6652708530195944,2.627341083702502
GRNMS_2017-09_storm,GRNMS,Hurricane Irma,storm,2017-09-01,2017-09-30,NA,local or short,FALSE,Regional storm; little change in monthly temperature,NA,Knapp et al. 2010 (IBTrACS),https://doi.org/10.1175/2009BAMS2755.1,1,1.570567276967444,2017-10-01,73.99267399267399,FALSE,NA,0.592994365782334,1.5214889322919594,-0.9284945665096254,13.48314606741573,FALSE,0.5935400051971896,0.4816693747268701,-1.343833200947379,0.5623750267598919,-0.16755663703164547,-1.1227900057461302,0.5935400051971896,0.9138671987008873,-1.6544823539464577,-0.7977829858420807,0.29572890499262705,1.3501506683484679
GRNMS_2018-01_cold,GRNMS,January 2018 cold spell,cold,2018-01-01,2018-01-31,sst-;sbt-,"regional, short",FALSE,One-month cold outbreak,NA,NOAA NDBC buoy records (research notes),https://www.ndbc.noaa.gov/,1,4.8593881147901294,2018-02-01,99.633699633699635,TRUE,TRUE,3.421642852284126,1.4528992103040006,1.9687436419801252,96.62921348314607,TRUE,0.31808653520024843,-0.15617951658936705,-4.183016887082614,-2.3923188635332826,-1.4251760911866558,-1.0818928338440046,-2.5229136327888333,-2.589179842177843,-4.183016887082614,-2.3923188635332826,-1.427505966798615,-1.0818928338440046
GRNMS_2019-09_storm,GRNMS,Hurricane Dorian,storm,2019-09-01,2019-09-30,NA,local or short,FALSE,Regional storm; little change in monthly temperature,NA,Knapp et al. 2010 (IBTrACS),https://doi.org/10.1175/2009BAMS2755.1,1,1.7227482226033854,2019-08-01,77.65567765567765,FALSE,NA,1.0507166038982119,1.8091106390845735,-0.7583940351863616,19.101123595505616,FALSE,0.5121177905181458,1.177128504224371,1.4547012756020916,0.970783400294417,0.31590787150170035,-1.0884630406956148,1.3510789025597496,1.2838650385762724,1.4547012756020916,1.7063030367019927,0.407069428145459,1.6811785396620578
MNMS_2003-09_storm,MNMS,Hurricane Isabel,storm,2003-09-01,2003-09-30,sst-,local or short,FALSE,Eye passed within about a mile of the wreck,NOAA and Navy expedition documented damage in 2004,Knapp et al. 2010 (IBTrACS),https://doi.org/10.1175/2009BAMS2755.1,1,1.52114031444142,2003-08-01,62.637362637362635,FALSE,TRUE,0.6612406890128161,1.3196355507072095,-0.6583948616943934,26.217228464419474,FALSE,-1.8098257558277535,-2.084102443767925,-0.8461165380171918,-1.1093853276194914,1.272528499112929,1.4634541799250753,-1.8098257558277535,-2.084102443767925,-0.8461165380171918,-1.6678485253717379,1.272528499112929,1.4634541799250753
MNMS_2010-12_cold,MNMS,Cold winter 2010-11,cold,2010-12-01,2011-02-28,sst-;sbt-,"regional, multi-month",TRUE,Coldest December of the buoy record,NA,NOAA NDBC buoy records (research notes),https://www.ndbc.noaa.gov/,3,2.226534023851844,2011-01-01,83.15018315018315,TRUE,TRUE,1.7050157098774084,0.8443903486195393,0.860625361257869,86.41509433962264,FALSE,-2.526296600674884,-1.8964440052127627,-2.685294620591026,-0.9144294561327009,0.9474470000536978,0.472834717111231,-2.551178755519571,-2.4765784277157956,-2.685294620591026,1.1480016311948587,2.281655696437978,1.2769187223941159
MNMS_2017-02_heatwave,MNMS,Early-2017 Mid-Atlantic Bight heatwave,heatwave,2017-02-01,2017-04-30,sst+,"regional, multi-month",TRUE,Advective heatwave on the Mid-Atlantic Bight shelf,NA,Gawarkiewicz et al. 2019,https://doi.org/10.3389/fmars.2019.00712,3,2.989378924976665,2017-02-01,93.04029304029304,TRUE,TRUE,2.334226812991306,1.8832800527893787,0.45094676020192725,72.45283018867924,FALSE,1.2493730958894278,0.7695304444375314,0.8724727761134181,-0.28941741987941616,-2.0726092354129335,-3.6543988143086867,2.3575906174393055,3.2557378213207344,1.546621790319173,1.8447367572685633,-3.1798440020495824,-3.6543988143086867
MNMS_2019-09_storm,MNMS,Hurricane Dorian,storm,2019-09-01,2019-09-30,sst-,local or short,FALSE,Landfall at Cape Hatteras,NA,Knapp et al. 2010 (IBTrACS),https://doi.org/10.1175/2009BAMS2755.1,1,1.4257934720170722,2019-09-01,59.70695970695971,FALSE,FALSE,1.4257934720170722,1.7871850076180302,-0.36139153560095805,40.823970037453186,FALSE,0.34755706722841445,0.8825000572034062,1.212416127553041,1.54753445908624,0.8013848397855056,-0.474632857770897,0.6897207340525575,1.3281087402019798,1.212416127553041,1.54753445908624,0.8013848397855056,-1.0228347900853694
SBNMS_2012-01_heatwave,SBNMS,2012 Northwest Atlantic marine heatwave,heatwave,2012-01-01,2012-12-31,sst+;sbt+,"regional, multi-month",TRUE,Warmest year on record from the Gulf of Maine to Cape Hatteras; early lobster landings,NA,Mills et al. 2013; Chen et al. 2014,https://doi.org/10.5670/oceanog.2013.27 https://doi.org/10.1002/2013JC009393,12,3.5491745321484345,2012-03-01,90.10989010989012,TRUE,TRUE,2.176491615397478,0.6745034552098312,1.5019881601876466,100,TRUE,2.525800857776277,2.6214598510706124,0.1322407012992683,-1.0567072060010265,2.419070351622278,-0.8133065171057846,2.525800857776277,2.6214598510706124,1.8227239885017459,1.776908663260614,2.419070351622278,1.5385364950352949
SBNMS_2016-07_heatwave,SBNMS,2016 Gulf of Maine marine heatwave,heatwave,2016-07-01,2016-09-30,sst+;sbt+,"regional, multi-month",TRUE,Second documented Gulf of Maine heatwave,NA,Pershing et al. 2018,https://doi.org/10.5670/oceanog.2018.213,3,3.78625523659015,2016-10-01,93.77289377289377,TRUE,TRUE,1.6707486439299626,2.000825829609765,-0.3300771856798026,31.69811320754717,FALSE,1.0841695867965333,3.128208619056554,1.5402457291331273,1.1560469334365382,-2.2058102897534524,0.7479467470471886,1.990034456951471,3.128208619056554,1.6923359891502643,1.1560469334365382,-2.2058102897534524,-1.7921464331831922
