nms,period,e_pct,sigma_median,null_q50,null_q95,p_value,e_res_pct
OCNMS,base,9.166666666666666,0.7923899552477756,8.333333333333332,12.5,0.494,10.833333333333334
OCNMS,2013-2015,44.44444444444444,1.8076179765527005,8.333333333333332,19.444444444444446,0.002,47.22222222222222
OCNMS,2016-2020,31.666666666666664,1.3074711542165605,8.333333333333332,18.333333333333332,0.001,21.666666666666668
OCNMS,2021-2025,24.561403508771928,1.4299570166149427,7.017543859649122,19.29824561403509,0.011,22.807017543859647
OCNMS,post,32.02614379084967,1.4717137885260414,8.49673202614379,15.68627450980392,0.001,28.104575163398692
GFNMS,base,5.833333333333333,0.7869686132899347,8.333333333333332,11.666666666666666,0.922,8.333333333333332
GFNMS,2013-2015,44.44444444444444,1.6064711361701147,8.333333333333332,19.444444444444446,0.001,33.33333333333333
GFNMS,2016-2020,36.666666666666664,1.6038641131646374,6.666666666666667,16.666666666666664,0.001,26.666666666666668
GFNMS,2021-2025,35.08771929824561,1.490624264327542,7.017543859649122,17.543859649122805,0.001,33.33333333333333
GFNMS,post,37.908496732026144,1.545648748622809,7.84313725490196,13.725490196078432,0.001,30.718954248366014
CBNMS,base,7.5,0.8542090847412297,8.333333333333332,11.666666666666666,0.736,8.333333333333332
CBNMS,2013-2015,47.22222222222222,1.8739261620485919,8.333333333333332,19.444444444444446,0.001,36.11111111111111
CBNMS,2016-2020,36.666666666666664,1.6129264485825374,8.333333333333332,16.666666666666664,0.001,21.666666666666668
CBNMS,2021-2025,29.82456140350877,1.3881630561501663,7.017543859649122,17.543859649122805,0.001,26.31578947368421
CBNMS,post,36.60130718954248,1.6257054701818328,7.84313725490196,15.032679738562091,0.001,26.797385620915033
MBNMS,base,7.5,0.783833296532942,8.333333333333332,12.5,0.772,10
MBNMS,2013-2015,41.66666666666667,1.8368527219449353,8.333333333333332,19.72222222222197,0.005,33.33333333333333
MBNMS,2016-2020,48.333333333333336,1.8973012400058062,8.333333333333332,20,0.001,35
MBNMS,2021-2025,49.122807017543856,1.9764912360675493,8.771929824561402,21.052631578947366,0.001,26.31578947368421
MBNMS,post,47.05882352941176,1.943069262525505,8.49673202614379,16.33986928104575,0.001,31.372549019607842
CPNMS,base,5.833333333333333,0.8891466278602871,9.166666666666666,12.5,0.951,5.833333333333333
CPNMS,2013-2015,44.44444444444444,1.711611697840413,8.333333333333332,25,0.006,33.33333333333333
CPNMS,2016-2020,41.66666666666667,1.5610503378403087,8.333333333333332,23.333333333333332,0.01,30
CPNMS,2021-2025,31.57894736842105,1.4268710958390782,8.771929824561402,24.561403508771928,0.024,14.035087719298245
CPNMS,post,38.56209150326798,1.5613978330695877,9.15032679738562,19.607843137254903,0.002,24.836601307189543
CINMS,base,7.5,0.8198351055536574,9.166666666666666,13.333333333333334,0.83,8.333333333333332
CINMS,2013-2015,47.22222222222222,1.7590121201125926,8.333333333333332,27.77777777777778,0.008,22.22222222222222
CINMS,2016-2020,35,1.6378426913501052,10,25,0.013,25
CINMS,2021-2025,22.807017543859647,1.2749529198767406,8.771929824561402,28.07017543859649,0.108,12.280701754385964
CINMS,post,33.33333333333333,1.4990901711851172,9.803921568627452,21.568627450980394,0.006,19.607843137254903
PNMS,base,15.833333333333332,0.8224011318242291,11.666666666666666,16.666666666666664,0.112,15
PNMS,2013-2015,33.33333333333333,1.2074966982807958,11.11111111111111,44.44444444444444,0.111,52.77777777777778
PNMS,2016-2020,40,1.7345651878240715,11.666666666666666,43.333333333333336,0.065,38.333333333333336
PNMS,2021-2025,38.59649122807017,1.5153603474867239,12.280701754385964,43.859649122807014,0.08,31.57894736842105
PNMS,post,37.908496732026144,1.5153603474867239,13.071895424836605,35.35947712418295,0.041,39.21568627450981
HIHWNMS,base,10,0.9027153143868475,9.166666666666666,14.166666666666666,0.452,10.833333333333334
HIHWNMS,2013-2015,36.11111111111111,1.4209232881333873,8.333333333333332,25,0.015,30.555555555555557
HIHWNMS,2016-2020,63.33333333333333,2.740127988993319,8.333333333333332,23.333333333333332,0.001,45
HIHWNMS,2021-2025,59.64912280701754,2.3148720939201346,8.771929824561402,24.561403508771928,0.001,33.33333333333333
HIHWNMS,post,55.55555555555556,2.2976353503044225,9.15032679738562,20.26143790849673,0.001,37.254901960784316
NMSAS,base,5,0.9301418287883205,10,15,0.988,5.833333333333333
NMSAS,2013-2015,19.444444444444446,1.0469393846963535,8.333333333333332,33.33333333333333,0.191,36.11111111111111
NMSAS,2016-2020,25,1.375063380255202,8.333333333333332,30,0.094,35
NMSAS,2021-2025,35.08771929824561,1.5206130650129848,8.771929824561402,29.82456140350877,0.029,33.33333333333333
NMSAS,post,27.450980392156865,1.3956381364745905,9.803921568627452,24.836601307189543,0.026,34.64052287581699
FGBNMS,base,15,0.8006432242165876,9.166666666666666,13.333333333333334,0.026,15
FGBNMS,2013-2015,19.444444444444446,1.057339860048069,8.333333333333332,25,0.149,16.666666666666664
FGBNMS,2016-2020,20,1.0619332388598246,8.333333333333332,23.333333333333332,0.094,18.333333333333332
FGBNMS,2021-2025,29.82456140350877,1.1208399013305548,8.771929824561402,22.807017543859647,0.018,17.543859649122805
FGBNMS,post,23.52941176470588,1.1120264417576897,9.15032679738562,19.607843137254903,0.023,17.647058823529413
FKNMS,base,8.333333333333332,0.803072488771442,8.333333333333332,11.666666666666666,0.528,7.5
FKNMS,2013-2015,30.555555555555557,1.3403272304500917,8.333333333333332,16.666666666666664,0.003,19.444444444444446
FKNMS,2016-2020,40,1.4041249234169606,6.666666666666667,16.666666666666664,0.001,33.33333333333333
FKNMS,2021-2025,42.10526315789473,1.685307278404817,7.017543859649122,15.789473684210526,0.001,35.08771929824561
FKNMS,post,38.56209150326798,1.4247058914580957,7.18954248366013,13.725490196078432,0.001,30.718954248366014
GRNMS,base,11.666666666666666,0.7060842163764348,7.5,11.666666666666666,0.076,11.666666666666666
GRNMS,2013-2015,16.666666666666664,1.2290681034766355,5.555555555555555,19.444444444444446,0.105,8.333333333333332
GRNMS,2016-2020,28.333333333333332,1.4600842430177288,6.666666666666667,16.666666666666664,0.005,26.666666666666668
GRNMS,2021-2025,17.543859649122805,0.9293282465395715,7.017543859649122,17.543859649122805,0.062,15.789473684210526
GRNMS,post,21.568627450980394,1.159509847157558,7.18954248366013,14.37908496732026,0.006,18.30065359477124
MNMS,base,11.666666666666666,0.6448653648619378,8.333333333333332,11.666666666666666,0.08,9.166666666666666
MNMS,2013-2015,19.444444444444446,1.1792648786338356,5.555555555555555,16.666666666666664,0.05,22.22222222222222
MNMS,2016-2020,41.66666666666667,1.7133198239076033,6.666666666666667,16.666666666666664,0.001,35
MNMS,2021-2025,33.33333333333333,1.5919051934277222,7.017543859649122,15.789473684210526,0.001,22.807017543859647
MNMS,post,33.33333333333333,1.512422816048433,7.18954248366013,14.37908496732026,0.001,27.450980392156865
SBNMS,base,14.166666666666666,0.8818356834718821,10,15,0.123,18.333333333333332
SBNMS,2013-2015,36.11111111111111,1.3598888455970362,8.333333333333332,30.555555555555557,0.035,38.88888888888889
SBNMS,2016-2020,43.333333333333336,1.8959739515721088,8.333333333333332,30,0.008,35
SBNMS,2021-2025,52.63157894736842,2.1316174032036006,8.771929824561402,28.07017543859649,0.004,43.859649122807014
SBNMS,post,45.09803921568628,1.9219518552176202,9.15032679738562,23.594771241830003,0.001,39.21568627450981
