nms,season,period,e_pct
OCNMS,DJF,base,0
OCNMS,DJF,2013-2015,22.22222222222222
OCNMS,DJF,2016-2020,6.666666666666667
OCNMS,DJF,2021-2025,14.285714285714285
OCNMS,DJF,post,13.157894736842104
OCNMS,MAM,base,6.666666666666667
OCNMS,MAM,2013-2015,44.44444444444444
OCNMS,MAM,2016-2020,46.666666666666664
OCNMS,MAM,2021-2025,6.666666666666667
OCNMS,MAM,post,30.76923076923077
OCNMS,JJA,base,10
OCNMS,JJA,2013-2015,33.33333333333333
OCNMS,JJA,2016-2020,33.33333333333333
OCNMS,JJA,2021-2025,40
OCNMS,JJA,post,35.8974358974359
OCNMS,SON,base,20
OCNMS,SON,2013-2015,77.77777777777779
OCNMS,SON,2016-2020,40
OCNMS,SON,2021-2025,38.46153846153847
OCNMS,SON,post,48.64864864864865
GFNMS,DJF,base,3.3333333333333335
GFNMS,DJF,2013-2015,44.44444444444444
GFNMS,DJF,2016-2020,66.66666666666666
GFNMS,DJF,2021-2025,21.428571428571427
GFNMS,DJF,post,44.73684210526316
GFNMS,MAM,base,3.3333333333333335
GFNMS,MAM,2013-2015,11.11111111111111
GFNMS,MAM,2016-2020,20
GFNMS,MAM,2021-2025,13.333333333333334
GFNMS,MAM,post,15.384615384615385
GFNMS,JJA,base,3.3333333333333335
GFNMS,JJA,2013-2015,55.55555555555556
GFNMS,JJA,2016-2020,26.666666666666668
GFNMS,JJA,2021-2025,26.666666666666668
GFNMS,JJA,post,33.33333333333333
GFNMS,SON,base,13.333333333333334
GFNMS,SON,2013-2015,66.66666666666666
GFNMS,SON,2016-2020,33.33333333333333
GFNMS,SON,2021-2025,84.61538461538461
GFNMS,SON,post,59.45945945945946
CBNMS,DJF,base,3.3333333333333335
CBNMS,DJF,2013-2015,44.44444444444444
CBNMS,DJF,2016-2020,66.66666666666666
CBNMS,DJF,2021-2025,50
CBNMS,DJF,post,55.26315789473685
CBNMS,MAM,base,6.666666666666667
CBNMS,MAM,2013-2015,33.33333333333333
CBNMS,MAM,2016-2020,33.33333333333333
CBNMS,MAM,2021-2025,0
CBNMS,MAM,post,20.51282051282051
CBNMS,JJA,base,6.666666666666667
CBNMS,JJA,2013-2015,44.44444444444444
CBNMS,JJA,2016-2020,20
CBNMS,JJA,2021-2025,20
CBNMS,JJA,post,25.64102564102564
CBNMS,SON,base,13.333333333333334
CBNMS,SON,2013-2015,66.66666666666666
CBNMS,SON,2016-2020,26.666666666666668
CBNMS,SON,2021-2025,53.84615384615385
CBNMS,SON,post,45.94594594594595
MBNMS,DJF,base,3.3333333333333335
MBNMS,DJF,2013-2015,33.33333333333333
MBNMS,DJF,2016-2020,60
MBNMS,DJF,2021-2025,35.714285714285715
MBNMS,DJF,post,44.73684210526316
MBNMS,MAM,base,0
MBNMS,MAM,2013-2015,22.22222222222222
MBNMS,MAM,2016-2020,33.33333333333333
MBNMS,MAM,2021-2025,20
MBNMS,MAM,post,25.64102564102564
MBNMS,JJA,base,10
MBNMS,JJA,2013-2015,44.44444444444444
MBNMS,JJA,2016-2020,53.333333333333336
MBNMS,JJA,2021-2025,60
MBNMS,JJA,post,53.84615384615385
MBNMS,SON,base,16.666666666666664
MBNMS,SON,2013-2015,66.66666666666666
MBNMS,SON,2016-2020,46.666666666666664
MBNMS,SON,2021-2025,84.61538461538461
MBNMS,SON,post,64.86486486486487
CPNMS,DJF,base,0
CPNMS,DJF,2013-2015,44.44444444444444
CPNMS,DJF,2016-2020,46.666666666666664
CPNMS,DJF,2021-2025,21.428571428571427
CPNMS,DJF,post,36.84210526315789
CPNMS,MAM,base,10
CPNMS,MAM,2013-2015,11.11111111111111
CPNMS,MAM,2016-2020,20
CPNMS,MAM,2021-2025,6.666666666666667
CPNMS,MAM,post,12.82051282051282
CPNMS,JJA,base,3.3333333333333335
CPNMS,JJA,2013-2015,66.66666666666666
CPNMS,JJA,2016-2020,46.666666666666664
CPNMS,JJA,2021-2025,73.33333333333333
CPNMS,JJA,post,61.53846153846154
CPNMS,SON,base,10
CPNMS,SON,2013-2015,55.55555555555556
CPNMS,SON,2016-2020,53.333333333333336
CPNMS,SON,2021-2025,23.076923076923077
CPNMS,SON,post,43.24324324324324
CINMS,DJF,base,6.666666666666667
CINMS,DJF,2013-2015,44.44444444444444
CINMS,DJF,2016-2020,40
CINMS,DJF,2021-2025,50
CINMS,DJF,post,44.73684210526316
CINMS,MAM,base,13.333333333333334
CINMS,MAM,2013-2015,33.33333333333333
CINMS,MAM,2016-2020,26.666666666666668
CINMS,MAM,2021-2025,20
CINMS,MAM,post,25.64102564102564
CINMS,JJA,base,10
CINMS,JJA,2013-2015,44.44444444444444
CINMS,JJA,2016-2020,46.666666666666664
CINMS,JJA,2021-2025,0
CINMS,JJA,post,28.205128205128204
CINMS,SON,base,0
CINMS,SON,2013-2015,66.66666666666666
CINMS,SON,2016-2020,26.666666666666668
CINMS,SON,2021-2025,23.076923076923077
CINMS,SON,post,35.13513513513514
PNMS,DJF,base,13.333333333333334
PNMS,DJF,2013-2015,22.22222222222222
PNMS,DJF,2016-2020,13.333333333333334
PNMS,DJF,2021-2025,28.57142857142857
PNMS,DJF,post,21.052631578947366
PNMS,MAM,base,10
PNMS,MAM,2013-2015,33.33333333333333
PNMS,MAM,2016-2020,20
PNMS,MAM,2021-2025,6.666666666666667
PNMS,MAM,post,17.94871794871795
PNMS,JJA,base,20
PNMS,JJA,2013-2015,22.22222222222222
PNMS,JJA,2016-2020,66.66666666666666
PNMS,JJA,2021-2025,40
PNMS,JJA,post,46.15384615384615
PNMS,SON,base,20
PNMS,SON,2013-2015,55.55555555555556
PNMS,SON,2016-2020,60
PNMS,SON,2021-2025,84.61538461538461
PNMS,SON,post,67.56756756756756
HIHWNMS,DJF,base,6.666666666666667
HIHWNMS,DJF,2013-2015,22.22222222222222
HIHWNMS,DJF,2016-2020,73.33333333333333
HIHWNMS,DJF,2021-2025,57.14285714285714
HIHWNMS,DJF,post,55.26315789473685
HIHWNMS,MAM,base,13.333333333333334
HIHWNMS,MAM,2013-2015,22.22222222222222
HIHWNMS,MAM,2016-2020,53.333333333333336
HIHWNMS,MAM,2021-2025,53.333333333333336
HIHWNMS,MAM,post,46.15384615384615
HIHWNMS,JJA,base,13.333333333333334
HIHWNMS,JJA,2013-2015,55.55555555555556
HIHWNMS,JJA,2016-2020,60
HIHWNMS,JJA,2021-2025,86.66666666666667
HIHWNMS,JJA,post,69.23076923076923
HIHWNMS,SON,base,6.666666666666667
HIHWNMS,SON,2013-2015,44.44444444444444
HIHWNMS,SON,2016-2020,66.66666666666666
HIHWNMS,SON,2021-2025,38.46153846153847
HIHWNMS,SON,post,51.35135135135135
NMSAS,DJF,base,3.3333333333333335
NMSAS,DJF,2013-2015,33.33333333333333
NMSAS,DJF,2016-2020,26.666666666666668
NMSAS,DJF,2021-2025,14.285714285714285
NMSAS,DJF,post,23.684210526315788
NMSAS,MAM,base,3.3333333333333335
NMSAS,MAM,2013-2015,0
NMSAS,MAM,2016-2020,26.666666666666668
NMSAS,MAM,2021-2025,46.666666666666664
NMSAS,MAM,post,28.205128205128204
NMSAS,JJA,base,6.666666666666667
NMSAS,JJA,2013-2015,22.22222222222222
NMSAS,JJA,2016-2020,20
NMSAS,JJA,2021-2025,46.666666666666664
NMSAS,JJA,post,30.76923076923077
NMSAS,SON,base,6.666666666666667
NMSAS,SON,2013-2015,22.22222222222222
NMSAS,SON,2016-2020,26.666666666666668
NMSAS,SON,2021-2025,30.76923076923077
NMSAS,SON,post,27.027027027027028
FGBNMS,DJF,base,13.333333333333334
FGBNMS,DJF,2013-2015,11.11111111111111
FGBNMS,DJF,2016-2020,13.333333333333334
FGBNMS,DJF,2021-2025,21.428571428571427
FGBNMS,DJF,post,15.789473684210526
FGBNMS,MAM,base,10
FGBNMS,MAM,2013-2015,44.44444444444444
FGBNMS,MAM,2016-2020,20
FGBNMS,MAM,2021-2025,26.666666666666668
FGBNMS,MAM,post,28.205128205128204
FGBNMS,JJA,base,13.333333333333334
FGBNMS,JJA,2013-2015,22.22222222222222
FGBNMS,JJA,2016-2020,33.33333333333333
FGBNMS,JJA,2021-2025,40
FGBNMS,JJA,post,33.33333333333333
FGBNMS,SON,base,23.333333333333332
FGBNMS,SON,2013-2015,0
FGBNMS,SON,2016-2020,13.333333333333334
FGBNMS,SON,2021-2025,30.76923076923077
FGBNMS,SON,post,16.216216216216218
FKNMS,DJF,base,0
FKNMS,DJF,2013-2015,33.33333333333333
FKNMS,DJF,2016-2020,13.333333333333334
FKNMS,DJF,2021-2025,28.57142857142857
FKNMS,DJF,post,23.684210526315788
FKNMS,MAM,base,3.3333333333333335
FKNMS,MAM,2013-2015,11.11111111111111
FKNMS,MAM,2016-2020,40
FKNMS,MAM,2021-2025,20
FKNMS,MAM,post,25.64102564102564
FKNMS,JJA,base,20
FKNMS,JJA,2013-2015,33.33333333333333
FKNMS,JJA,2016-2020,53.333333333333336
FKNMS,JJA,2021-2025,60
FKNMS,JJA,post,51.28205128205128
FKNMS,SON,base,10
FKNMS,SON,2013-2015,44.44444444444444
FKNMS,SON,2016-2020,53.333333333333336
FKNMS,SON,2021-2025,61.53846153846154
FKNMS,SON,post,54.054054054054056
GRNMS,DJF,base,10
GRNMS,DJF,2013-2015,11.11111111111111
GRNMS,DJF,2016-2020,40
GRNMS,DJF,2021-2025,14.285714285714285
GRNMS,DJF,post,23.684210526315788
GRNMS,MAM,base,6.666666666666667
GRNMS,MAM,2013-2015,33.33333333333333
GRNMS,MAM,2016-2020,6.666666666666667
GRNMS,MAM,2021-2025,13.333333333333334
GRNMS,MAM,post,15.384615384615385
GRNMS,JJA,base,26.666666666666668
GRNMS,JJA,2013-2015,11.11111111111111
GRNMS,JJA,2016-2020,46.666666666666664
GRNMS,JJA,2021-2025,40
GRNMS,JJA,post,35.8974358974359
GRNMS,SON,base,3.3333333333333335
GRNMS,SON,2013-2015,11.11111111111111
GRNMS,SON,2016-2020,20
GRNMS,SON,2021-2025,0
GRNMS,SON,post,10.81081081081081
MNMS,DJF,base,6.666666666666667
MNMS,DJF,2013-2015,33.33333333333333
MNMS,DJF,2016-2020,53.333333333333336
MNMS,DJF,2021-2025,57.14285714285714
MNMS,DJF,post,50
MNMS,MAM,base,0
MNMS,MAM,2013-2015,33.33333333333333
MNMS,MAM,2016-2020,33.33333333333333
MNMS,MAM,2021-2025,40
MNMS,MAM,post,35.8974358974359
MNMS,JJA,base,23.333333333333332
MNMS,JJA,2013-2015,11.11111111111111
MNMS,JJA,2016-2020,46.666666666666664
MNMS,JJA,2021-2025,26.666666666666668
MNMS,JJA,post,30.76923076923077
MNMS,SON,base,16.666666666666664
MNMS,SON,2013-2015,0
MNMS,SON,2016-2020,33.33333333333333
MNMS,SON,2021-2025,7.6923076923076925
MNMS,SON,post,16.216216216216218
SBNMS,DJF,base,10
SBNMS,DJF,2013-2015,11.11111111111111
SBNMS,DJF,2016-2020,46.666666666666664
SBNMS,DJF,2021-2025,42.857142857142854
SBNMS,DJF,post,36.84210526315789
SBNMS,MAM,base,13.333333333333334
SBNMS,MAM,2013-2015,22.22222222222222
SBNMS,MAM,2016-2020,46.666666666666664
SBNMS,MAM,2021-2025,46.666666666666664
SBNMS,MAM,post,41.02564102564102
SBNMS,JJA,base,10
SBNMS,JJA,2013-2015,22.22222222222222
SBNMS,JJA,2016-2020,20
SBNMS,JJA,2021-2025,46.666666666666664
SBNMS,JJA,post,30.76923076923077
SBNMS,SON,base,23.333333333333332
SBNMS,SON,2013-2015,88.88888888888889
SBNMS,SON,2016-2020,60
SBNMS,SON,2021-2025,76.92307692307693
SBNMS,SON,post,72.97297297297297
