nms,year,e_pct,sigma_mean,n_months
OCNMS,2003,0,0.5242060638709479,12
OCNMS,2004,0,0.9960156885503265,12
OCNMS,2005,16.666666666666664,1.2780691171984981,12
OCNMS,2006,33.33333333333333,1.8358778370279976,12
OCNMS,2007,8.333333333333332,0.7008765220848755,12
OCNMS,2008,0,0.6328164361007224,12
OCNMS,2009,16.666666666666664,0.9444903635259798,12
OCNMS,2010,8.333333333333332,1.0554303932671791,12
OCNMS,2011,0,0.446319615612013,12
OCNMS,2012,8.333333333333332,1.1900701080001161,12
OCNMS,2013,50,2.1056911575597295,12
OCNMS,2014,33.33333333333333,1.6081687855075728,12
OCNMS,2015,50,2.5064539065247122,12
OCNMS,2016,58.333333333333336,2.266812715284266,12
OCNMS,2017,8.333333333333332,0.8909709281532593,12
OCNMS,2018,33.33333333333333,1.665924962824178,12
OCNMS,2019,41.66666666666667,2.29323428621364,12
OCNMS,2020,16.666666666666664,1.0533625907376225,12
OCNMS,2021,25,1.186198206909346,12
OCNMS,2022,0,1.108043735640679,12
OCNMS,2023,50,2.046917326248905,12
OCNMS,2024,16.666666666666664,1.309358109522812,12
OCNMS,2025,33.33333333333333,1.7781148402850722,9
GFNMS,2003,0,0.6049142844908778,12
GFNMS,2004,25,1.6360247283096163,12
GFNMS,2005,8.333333333333332,1.2682543248468114,12
GFNMS,2006,16.666666666666664,1.2507104017590538,12
GFNMS,2007,8.333333333333332,0.7513420276773259,12
GFNMS,2008,0,0.8896875388421794,12
GFNMS,2009,0,0.757206391805541,12
GFNMS,2010,0,0.7987005017362978,12
GFNMS,2011,0,0.6633258842108599,12
GFNMS,2012,0,0.7177531075673894,12
GFNMS,2013,16.666666666666664,0.9392233012190183,12
GFNMS,2014,50,2.98494728148191,12
GFNMS,2015,66.66666666666666,3.0349074281160724,12
GFNMS,2016,25,1.472255068838391,12
GFNMS,2017,50,2.0101385822529405,12
GFNMS,2018,16.666666666666664,1.2894487554773995,12
GFNMS,2019,50,2.053642504051072,12
GFNMS,2020,41.66666666666667,1.522609760010594,12
GFNMS,2021,41.66666666666667,1.5673194885715989,12
GFNMS,2022,33.33333333333333,1.3774228141089468,12
GFNMS,2023,41.66666666666667,2.104188856053923,12
GFNMS,2024,25,1.5901146199388623,12
GFNMS,2025,33.33333333333333,1.5616097494612455,9
CBNMS,2003,0,0.6165327029344929,12
CBNMS,2004,41.66666666666667,1.5879920778030876,12
CBNMS,2005,8.333333333333332,1.1032703430741937,12
CBNMS,2006,8.333333333333332,1.2859138494341467,12
CBNMS,2007,0,0.7812668745956709,12
CBNMS,2008,8.333333333333332,0.9916631654942227,12
CBNMS,2009,0,0.9502751431069546,12
CBNMS,2010,0,0.7630003947824681,12
CBNMS,2011,8.333333333333332,0.6754509226081792,12
CBNMS,2012,0,0.7570262042747999,12
CBNMS,2013,8.333333333333332,0.9915851750568528,12
CBNMS,2014,58.333333333333336,2.9717942305774994,12
CBNMS,2015,75,2.9701241129044966,12
CBNMS,2016,33.33333333333333,1.7653626531499174,12
CBNMS,2017,58.333333333333336,2.2080144596343914,12
CBNMS,2018,16.666666666666664,1.589960917565333,12
CBNMS,2019,58.333333333333336,2.281760764776529,12
CBNMS,2020,16.666666666666664,1.504188777407497,12
CBNMS,2021,25,1.6705997467368332,12
CBNMS,2022,25,1.6030832778650572,12
CBNMS,2023,33.33333333333333,1.8305731469561553,12
CBNMS,2024,41.66666666666667,1.9258206644617368,12
CBNMS,2025,22.22222222222222,1.038662594416082,9
MBNMS,2003,16.666666666666664,0.9029935616443232,12
MBNMS,2004,0,0.6977649724335314,12
MBNMS,2005,25,1.6263404903271717,12
MBNMS,2006,25,1.518622932906288,12
MBNMS,2007,0,0.844466490120183,12
MBNMS,2008,0,0.8836915186177619,12
MBNMS,2009,8.333333333333332,0.8616531735739754,12
MBNMS,2010,0,0.8206616210711635,12
MBNMS,2011,0,0.561595289571521,12
MBNMS,2012,0,0.7386889155344425,12
MBNMS,2013,16.666666666666664,1.1745299631230026,12
MBNMS,2014,50,3.117758845620256,12
MBNMS,2015,58.333333333333336,3.4363806951564078,12
MBNMS,2016,25,1.5716477648060387,12
MBNMS,2017,25,1.6228953452399064,12
MBNMS,2018,50,1.9532514819707971,12
MBNMS,2019,75,2.800323516127451,12
MBNMS,2020,66.66666666666666,1.9135259131774092,12
MBNMS,2021,50,1.9157125143360643,12
MBNMS,2022,41.66666666666667,1.4807028424761144,12
MBNMS,2023,83.33333333333334,2.552490059540857,12
MBNMS,2024,41.66666666666667,1.7710340175537358,12
MBNMS,2025,22.22222222222222,1.7668074973873702,9
CPNMS,2003,0,0.6487139581525988,12
CPNMS,2004,33.33333333333333,1.5816787089476507,12
CPNMS,2005,8.333333333333332,1.156288095307823,12
CPNMS,2006,0,0.6862959649138537,12
CPNMS,2007,8.333333333333332,1.066886353939307,12
CPNMS,2008,8.333333333333332,1.1464684663184928,12
CPNMS,2009,0,0.6949901251853315,12
CPNMS,2010,0,0.9264460007380672,12
CPNMS,2011,0,0.6548157334735416,12
CPNMS,2012,0,0.8662498577501653,12
CPNMS,2013,16.666666666666664,1.2914777800344284,12
CPNMS,2014,50,2.398666828376269,12
CPNMS,2015,66.66666666666666,2.9748656200552683,12
CPNMS,2016,50,1.6796836616030086,12
CPNMS,2017,25,1.2113706934679327,12
CPNMS,2018,41.66666666666667,1.6524887151603551,12
CPNMS,2019,50,2.0718137861799213,12
CPNMS,2020,41.66666666666667,2.045619597308143,12
CPNMS,2021,25,1.7156634046635524,12
CPNMS,2022,33.33333333333333,1.6961063414785973,12
CPNMS,2023,41.66666666666667,1.9400656580437197,12
CPNMS,2024,16.666666666666664,1.1786285078189318,12
CPNMS,2025,44.44444444444444,1.7008210110446473,9
CINMS,2003,0,0.8028241487102974,12
CINMS,2004,8.333333333333332,1.2816592131241022,12
CINMS,2005,16.666666666666664,1.2246441876530179,12
CINMS,2006,0,0.9603323177257521,12
CINMS,2007,0,0.8426065689010427,12
CINMS,2008,16.666666666666664,1.1882358611668167,12
CINMS,2009,0,0.36843406620618013,12
CINMS,2010,25,1.4992781259892596,12
CINMS,2011,0,0.4047394942006431,12
CINMS,2012,8.333333333333332,0.825270830252302,12
CINMS,2013,8.333333333333332,0.6891872998640713,12
CINMS,2014,58.333333333333336,1.9249748810501708,12
CINMS,2015,75,2.938282784793858,12
CINMS,2016,25,1.7281451615247878,12
CINMS,2017,16.666666666666664,1.3832085567006147,12
CINMS,2018,41.66666666666667,1.8831783853921742,12
CINMS,2019,33.33333333333333,1.8358253406110034,12
CINMS,2020,58.333333333333336,2.4937996354401246,12
CINMS,2021,33.33333333333333,1.7010036101068506,12
CINMS,2022,25,1.6061806160283953,12
CINMS,2023,25,1.7416871589017808,12
CINMS,2024,16.666666666666664,1.1589069988771945,12
CINMS,2025,11.11111111111111,1.0776336899247552,9
PNMS,2003,0,0.725696670484556,12
PNMS,2004,50,1.674159004335602,12
PNMS,2005,0,0.9330211587594233,12
PNMS,2006,8.333333333333332,1.204896404073528,12
PNMS,2007,0,0.49277913898169357,12
PNMS,2008,0,0.7091586129991744,12
PNMS,2009,8.333333333333332,0.8175690352133994,12
PNMS,2010,83.33333333333334,2.612339588507091,12
PNMS,2011,0,0.6802188586062701,12
PNMS,2012,8.333333333333332,1.1191460788159355,12
PNMS,2013,8.333333333333332,0.9043494444746591,12
PNMS,2014,41.66666666666667,2.2240998154710696,12
PNMS,2015,50,2.041629398031465,12
PNMS,2016,25,1.4487191254534357,12
PNMS,2017,41.66666666666667,1.6302090578729795,12
PNMS,2018,25,1.584794629180464,12
PNMS,2019,50,1.526751674483137,12
PNMS,2020,58.333333333333336,2.3519149874805896,12
PNMS,2021,33.33333333333333,1.9042927174958861,12
PNMS,2022,41.66666666666667,2.111472224126319,12
PNMS,2023,25,1.2058908329860525,12
PNMS,2024,50,2.1100980860296845,12
PNMS,2025,44.44444444444444,2.539431770233461,9
HIHWNMS,2003,0,0.41823875342186984,12
HIHWNMS,2004,16.666666666666664,1.4959112283670817,12
HIHWNMS,2005,0,0.9454082631086576,12
HIHWNMS,2006,0,0.9112319548023956,12
HIHWNMS,2007,0,0.7339565894794385,12
HIHWNMS,2008,0,0.4540590935509474,12
HIHWNMS,2009,58.333333333333336,2.3101325896768783,12
HIHWNMS,2010,0,0.7787752869739446,12
HIHWNMS,2011,25,1.427330967603049,12
HIHWNMS,2012,0,0.9126095856914833,12
HIHWNMS,2013,16.666666666666664,1.6103911727837226,12
HIHWNMS,2014,33.33333333333333,1.8515309397457738,12
HIHWNMS,2015,58.333333333333336,2.49814744818635,12
HIHWNMS,2016,33.33333333333333,1.5293163678687742,12
HIHWNMS,2017,41.66666666666667,2.060312932979017,12
HIHWNMS,2018,66.66666666666666,2.812021714576026,12
HIHWNMS,2019,100,3.9113151672789916,12
HIHWNMS,2020,75,2.6991949124994377,12
HIHWNMS,2021,58.333333333333336,2.552639932221354,12
HIHWNMS,2022,50,2.210598528711349,12
HIHWNMS,2023,33.33333333333333,1.7671779704446258,12
HIHWNMS,2024,66.66666666666666,2.873108939128528,12
HIHWNMS,2025,100,3.951674751736179,9
NMSAS,2003,8.333333333333332,1.1186539730695313,12
NMSAS,2004,0,0.5509427826285238,12
NMSAS,2005,16.666666666666664,0.7701525022577478,12
NMSAS,2006,0,0.943744147420919,12
NMSAS,2007,8.333333333333332,1.0144399109604036,12
NMSAS,2008,0,1.043064692281083,12
NMSAS,2009,0,0.8667326474222709,12
NMSAS,2010,0,1.1590549346486692,12
NMSAS,2011,16.666666666666664,1.3765661204874444,12
NMSAS,2012,0,0.826075449163025,12
NMSAS,2013,16.666666666666664,1.3459797789448693,12
NMSAS,2014,8.333333333333332,1.2762038126545143,12
NMSAS,2015,33.33333333333333,1.5297307053599316,12
NMSAS,2016,41.66666666666667,2.4642908900026104,12
NMSAS,2017,16.666666666666664,1.1989555509262153,12
NMSAS,2018,0,0.5617312564647462,12
NMSAS,2019,41.66666666666667,2.075656352736481,12
NMSAS,2020,25,1.52928459719454,12
NMSAS,2021,25,1.390626340449177,12
NMSAS,2022,33.33333333333333,1.7359886396321706,12
NMSAS,2023,50,2.38967977153501,12
NMSAS,2024,50,1.890786774160344,12
NMSAS,2025,11.11111111111111,0.9726453379396012,9
FGBNMS,2003,0,0.4147999961077531,12
FGBNMS,2004,0,0.47525580163289655,12
FGBNMS,2005,8.333333333333332,0.9740155610703668,12
FGBNMS,2006,0,0.5775559120493851,12
FGBNMS,2007,8.333333333333332,0.7563413237434092,12
FGBNMS,2008,16.666666666666664,1.0622036647031448,12
FGBNMS,2009,0,0.7662911005784743,12
FGBNMS,2010,83.33333333333334,2.3471476909553055,12
FGBNMS,2011,16.666666666666664,1.3384032638100227,12
FGBNMS,2012,16.666666666666664,1.3697011409504882,12
FGBNMS,2013,16.666666666666664,1.094666826187156,12
FGBNMS,2014,25,1.304868274244352,12
FGBNMS,2015,16.666666666666664,1.730497503517421,12
FGBNMS,2016,16.666666666666664,1.4788095625684095,12
FGBNMS,2017,41.66666666666667,1.7395951905435814,12
FGBNMS,2018,16.666666666666664,1.5906681947844474,12
FGBNMS,2019,16.666666666666664,1.2363439781318342,12
FGBNMS,2020,8.333333333333332,1.154333264926848,12
FGBNMS,2021,25,0.9663864949767014,12
FGBNMS,2022,25,1.0772863678709839,12
FGBNMS,2023,25,1.6538751485387173,12
FGBNMS,2024,41.66666666666667,2.049102913481944,12
FGBNMS,2025,33.33333333333333,2.0834766909634364,9
FKNMS,2003,8.333333333333332,1.0404012234759972,12
FKNMS,2004,0,0.6039817281308477,12
FKNMS,2005,0,0.8819214820031862,12
FKNMS,2006,0,0.6269761781801566,12
FKNMS,2007,8.333333333333332,0.8325649286739787,12
FKNMS,2008,16.666666666666664,1.169932735671149,12
FKNMS,2009,0,0.6835898007015312,12
FKNMS,2010,33.33333333333333,1.4396851061264424,12
FKNMS,2011,8.333333333333332,1.105887592805133,12
FKNMS,2012,8.333333333333332,0.8047439389546851,12
FKNMS,2013,8.333333333333332,1.1798812627512465,12
FKNMS,2014,41.66666666666667,1.6262141453341221,12
FKNMS,2015,41.66666666666667,1.5916100932542205,12
FKNMS,2016,41.66666666666667,1.777230120964783,12
FKNMS,2017,16.666666666666664,1.1513976223203883,12
FKNMS,2018,50,2.1450766630896863,12
FKNMS,2019,41.66666666666667,2.126794147424174,12
FKNMS,2020,50,2.307258415426569,12
FKNMS,2021,8.333333333333332,0.9595083451222722,12
FKNMS,2022,33.33333333333333,1.8224585943471927,12
FKNMS,2023,83.33333333333334,3.466420949723976,12
FKNMS,2024,41.66666666666667,1.7974889355725778,12
FKNMS,2025,44.44444444444444,1.690032060693537,9
GRNMS,2003,25,1.342569933791834,12
GRNMS,2004,16.666666666666664,1.1308735345975318,12
GRNMS,2005,8.333333333333332,0.8247409720545942,12
GRNMS,2006,0,0.7247250399187098,12
GRNMS,2007,8.333333333333332,0.7299931578720512,12
GRNMS,2008,8.333333333333332,0.8965174154578427,12
GRNMS,2009,0,0.6844162155140902,12
GRNMS,2010,25,0.9713706961907855,12
GRNMS,2011,0,0.6349449830284681,12
GRNMS,2012,25,1.214959478067395,12
GRNMS,2013,16.666666666666664,1.2392113789422665,12
GRNMS,2014,0,1.1357792893671521,12
GRNMS,2015,33.33333333333333,1.5848104297644838,12
GRNMS,2016,41.66666666666667,1.563483684574583,12
GRNMS,2017,16.666666666666664,1.3423147360334178,12
GRNMS,2018,50,2.2472105695742135,12
GRNMS,2019,16.666666666666664,1.3143282602116162,12
GRNMS,2020,16.666666666666664,1.5192703183090055,12
GRNMS,2021,25,1.3412401164123189,12
GRNMS,2022,8.333333333333332,1.0273374108897912,12
GRNMS,2023,8.333333333333332,1.0617949101454287,12
GRNMS,2024,8.333333333333332,0.7764927215422074,12
GRNMS,2025,44.44444444444444,1.8599337668027456,9
MNMS,2003,8.333333333333332,1.0805278985986473,12
MNMS,2004,25,0.9606172832227796,12
MNMS,2005,25,1.5241437562471891,12
MNMS,2006,8.333333333333332,0.6955808840278269,12
MNMS,2007,0,0.6183253368637681,12
MNMS,2008,16.666666666666664,0.9463855480426806,12
MNMS,2009,8.333333333333332,0.5674155409489425,12
MNMS,2010,16.666666666666664,1.2761627562319775,12
MNMS,2011,8.333333333333332,0.651054862849597,12
MNMS,2012,0,0.9459590720557898,12
MNMS,2013,8.333333333333332,1.0853224302391515,12
MNMS,2014,25,1.4111748128670965,12
MNMS,2015,25,1.662006492593242,12
MNMS,2016,58.333333333333336,2.486088856741674,12
MNMS,2017,50,1.5911983619842185,12
MNMS,2018,41.66666666666667,1.964311369299912,12
MNMS,2019,16.666666666666664,1.3816780603287744,12
MNMS,2020,41.66666666666667,2.092078243921023,12
MNMS,2021,8.333333333333332,1.0295879088951603,12
MNMS,2022,16.666666666666664,1.4334204091549987,12
MNMS,2023,58.333333333333336,2.1526816574739223,12
MNMS,2024,33.33333333333333,1.5587341655209153,12
MNMS,2025,55.55555555555556,2.252225222630774,9
SBNMS,2003,8.333333333333332,0.8884779942821368,12
SBNMS,2004,8.333333333333332,1.035138138572879,12
SBNMS,2005,50,2.053089759949242,12
SBNMS,2006,8.333333333333332,1.1960600632641545,12
SBNMS,2007,8.333333333333332,0.8316486363619485,12
SBNMS,2008,0,0.41167755166927167,12
SBNMS,2009,0,0.7046312621791337,12
SBNMS,2010,0,0.7481731296096077,12
SBNMS,2011,0,0.6008337808100549,12
SBNMS,2012,58.333333333333336,2.176491615397478,12
SBNMS,2013,41.66666666666667,2.2610442724544915,12
SBNMS,2014,33.33333333333333,1.299831017753568,12
SBNMS,2015,33.33333333333333,1.834819216481008,12
SBNMS,2016,58.333333333333336,2.143861606513135,12
SBNMS,2017,25,1.6542489598058552,12
SBNMS,2018,25,1.4515499354716264,12
SBNMS,2019,41.66666666666667,2.0069753274289495,12
SBNMS,2020,66.66666666666666,2.5216700507346617,12
SBNMS,2021,58.333333333333336,2.5133033001127267,12
SBNMS,2022,50,2.4018614508283362,12
SBNMS,2023,58.333333333333336,2.575042324029584,12
SBNMS,2024,75,2.5885726786278322,12
SBNMS,2025,11.11111111111111,1.107633942083743,9
