nms,n_months,rho_mhw_zsst,rho_mcs_negzsst,n_mhw15,share_mhw15_zsst1
OCNMS,273,0.6429964345542161,0.5794151734549472,27,1
GFNMS,273,0.5874632446959058,0.5233287294778202,22,1
CBNMS,273,0.5885685123118662,0.5646464441070973,27,1
MBNMS,273,0.6031138940869076,0.4708126923030283,25,1
CPNMS,273,0.6451878660275975,0.5227930839019675,22,1
CINMS,273,0.6104410325478847,0.5707393092819869,23,0.9565217391304348
PNMS,273,0.8232400184137446,0.2979107673197631,60,0.9833333333333333
HIHWNMS,273,0.7425073518210643,0.4888177301811126,60,0.9333333333333333
NMSAS,273,0.7118524598651427,0.249572217531795,34,0.9411764705882353
FGBNMS,273,0.7710896259274593,0.3611728237612464,66,0.8636363636363636
FKNMS,273,0.7388863678982015,0.475979502737758,53,0.8867924528301887
GRNMS,273,0.6011858712273094,0.4821788765699992,32,0.71875
MNMS,273,0.5094447792529688,0.44734043242957183,18,0.8888888888888888
SBNMS,273,0.7666373351173837,0.22118354556637815,73,0.8356164383561644
