nms,index,lag_best,r2adj,r_sst,r_sss,r_chl,p_value
OCNMS,oni,2,0.0863144144417285,0.43805562788824776,0.2620538719166882,-0.00508701013990074,0.002
OCNMS,pdo,0,0.04951978771441545,0.38328462888724735,0.10729108573234847,0.010772904067504013,0.054
OCNMS,npgo,6,0.06524610714038903,-0.3265460244111011,-0.24892570931714159,0.10423913353861916,0.088
GFNMS,oni,1,0.10534004329805868,0.4705204278599168,-0.2172017861020675,-0.07022908995926758,0.002
GFNMS,pdo,0,0.035398608660486386,0.36854236271214696,-0.04226824594717121,0.07330107005891108,0.118
GFNMS,npgo,6,0.07971584860257519,-0.35685350854164766,0.14291541263434762,0.053369235896190005,0.112
CBNMS,oni,1,0.09293192115946924,0.4801520457183248,-0.1459572834051345,-0.07658963704900902,0.002
CBNMS,pdo,0,0.06016988292408443,0.4880085603561642,-0.16025219849513028,-0.014413251730975381,0.014
CBNMS,npgo,6,0.04500379822581424,-0.22614818032217449,-0.08955412480552495,-0.02445138086916445,0.212
MBNMS,oni,0,0.12018675625016573,0.4561526805407806,-0.050993421480358306,-0.3078141595154539,0.002
MBNMS,pdo,0,0.02284788385416181,0.2929802717459059,-0.09265655800447323,-0.06028626964282739,0.328
MBNMS,npgo,6,0.08671766332996178,-0.38765040726241096,0.04408471391408994,0.049525141399700164,0.138
CPNMS,oni,0,0.12647767071714067,0.5177098485531368,0.008513303969988067,-0.3797787217150091,0.002
CPNMS,pdo,0,0.04471038816559503,0.4115631100303786,-0.1410558506724409,-0.16531692336706375,0.074
CPNMS,npgo,6,0.07260929220589851,-0.3718907056125364,-0.1588852578432481,0.13488736867119017,0.214
CINMS,oni,0,0.1579384296986417,0.5558183415075102,-0.05960226349993127,-0.4793989492449482,0.002
CINMS,pdo,0,0.06291976858095094,0.41402289856143976,-0.14577447697190496,-0.1558004804133051,0.042
CINMS,npgo,6,0.05633281411800917,-0.3345643167477073,-0.14048689231344136,0.18158266360509173,0.296
PNMS,oni,4,0.040455097863602574,-0.16630213703750707,0.12377676114686949,0.2032399958534849,0.082
PNMS,pdo,5,0.07556420169134992,-0.2457187885804666,-0.12189315368109195,0.29070221405782487,0.018
PNMS,npgo,6,0.06479570959394121,-0.3264634953388159,0.42513268988340824,0.08689687852556285,0.092
HIHWNMS,oni,2,0.026426045291191747,0.2885511459877673,-0.17123648460614335,-0.06229018832765328,0.254
HIHWNMS,pdo,0,0.05417000908948477,0.2954787562144934,-0.24969115841446185,-0.34697671936158014,0.122
HIHWNMS,npgo,2,0.12391024501183079,-0.594482743148572,0.44692445820577287,-0.24158181368924436,0.024
NMSAS,oni,6,0.07369632292871775,0.3259318522221536,-0.33642167751649454,0.24462106139122242,0.002
NMSAS,pdo,6,0.04761171694835875,0.03927776445601135,-0.45824051403063654,0.07717779874227342,0.14
NMSAS,npgo,6,0.01713586913810794,-0.3038509908830045,0.04703284800534983,-0.08078883464844587,0.408
FGBNMS,oni,4,0.01937489911946022,0.1667332052801065,0.12004880417755552,0.16070061119471712,0.066
FGBNMS,nao,0,0.02037431868622641,0.07328371468385528,0.23349895380217678,-0.2384433988035296,0.012
FGBNMS,amo,2,0.04785819471784303,0.4377783492879223,0.15573834473971765,-0.1116005659301675,0.03
FKNMS,oni,0,0.012219135292411032,0.17265519184947117,0.048614734815313386,0.08757921954960914,0.166
FKNMS,nao,5,0.007287699863618768,0.04513719511741807,0.1395282897988441,0.1685779252471246,0.466
FKNMS,amo,0,0.039054375397053254,0.35030942177079516,0.055680811077528876,0.16209009992585408,0.048
GRNMS,oni,6,0.0071310395677236516,0.06832270183751962,-0.03009117771122047,0.27590547716167446,0.4
GRNMS,nao,1,0.025787796810519348,0.18965687399335499,-0.28470901848113433,0.01021767383050734,0.002
GRNMS,amo,0,0.007847304863229931,0.05139179186563308,0.1012977555481799,-0.04026934501807652,0.654
MNMS,oni,0,0.010644918155902072,0.1420099466424665,0.0826840319640451,0.024936773365086165,0.22
MNMS,nao,1,0.032713465320076685,0.26658406955447406,0.25840134347903293,-0.22496850857829456,0.002
MNMS,amo,3,0.041113162080300025,0.23435953568685933,0.16402908111457082,-0.2794563313663744,0.202
SBNMS,oni,0,0.014619277944754483,-0.08775006092129847,-0.16767583643092557,0.1460314794629051,0.516
SBNMS,nao,0,0.0032158817860017397,0.10399843132599591,0.07023709348289317,-0.06352679388274263,0.722
SBNMS,amo,0,0.07171512125451729,0.3768003279912641,-0.16595402573279155,0.1993477699948629,0.024
