nms,r2adj_modes,modes_unique,shared,aem_unique,residual,lags,n_filled
OCNMS,0.1412977427946731,0.0227233106886372,0.1185744321060358,0.31324708763192133,0.5454551695734057,oni@2;pdo@0;npgo@6,0
GFNMS,0.1599157139867523,0.020947685553556528,0.138968028433196,0.329169333857407,0.5109149521558405,oni@1;pdo@0;npgo@6,0
CBNMS,0.14214626609339542,0.018003312526378656,0.12414295356701699,0.3047572227433052,0.5530965111632992,oni@1;pdo@0;npgo@6,0
MBNMS,0.17417057644990064,0.014647043747238131,0.1595235327026625,0.3688834534014056,0.45694597014869376,oni@0;pdo@0;npgo@6,0
CPNMS,0.1769347105815522,0.007424122217732032,0.16951058836382016,0.33650193084339586,0.48656335857505195,oni@0;pdo@0;npgo@6,0
CINMS,0.2051157606395898,0.003122085980762912,0.201993674658827,0.3420975194167202,0.4527867199436899,oni@0;pdo@0;npgo@6,0
PNMS,0.1722188606711934,6.271093313262588e-4,0.17159175133986715,0.42526259338744543,0.40251854594136116,oni@4;pdo@5;npgo@6,0
HIHWNMS,0.18754204766934546,0.009219915963888381,0.17832213170545674,0.4011231659869605,0.41133478634369436,oni@2;pdo@0;npgo@2,0
NMSAS,0.10935843801206035,0.0019023310045673814,0.10745610700749286,0.3166794062431434,0.5739621557447964,oni@6;pdo@6;npgo@6,0
FGBNMS,0.0843275582353139,0.002437347218289143,0.08189021101702476,0.32199619843059557,0.5936762433340905,oni@4;nao@0;amo@2,0
FKNMS,0.054247723639571865,0.0026119722320172567,0.05163575140755461,0.3156715766535215,0.6300806997069066,oni@0;nao@5;amo@0,0
GRNMS,0.040603710306508334,0.0065974109325624974,0.034006299373945836,0.2683918687881274,0.6910044209053643,oni@6;nao@1;amo@0,0
MNMS,0.08492786955613207,0.006477615493829636,0.07845025406230233,0.2955769652107815,0.6194951652330866,oni@0;nao@1;amo@3,0
SBNMS,0.09473928274191268,0.006499263090900653,0.08824001965101214,0.4360356609934065,0.4692250562646807,oni@0;nao@0;amo@0,0
