nms,var,r2adj
OCNMS,sst,0.3010527245441462
OCNMS,sbt,0.36288856435838346
OCNMS,sss,0.09440443213551264
OCNMS,mld,0.03065640907058398
OCNMS,chl,4.026226192945792e-4
OCNMS,precip,0.009275362723919045
GFNMS,sst,0.3259341213434609
GFNMS,sbt,0.33924732161259286
GFNMS,sss,0.04552478922476488
GFNMS,mld,0.027619721829111543
GFNMS,chl,0.006945811324304718
GFNMS,precip,0.00564222987846652
CBNMS,sst,0.34866873358135897
CBNMS,sbt,0.32978800402022157
CBNMS,sss,0.036298444111745654
CBNMS,mld,0.019494079242821094
CBNMS,chl,-0.002114727101270919
CBNMS,precip,0.008153815469457815
MBNMS,sst,0.3039238251857984
MBNMS,sbt,0.33087155277025315
MBNMS,sss,-9.895944296078873e-5
MBNMS,mld,0.050348825632895555
MBNMS,chl,0.0920287163078729
MBNMS,precip,0.003207426775854283
CPNMS,sst,0.3905661140794191
CPNMS,sbt,0.31194473501513453
CPNMS,sss,0.033037410601190254
CPNMS,mld,-6.420426308093585e-4
CPNMS,chl,0.13608088083914027
CPNMS,precip,0.004552313296460553
CINMS,sst,0.39831117858433207
CINMS,sbt,0.34761296852852597
CINMS,sss,0.03065577406500175
CINMS,mld,0.10507387012676184
CINMS,chl,0.22492083644489336
CINMS,precip,0.025852005107261933
PNMS,sst,0.1756099513651267
PNMS,sbt,0.3637766516540323
PNMS,sss,0.29139471524363125
PNMS,mld,0.05313485009084018
PNMS,chl,0.09349188266495101
PNMS,precip,0.07705101203484443
HIHWNMS,sst,0.4484033681871531
HIHWNMS,sbt,0.12355858531320685
HIHWNMS,sss,0.26169271826518603
HIHWNMS,mld,0.10053141488198647
HIHWNMS,chl,0.1665461604661873
HIHWNMS,precip,0.04836462860418489
NMSAS,sst,0.16538920411213842
NMSAS,sss,0.2286684698734026
NMSAS,mld,0.11839962935861947
NMSAS,chl,0.051474020432265566
NMSAS,precip,0.015018438668929823
FGBNMS,sst,0.19545708396672523
FGBNMS,sbt,0.08679865238735107
FGBNMS,sss,0.07843318324323867
FGBNMS,mld,0.019399083958788088
FGBNMS,chl,0.0935955314866096
FGBNMS,precip,0.024773360168846348
FKNMS,sst,0.13091406295303853
FKNMS,sbt,0.12966103213156155
FKNMS,sss,0.013499289631356048
FKNMS,mld,-0.0029571798218304135
FKNMS,chl,0.04985012413650003
FKNMS,precip,0.015044973191593813
GRNMS,sst,0.03536428192468766
GRNMS,sbt,0.019469287156247517
GRNMS,sss,0.07696739089240934
GRNMS,mld,0.044534747675529895
GRNMS,chl,0.07827231955248848
GRNMS,precip,-0.007875864084994744
MNMS,sst,0.13491853997226477
MNMS,sbt,0.15990888918633506
MNMS,sss,0.08991943628533128
MNMS,mld,0.00782619546014851
MNMS,chl,0.12121818794278971
MNMS,precip,0.024977642833935554
SBNMS,sst,0.1835535973674921
SBNMS,sbt,0.230232494809541
SBNMS,sss,0.040205095874604524
SBNMS,mld,0.025294764756786603
SBNMS,chl,0.0442828279648847
SBNMS,precip,0.038796804386219796
