nms,period,q50,q95,q99
CBNMS,2013-2015,8.333333333333332,19.444444444444446,25.055555555555504
CBNMS,2016-2020,8.333333333333332,16.666666666666664,21.666666666666668
CBNMS,2021-2025,7.017543859649122,17.543859649122805,22.807017543859647
CBNMS,base,8.333333333333332,11.666666666666666,13.333333333333334
CBNMS,post,7.8431372549019605,15.032679738562091,18.954248366013072
CINMS,2013-2015,8.333333333333332,27.77777777777778,41.66666666666667
CINMS,2016-2020,10,25,35
CINMS,2021-2025,8.771929824561402,28.07017543859649,38.59649122807017
CINMS,base,9.166666666666666,13.333333333333334,15.833333333333332
CINMS,post,9.803921568627452,21.568627450980394,29.437908496732003
CPNMS,2013-2015,8.333333333333332,25,36.11111111111111
CPNMS,2016-2020,8.333333333333332,23.333333333333332,40
CPNMS,2021-2025,8.771929824561402,24.561403508771928,36.84210526315789
CPNMS,base,9.166666666666666,12.5,15
CPNMS,post,9.15032679738562,19.607843137254903,28.75816993464052
FGBNMS,2013-2015,8.333333333333332,25,33.388888888888836
FGBNMS,2016-2020,8.333333333333332,23.333333333333332,33.33333333333333
FGBNMS,2021-2025,8.771929824561402,22.807017543859647,31.57894736842105
FGBNMS,base,9.166666666666666,13.333333333333334,15.016666666666652
FGBNMS,post,9.15032679738562,19.607843137254903,25.49019607843137
FKNMS,2013-2015,8.333333333333332,16.666666666666664,25
FKNMS,2016-2020,6.666666666666667,16.666666666666664,21.666666666666668
FKNMS,2021-2025,7.017543859649122,15.789473684210526,21.052631578947366
FKNMS,base,8.333333333333332,11.666666666666666,13.333333333333334
FKNMS,post,7.18954248366013,13.725490196078432,17.647058823529413
GFNMS,2013-2015,8.333333333333332,19.444444444444446,25
GFNMS,2016-2020,6.666666666666667,16.666666666666664,21.666666666666668
GFNMS,2021-2025,7.017543859649122,17.543859649122805,21.052631578947366
GFNMS,base,8.333333333333332,11.666666666666666,12.516666666666652
GFNMS,post,7.8431372549019605,13.725490196078432,17.647058823529413
GRNMS,2013-2015,5.555555555555555,19.444444444444446,25
GRNMS,2016-2020,6.666666666666667,16.666666666666664,21.666666666666668
GRNMS,2021-2025,7.017543859649122,17.543859649122805,22.807017543859647
GRNMS,base,7.5,11.666666666666666,13.333333333333334
GRNMS,post,7.18954248366013,14.37908496732026,18.967320261437898
HIHWNMS,2013-2015,8.333333333333332,25,36.11111111111111
HIHWNMS,2016-2020,8.333333333333332,23.333333333333332,36.69999999999997
HIHWNMS,2021-2025,8.771929824561402,24.561403508771928,35.12280701754383
HIHWNMS,base,9.166666666666666,14.166666666666666,15.833333333333332
HIHWNMS,post,9.15032679738562,20.26143790849673,27.46405228758169
MBNMS,2013-2015,8.333333333333332,19.72222222222197,30.61111111111106
MBNMS,2016-2020,8.333333333333332,20,23.366666666666635
MBNMS,2021-2025,8.771929824561402,21.052631578947366,26.350877192982423
MBNMS,base,8.333333333333332,12.5,14.166666666666666
MBNMS,post,8.49673202614379,16.33986928104575,21.58169934640522
MNMS,2013-2015,5.555555555555555,16.666666666666664,25.055555555555504
MNMS,2016-2020,6.666666666666667,16.666666666666664,20.033333333333303
MNMS,2021-2025,7.017543859649122,15.789473684210526,21.08771929824558
MNMS,base,8.333333333333332,11.666666666666666,12.516666666666652
MNMS,post,7.18954248366013,14.37908496732026,17.647058823529413
NMSAS,2013-2015,8.333333333333332,33.33333333333333,47.27777777777773
NMSAS,2016-2020,8.333333333333332,30,40
NMSAS,2021-2025,8.771929824561402,29.82456140350877,40.38596491228067
NMSAS,base,10,15,17.5
NMSAS,post,9.803921568627452,24.836601307189543,33.35947712418298
OCNMS,2013-2015,8.333333333333332,19.444444444444446,27.77777777777778
OCNMS,2016-2020,8.333333333333332,18.333333333333332,23.333333333333332
OCNMS,2021-2025,7.017543859649122,19.298245614035086,22.84210526315786
OCNMS,base,8.333333333333332,12.5,14.183333333333318
OCNMS,post,8.49673202614379,15.686274509803921,19.607843137254903
PNMS,2013-2015,11.11111111111111,44.44444444444444,66.66666666666666
PNMS,2016-2020,11.666666666666666,43.333333333333336,61.66666666666667
PNMS,2021-2025,12.280701754385964,43.859649122807014,61.43859649122804
PNMS,base,11.666666666666666,16.666666666666664,19.166666666666668
PNMS,post,13.071895424836603,35.35947712418295,49.686274509803916
SBNMS,2013-2015,8.333333333333332,30.555555555555557,41.72222222222218
SBNMS,2016-2020,8.333333333333332,30,40
SBNMS,2021-2025,8.771929824561402,28.07017543859649,40.35087719298245
SBNMS,base,10,15,17.5
SBNMS,post,9.15032679738562,23.594771241830003,30.745098039215666
