nms,var,period,q95_share,q025_mean,q975_mean
OCNMS,sst,base,0.06666666666666667,-1.5106261149385365e-16,1.4162282457874646e-16
OCNMS,sst,2013-2015,0.1388888888888889,-0.6349010054245292,0.6856628670218059
OCNMS,sst,2016-2020,0.13333333333333333,-0.5276210773595091,0.587800664753673
OCNMS,sst,2021-2025,0.14035087719298245,-0.6121681502082181,0.5566626776146588
OCNMS,sst,post,0.1111111111111111,-0.41982135079993443,0.431599458164526
OCNMS,sst,2016-2025,0.11965811965811966,-0.4766838036420595,0.46233042391810314
OCNMS,sbt,base,0.06666666666666667,-2.3093217153361915e-16,1.7923162953792352e-16
OCNMS,sbt,2013-2015,0.19444444444444445,-0.8040769073686276,0.9398754815824722
OCNMS,sbt,2016-2020,0.16666666666666666,-0.7473998509526364,0.737121538116179
OCNMS,sbt,2021-2025,0.17543859649122806,-0.778810974370634,0.7521209373453831
OCNMS,sbt,post,0.13725490196078433,-0.6136481947234865,0.5819315114690373
OCNMS,sbt,2016-2025,0.15384615384615385,-0.6423892814402052,0.6192392965795799
OCNMS,sss,base,0.06666666666666667,-2.1094237467877973e-16,1.872576168201094e-16
OCNMS,sss,2013-2015,0.16666666666666666,-0.8511064538678553,0.8411335652483392
OCNMS,sss,2016-2020,0.15,-0.7344565199111006,0.7262317689432405
OCNMS,sss,2021-2025,0.15789473684210525,-0.7560052561665644,0.6931576386657725
OCNMS,sss,post,0.12418300653594772,-0.5375727711468627,0.5666474510071497
OCNMS,sss,2016-2025,0.13675213675213677,-0.5733204583236197,0.5924332849101837
OCNMS,mld,base,0.06666666666666667,-1.304974646861486e-16,1.3056685362518758e-16
OCNMS,mld,2013-2015,0.1388888888888889,-0.6119682188913139,0.5860508997033359
OCNMS,mld,2016-2020,0.13333333333333333,-0.46816658318951887,0.5310867891376421
OCNMS,mld,2021-2025,0.12280701754385964,-0.5314531478098528,0.5251320911473027
OCNMS,mld,post,0.10457516339869281,-0.3932558860129594,0.3955752516411233
OCNMS,mld,2016-2025,0.1111111111111111,-0.42588367583704506,0.44386356342858757
OCNMS,chl,base,0.06666666666666667,-1.1704757533574178e-16,1.0741407763248381e-16
OCNMS,chl,2013-2015,0.1111111111111111,-0.45486878807481046,0.46658686250518683
OCNMS,chl,2016-2020,0.11666666666666667,-0.39781372113491287,0.3874776473747584
OCNMS,chl,2021-2025,0.10526315789473684,-0.40017346782885554,0.37374485916782285
OCNMS,chl,post,0.09803921568627451,-0.3032540242438842,0.30620977664689936
OCNMS,chl,2016-2025,0.10256410256410256,-0.31614785917059235,0.31243694633122765
OCNMS,precip,base,0.06666666666666667,-9.487780931275816e-17,9.302743760504954e-17
OCNMS,precip,2013-2015,0.1111111111111111,-0.3995123613995828,0.4037415068612966
OCNMS,precip,2016-2020,0.1,-0.3045488213050451,0.34797959172599996
OCNMS,precip,2021-2025,0.10526315789473684,-0.34764533605545994,0.3281183087818402
OCNMS,precip,post,0.08562091503267916,-0.248395353852796,0.25471313718873306
OCNMS,precip,2016-2025,0.09401709401709402,-0.273737512783346,0.26367536120467616
GFNMS,sst,base,0.06666666666666667,-1.2908655625902082e-16,1.3049746468614857e-16
GFNMS,sst,2013-2015,0.1388888888888889,-0.6682689584005344,0.6668851961323021
GFNMS,sst,2016-2020,0.13333333333333333,-0.5396195280130137,0.5528828590464474
GFNMS,sst,2021-2025,0.12280701754385964,-0.5155194121647415,0.5882876897547465
GFNMS,sst,post,0.10457516339869281,-0.41268496210977307,0.4551672852410653
GFNMS,sst,2016-2025,0.1111111111111111,-0.4189400501259973,0.4700831964515507
GFNMS,sbt,base,0.06666666666666667,-1.4432899320127036e-16,1.3771391434621184e-16
GFNMS,sbt,2013-2015,0.1388888888888889,-0.6999783843420034,0.6582736358672493
GFNMS,sbt,2016-2020,0.13333333333333333,-0.5858863825859303,0.5441376435580418
GFNMS,sbt,2021-2025,0.14035087719298245,-0.5791758794045433,0.5833007319979867
GFNMS,sbt,post,0.1111111111111111,-0.44716499784922825,0.43017730566773615
GFNMS,sbt,2016-2025,0.11965811965811966,-0.4670351147590095,0.4495708446933113
GFNMS,sss,base,0.06666666666666667,-1.8371878092911702e-16,1.8102128592397303e-16
GFNMS,sss,2013-2015,0.16666666666666666,-0.8323622588228676,0.7871195875511794
GFNMS,sss,2016-2020,0.15,-0.7502107611412566,0.6585884312668115
GFNMS,sss,2021-2025,0.15789473684210525,-0.7223950746790977,0.7064167801596706
GFNMS,sss,post,0.13071895424836602,-0.5382392268964437,0.5062846211800097
GFNMS,sss,2016-2025,0.13675213675213677,-0.5936027407405307,0.5489741693143785
GFNMS,mld,base,0.06666666666666667,-9.856698790500215e-17,9.453176811937306e-17
GFNMS,mld,2013-2015,0.1111111111111111,-0.4504135487708724,0.41036260468023533
GFNMS,mld,2016-2020,0.1,-0.3481177151796423,0.31869728140682935
GFNMS,mld,2021-2025,0.10526315789473684,-0.36194252625948636,0.3423934139050541
GFNMS,mld,post,0.0915032679738562,-0.2862173549577506,0.24225155817476848
GFNMS,mld,2016-2025,0.09401709401709402,-0.2936352401415818,0.2683824621071819
GFNMS,chl,base,0.06666666666666667,-1.2492321991667647e-16,1.1243321088964343e-16
GFNMS,chl,2013-2015,0.1388888888888889,-0.4725779035364682,0.5204763013948204
GFNMS,chl,2016-2020,0.11666666666666667,-0.4247969078932523,0.422841109927158
GFNMS,chl,2021-2025,0.12280701754385964,-0.42026792485208786,0.4283898746397262
GFNMS,chl,post,0.09803921568627451,-0.3032546408113053,0.34096312126501455
GFNMS,chl,2016-2025,0.10256410256410256,-0.3307647650750175,0.37842361460958907
GFNMS,precip,base,0.06666666666666667,-9.806970050855549e-17,9.806970050855549e-17
GFNMS,precip,2013-2015,0.1111111111111111,-0.39340907655060864,0.4126526351167095
GFNMS,precip,2016-2020,0.1,-0.33402000559791317,0.331327697120874
GFNMS,precip,2021-2025,0.10526315789473684,-0.3109112973528545,0.3345965076351088
GFNMS,precip,post,0.08496732026143791,-0.23871744174482737,0.2558930564531842
GFNMS,precip,2016-2025,0.09401709401709402,-0.2633481339646831,0.26273269681380507
CBNMS,sst,base,0.06666666666666667,-1.3151516912538833e-16,1.4296434406683525e-16
CBNMS,sst,2013-2015,0.1388888888888889,-0.6419830310634043,0.6110720017933893
CBNMS,sst,2016-2020,0.13333333333333333,-0.5584154057217506,0.513176562647741
CBNMS,sst,2021-2025,0.14035087719298245,-0.5458979630242555,0.4977508557964941
CBNMS,sst,post,0.1111111111111111,-0.43028011021183765,0.3798519530292506
CBNMS,sst,2016-2025,0.1111111111111111,-0.4606112640107081,0.3934790284315548
CBNMS,sbt,base,0.06666666666666667,-1.304974646861486e-16,1.4257114007894711e-16
CBNMS,sbt,2013-2015,0.1388888888888889,-0.6575158825255666,0.6487256872931589
CBNMS,sbt,2016-2020,0.11666666666666667,-0.5495945115279145,0.5174603464889419
CBNMS,sbt,2021-2025,0.12456140350877033,-0.51710534116829,0.5336593474405512
CBNMS,sbt,post,0.10457516339869281,-0.42675039779121804,0.40519894340763335
CBNMS,sbt,2016-2025,0.1111111111111111,-0.4285828322598523,0.4262986283671193
CBNMS,sss,base,0.06666666666666667,-1.668341390962761e-16,1.8327931764853616e-16
CBNMS,sss,2013-2015,0.19444444444444445,-0.8759693231305417,0.8547189716808379
CBNMS,sss,2016-2020,0.16666666666666666,-0.6892623554455302,0.7593111446753331
CBNMS,sss,2021-2025,0.15789473684210525,-0.7051239121847126,0.7736286864548702
CBNMS,sss,post,0.13725490196078433,-0.5567430519332941,0.5931480558910734
CBNMS,sss,2016-2025,0.13675213675213677,-0.5840687618519141,0.6083883003831534
CBNMS,mld,base,0.06666666666666667,-1.1707648739367473e-16,1.0371333421706662e-16
CBNMS,mld,2013-2015,0.1388888888888889,-0.47533363612245316,0.46152474053508735
CBNMS,mld,2016-2020,0.11666666666666667,-0.39489642929989405,0.4003739971003766
CBNMS,mld,2021-2025,0.10526315789473684,-0.36530468120637455,0.39720805386751296
CBNMS,mld,post,0.0915032679738562,-0.30117874010643264,0.3057915295732528
CBNMS,mld,2016-2025,0.10256410256410256,-0.3301454559677378,0.3118218809803646
CBNMS,chl,base,0.06666666666666667,-1.2596405400226252e-16,1.267504619780387e-16
CBNMS,chl,2013-2015,0.1388888888888889,-0.551769389275963,0.5109356239030617
CBNMS,chl,2016-2020,0.11666666666666667,-0.5018332183129082,0.46982090896669476
CBNMS,chl,2021-2025,0.12280701754385964,-0.4926850320392841,0.437364547053343
CBNMS,chl,post,0.10457516339869281,-0.3877121894523641,0.36799601318207514
CBNMS,chl,2016-2025,0.10256410256410256,-0.40906463398549375,0.3867409729174327
CBNMS,precip,base,0.06666666666666667,-8.793891540885093e-17,9.534040223968527e-17
CBNMS,precip,2013-2015,0.1111111111111111,-0.39401129074024555,0.41379337938829647
CBNMS,precip,2016-2020,0.1,-0.3336851485066784,0.32079525762508876
CBNMS,precip,2021-2025,0.10526315789473684,-0.35026945460941467,0.3498894408040356
CBNMS,precip,post,0.08496732026143791,-0.2564119751635597,0.2494348638267539
CBNMS,precip,2016-2025,0.09401709401709402,-0.27429712674469103,0.26801681416300244
MBNMS,sst,base,0.06666666666666667,-1.4997262690978156e-16,1.5173048003210473e-16
MBNMS,sst,2013-2015,0.1388888888888889,-0.6351781592428887,0.6412801403110395
MBNMS,sst,2016-2020,0.13333333333333333,-0.5416812245510904,0.5519426110124728
MBNMS,sst,2021-2025,0.12280701754385964,-0.5606864246675288,0.5489973592308864
MBNMS,sst,post,0.10457516339869281,-0.4495681112424753,0.4271517488340217
MBNMS,sst,2016-2025,0.1111111111111111,-0.47442435504416686,0.45668142244882537
MBNMS,sbt,base,0.06666666666666667,-1.554774827402146e-16,1.4247862149356177e-16
MBNMS,sbt,2013-2015,0.1388888888888889,-0.6430853722645533,0.6432807801566504
MBNMS,sbt,2016-2020,0.11833333333333182,-0.5083469894805815,0.5404546252597956
MBNMS,sbt,2021-2025,0.12280701754385964,-0.5492480229416972,0.5660520134460639
MBNMS,sbt,post,0.10457516339869281,-0.4281689273646638,0.40640791207315774
MBNMS,sbt,2016-2025,0.1111111111111111,-0.4497255229762395,0.4323404270370964
MBNMS,sss,base,0.06666666666666667,-2.3781902373324703e-16,2.335053446896511e-16
MBNMS,sss,2013-2015,0.2777777777777778,-1.2272352234338524,1.145272403987642
MBNMS,sss,2016-2020,0.21666666666666667,-1.0324491521144608,0.9687858057102117
MBNMS,sss,2021-2025,0.22807017543859648,-1.0381688608510296,1.026124940172716
MBNMS,sss,post,0.1895424836601307,-0.7990823052016496,0.7831101030786568
MBNMS,sss,2016-2025,0.19658119658119658,-0.8577192386768361,0.8226374485614735
MBNMS,mld,base,0.06666666666666667,-1.0692835505921038e-16,1.209449207451028e-16
MBNMS,mld,2013-2015,0.1111111111111111,-0.47638794935856676,0.5143956238743901
MBNMS,mld,2016-2020,0.1,-0.41087278886262046,0.4109941741034266
MBNMS,mld,2021-2025,0.12280701754385964,-0.4122599520263937,0.42178181470871684
MBNMS,mld,post,0.0915032679738562,-0.32239310262400206,0.310795328441726
MBNMS,mld,2016-2025,0.09401709401709402,-0.34791911903602324,0.3327555747146528
MBNMS,chl,base,0.06666666666666667,-1.36476478266682e-16,1.2820762969785915e-16
MBNMS,chl,2013-2015,0.1388888888888889,-0.5841724297534219,0.6023425216957147
MBNMS,chl,2016-2020,0.11666666666666667,-0.4765803328455035,0.4887352821351483
MBNMS,chl,2021-2025,0.12280701754385964,-0.48899792617960003,0.5110378634218669
MBNMS,chl,post,0.09803921568627451,-0.3643167250970616,0.376272384747702
MBNMS,chl,2016-2025,0.10256410256410256,-0.4085411139555077,0.4171628209132441
MBNMS,precip,base,0.06666666666666667,-9.577986552026612e-17,1.0093777665550373e-16
MBNMS,precip,2013-2015,0.1111111111111111,-0.43048075236974304,0.41288366197543647
MBNMS,precip,2016-2020,0.1,-0.3983806927744563,0.3865535434870611
MBNMS,precip,2021-2025,0.10526315789473684,-0.3875619386489303,0.39192975730574514
MBNMS,precip,post,0.0915032679738562,-0.32284913875889926,0.28289087409052155
MBNMS,precip,2016-2025,0.09401709401709402,-0.31746836803837225,0.3072506067019485
CPNMS,sst,base,0.06666666666666667,-1.4062824978585316e-16,1.609823385706477e-16
CPNMS,sst,2013-2015,0.1388888888888889,-0.6952324107389767,0.5807824226658947
CPNMS,sst,2016-2020,0.13333333333333333,-0.5576718507623344,0.5344616077387457
CPNMS,sst,2021-2025,0.12280701754385964,-0.5644549486030318,0.5374681253246552
CPNMS,sst,post,0.1111111111111111,-0.4409109894148825,0.39997515995777166
CPNMS,sst,2016-2025,0.1111111111111111,-0.454310732991325,0.44502861252728604
CPNMS,sbt,base,0.06666666666666667,-1.646830819860649e-16,1.5547748274021458e-16
CPNMS,sbt,2013-2015,0.16666666666666666,-0.7801783194524384,0.7187030217297141
CPNMS,sbt,2016-2020,0.15,-0.6455757642727366,0.6549179054575096
CPNMS,sbt,2021-2025,0.12280701754385964,-0.6360964773726143,0.6091560808330332
CPNMS,sbt,post,0.1111111111111111,-0.5058248103826475,0.459998463660287
CPNMS,sbt,2016-2025,0.11965811965811966,-0.5430726182206069,0.5123841344744994
CPNMS,sss,base,0.06666666666666667,-3.312338829145982e-16,3.088848621324302e-16
CPNMS,sss,2013-2015,0.3333333333333333,-1.5195256046135943,1.4387069076149095
CPNMS,sss,2016-2020,0.3,-1.220113623834907,1.279618724738949
CPNMS,sss,2021-2025,0.3157894736842105,-1.3187144170464398,1.35402191140066
CPNMS,sss,post,0.24836601307189543,-1.0256030043996847,1.0407955812670415
CPNMS,sss,2016-2025,0.26581196581196503,-1.0964337135934479,1.0831231818105296
CPNMS,mld,base,0.06666666666666667,-1.460651622801438e-16,1.4617936490897894e-16
CPNMS,mld,2013-2015,0.1388888888888889,-0.6920710926234488,0.671710016826311
CPNMS,mld,2016-2020,0.13333333333333333,-0.5771546232193311,0.5986387999767669
CPNMS,mld,2021-2025,0.14035087719298245,-0.6491728260125926,0.6505715273498165
CPNMS,mld,post,0.10457516339869281,-0.45919746191592925,0.44747771548227294
CPNMS,mld,2016-2025,0.1111111111111111,-0.4828537088227332,0.4926176106973749
CPNMS,chl,base,0.06666666666666667,-1.3244035497924263e-16,1.4823790343380456e-16
CPNMS,chl,2013-2015,0.1388888888888889,-0.6678611448774271,0.6917351289600132
CPNMS,chl,2016-2020,0.11833333333333182,-0.6069326025428262,0.564543794285407
CPNMS,chl,2021-2025,0.12280701754385964,-0.5795525873365692,0.5817028417320707
CPNMS,chl,post,0.10457516339869281,-0.4332961008021523,0.4603507047879989
CPNMS,chl,2016-2025,0.1111111111111111,-0.4676810850719083,0.47184400213998695
CPNMS,precip,base,0.06666666666666667,-1.0362081563168128e-16,9.814487185918099e-17
CPNMS,precip,2013-2015,0.11388888888888635,-0.43212661836295924,0.4645817543052725
CPNMS,precip,2016-2020,0.1,-0.34776486149987756,0.36857808367141354
CPNMS,precip,2021-2025,0.10526315789473684,-0.3689997145726624,0.3910230734320266
CPNMS,precip,post,0.0915032679738562,-0.2841669349082646,0.2888353844327677
CPNMS,precip,2016-2025,0.09401709401709402,-0.29779089178389345,0.31047494435517503
CINMS,sst,base,0.06666666666666667,-1.694477891334145e-16,1.8089696407486142e-16
CINMS,sst,2013-2015,0.19444444444444445,-0.8568205276807689,0.8769696245448863
CINMS,sst,2016-2020,0.16666666666666666,-0.7471652614514193,0.6891124526855759
CINMS,sst,2021-2025,0.15789473684210525,-0.7386130886568351,0.6988362576333113
CINMS,sst,post,0.13725490196078433,-0.5731166267614348,0.5218876286089286
CINMS,sst,2016-2025,0.1452991452991453,-0.6183456142618189,0.5404296929026672
CINMS,sbt,base,0.06666666666666667,-1.77537382943053e-16,1.851586014141777e-16
CINMS,sbt,2013-2015,0.19444444444444445,-0.8601040084807616,0.8713844833293364
CINMS,sbt,2016-2020,0.16666666666666666,-0.781293695563837,0.7643551307538214
CINMS,sbt,2021-2025,0.17543859649122806,-0.8064182755535867,0.7514154501045003
CINMS,sbt,post,0.13725490196078433,-0.5774037026479584,0.5612885557357157
CINMS,sbt,2016-2025,0.1452991452991453,-0.6290575878723783,0.604434981258456
CINMS,sss,base,0.06666666666666667,-2.923587298179579e-16,3.310777578017595e-16
CINMS,sss,2013-2015,0.3611111111111111,-1.5285545748369271,1.4686706819267257
CINMS,sss,2016-2020,0.31666666666666665,-1.304636002443492,1.384869381470339
CINMS,sss,2021-2025,0.3508771929824561,-1.3643749081312762,1.4218534360231205
CINMS,sss,post,0.26143790849673204,-1.073294020731642,1.0199470549758616
CINMS,sss,2016-2025,0.2905982905982906,-1.1592268496942844,1.133990270638508
CINMS,mld,base,0.06666666666666667,-1.5522305663040468e-16,1.5822991065543115e-16
CINMS,mld,2013-2015,0.1388888888888889,-0.7464749735550202,0.7677184357124067
CINMS,mld,2016-2020,0.13333333333333333,-0.6331787653214278,0.6966549202898007
CINMS,mld,2021-2025,0.14035087719298245,-0.677674784895177,0.672871633172602
CINMS,mld,post,0.1111111111111111,-0.5343162832092767,0.5189175275188773
CINMS,mld,2016-2025,0.11965811965811966,-0.5465458907301317,0.5343606633176691
CINMS,chl,base,0.06666666666666667,-1.6294835851008806e-16,1.8318679906315082e-16
CINMS,chl,2013-2015,0.16666666666666666,-0.7920397800832201,0.800343659693728
CINMS,chl,2016-2020,0.15,-0.7591651834481818,0.7116263775469803
CINMS,chl,2021-2025,0.15789473684210525,-0.6999154700471102,0.7092618039589217
CINMS,chl,post,0.12418300653594772,-0.5652396754234892,0.5651529011127938
CINMS,chl,2016-2025,0.1282051282051282,-0.5986352605156602,0.5859465694018782
CINMS,precip,base,0.06666666666666667,-9.446147567852374e-17,9.827208491408605e-17
CINMS,precip,2013-2015,0.1111111111111111,-0.4113416891501043,0.46737365327633823
CINMS,precip,2016-2020,0.11666666666666667,-0.3667008935358579,0.3809062831594119
CINMS,precip,2021-2025,0.10526315789473684,-0.36737100660675726,0.35348321848917147
CINMS,precip,post,0.0915032679738562,-0.27569341623913535,0.2805126493785931
CINMS,precip,2016-2025,0.09401709401709402,-0.30368064947709944,0.2884206355297822
PNMS,sst,base,0.06666666666666667,-1.8704945000299252e-16,1.7773976734858357e-16
PNMS,sst,2013-2015,0.19444444444444445,-0.8087291866286528,0.9872110482677632
PNMS,sst,2016-2020,0.16666666666666666,-0.716376763493483,0.8134984128088688
PNMS,sst,2021-2025,0.17543859649122806,-0.7382642232799562,0.8705506108335871
PNMS,sst,post,0.13725490196078433,-0.5602811469034862,0.6631853484212971
PNMS,sst,2016-2025,0.1452991452991453,-0.6131723937777831,0.7075489846430605
PNMS,sbt,base,0.06666666666666667,-3.0311401536901407e-16,2.8139527744978433e-16
PNMS,sbt,2013-2015,0.3055555555555556,-1.2333224185465352,1.308907120724644
PNMS,sbt,2016-2020,0.25166666666666515,-1.0704863175168027,1.1204633528834944
PNMS,sbt,2021-2025,0.2631578947368421,-1.0905984890360665,1.2163159640833374
PNMS,sbt,post,0.20915032679738563,-0.8129700873492564,0.9445045928303002
PNMS,sbt,2016-2025,0.2222222222222222,-0.9096849329195069,1.0215531955728347
PNMS,sss,base,0.075,-4.08978406696292e-16,4.100568264571908e-16
PNMS,sss,2013-2015,0.5277777777777778,-1.884503981410234,2.118902759821471
PNMS,sss,2016-2020,0.5,-1.8679023783133573,1.787144404767675
PNMS,sss,2021-2025,0.5087719298245614,-1.813008790246218,1.9442089590092315
PNMS,sss,post,0.37254901960784315,-1.404090447017595,1.5078133033785617
PNMS,sss,2016-2025,0.42735042735042733,-1.5863145834793582,1.5162011642667237
PNMS,mld,base,0.06666666666666667,-1.5179986897114381e-16,1.4432899320127036e-16
PNMS,mld,2013-2015,0.1388888888888889,-0.6025886129050244,0.6637436545225048
PNMS,mld,2016-2020,0.11666666666666667,-0.5622328783984277,0.57372601436645565
PNMS,mld,2021-2025,0.12280701754385964,-0.5258792598216178,0.5678667972278377
PNMS,mld,post,0.10457516339869281,-0.4089349048504587,0.44501358837358973
PNMS,mld,2016-2025,0.1111111111111111,-0.45792713088140913,0.4655570570700442
PNMS,chl,base,0.06666666666666667,-2.130240428499519e-16,2.1658600838729087e-16
PNMS,chl,2013-2015,0.19444444444444445,-0.9802329333407823,0.9840427716419793
PNMS,chl,2016-2020,0.18333333333333332,-0.8213447860805007,0.8396882151106798
PNMS,chl,2021-2025,0.19298245614035087,-0.9614409071091097,0.872461076151714
PNMS,chl,post,0.1503267973856209,-0.6986904585873603,0.6175976234659338
PNMS,chl,2016-2025,0.15384615384615385,-0.7436422619917802,0.7129143013835805
PNMS,precip,base,0.06666666666666667,-1.2679672127073142e-16,1.1934897514720432e-16
PNMS,precip,2013-2015,0.1111111111111111,-0.5228639770900738,0.5615901765523781
PNMS,precip,2016-2020,0.11666666666666667,-0.4508372120589903,0.45711728776142874
PNMS,precip,2021-2025,0.12280701754385964,-0.46823434430481775,0.4721994709815472
PNMS,precip,post,0.0915032679738562,-0.35022034962933957,0.373168089207492
PNMS,precip,2016-2025,0.10256410256410256,-0.3941759543776823,0.40211341780838117
HIHWNMS,sst,base,0.06666666666666667,-2.3999321048980467e-16,2.361189947267896e-16
HIHWNMS,sst,2013-2015,0.2222222222222222,-1.0478656744861594,1.0695572828535465
HIHWNMS,sst,2016-2020,0.2,-0.9543138549985651,0.9350439828668335
HIHWNMS,sst,2021-2025,0.21052631578947367,-0.9836968892397352,0.9560296398872614
HIHWNMS,sst,post,0.17647058823529413,-0.7607405465983951,0.71159217810468
HIHWNMS,sst,2016-2025,0.1794871794871795,-0.8336421589054318,0.8415359736514859
HIHWNMS,sbt,base,0.06666666666666667,-2.3688227305621956e-16,2.4586235825019275e-16
HIHWNMS,sbt,2013-2015,0.2222222222222222,-1.0366702132492973,0.9935988552161752
HIHWNMS,sbt,2016-2020,0.2,-0.9136047987418467,0.8344718973244436
HIHWNMS,sbt,2021-2025,0.21052631578947367,-0.9666155497032566,0.9148745672639634
HIHWNMS,sbt,post,0.15751633986928046,-0.7112603835302009,0.6609594861569764
HIHWNMS,sbt,2016-2025,0.17094017094017094,-0.7324951653773989,0.7273062975101873
HIHWNMS,sss,base,0.06666666666666667,-3.203340370738772e-16,2.8389327925519034e-16
HIHWNMS,sss,2013-2015,0.3055555555555556,-1.2887617323767322,1.321148739370205
HIHWNMS,sss,2016-2020,0.26666666666666666,-1.2018551062497935,1.1795845855066522
HIHWNMS,sss,2021-2025,0.2982456140350877,-1.2407202545740887,1.2091200589568396
HIHWNMS,sss,post,0.23529411764705882,-0.9055013615755528,0.957199020984714
HIHWNMS,sss,2016-2025,0.2401709401709394,-0.9914723323825743,0.9828743387185261
HIHWNMS,mld,base,0.06666666666666667,-1.1194748831636995e-16,1.2274903316011873e-16
HIHWNMS,mld,2013-2015,0.1388888888888889,-0.5395631602737897,0.5558560306845102
HIHWNMS,mld,2016-2020,0.11666666666666667,-0.4612498421048758,0.42908042290848963
HIHWNMS,mld,2021-2025,0.12280701754385964,-0.4864650562680822,0.4682330368844194
HIHWNMS,mld,post,0.09803921568627451,-0.3761743710916895,0.35510016493323937
HIHWNMS,mld,2016-2025,0.10256410256410256,-0.39825902197835444,0.3827002703941893
HIHWNMS,chl,base,0.06666666666666667,-1.1613395430506066e-16,1.27675647831893e-16
HIHWNMS,chl,2013-2015,0.1388888888888889,-0.527213420747967,0.5316959667824795
HIHWNMS,chl,2016-2020,0.11666666666666667,-0.46805184564446534,0.4539548370883634
HIHWNMS,chl,2021-2025,0.12280701754385964,-0.4684031929781254,0.4688755691594366
HIHWNMS,chl,post,0.09803921568627451,-0.3747720066877836,0.341573172408487
HIHWNMS,chl,2016-2025,0.10256410256410256,-0.3984700635866839,0.37493814795579483
HIHWNMS,precip,base,0.06666666666666667,-1.6900832585283372e-16,1.7773976734858357e-16
HIHWNMS,precip,2013-2015,0.16666666666666666,-0.8052479768396865,0.7862227714040358
HIHWNMS,precip,2016-2020,0.13333333333333333,-0.6673730163111926,0.6571336430404664
HIHWNMS,precip,2021-2025,0.12280701754385964,-0.689769371224531,0.658620303655906
HIHWNMS,precip,post,0.11176470588235234,-0.5110890971645169,0.5359545987966879
HIHWNMS,precip,2016-2025,0.11196581196581118,-0.5588894035530765,0.5674888696760725
NMSAS,sst,base,0.06666666666666667,-2.110117636178188e-16,2.2066260855583635e-16
NMSAS,sst,2013-2015,0.19444444444444445,-0.9685147937028231,0.97867883393579
NMSAS,sst,2016-2020,0.1683333333333318,-0.8209639085654874,0.8060987498903377
NMSAS,sst,2021-2025,0.17543859649122806,-0.7957863419036386,0.843565192974524
NMSAS,sst,post,0.1437908496732026,-0.6279250324186599,0.614384750327034
NMSAS,sst,2016-2025,0.15384615384615385,-0.7103768165483102,0.6748241199938105
NMSAS,sss,base,0.06666666666666667,-3.055426282353816e-16,2.994356787984948e-16
NMSAS,sss,2013-2015,0.3333333333333333,-1.324091894884371,1.338624413184525
NMSAS,sss,2016-2020,0.30166666666666514,-1.207651932933333,1.2915723093355524
NMSAS,sss,2021-2025,0.2982456140350877,-1.1563215778311347,1.20145511470836
NMSAS,sss,post,0.24183006535947713,-0.9092607210380705,0.939978406135684
NMSAS,sss,2016-2025,0.2564102564102564,-0.9674415015004014,1.0499770019805967
NMSAS,mld,base,0.06666666666666667,-1.1521021405410298e-16,1.0274188907051966e-16
NMSAS,mld,2013-2015,0.1388888888888889,-0.4481297419437922,0.465288013607995
NMSAS,mld,2016-2020,0.1,-0.42046865485641194,0.40876560147086716
NMSAS,mld,2021-2025,0.10526315789473684,-0.3905416279476142,0.38824400995352515
NMSAS,mld,post,0.0915032679738562,-0.31397497837079724,0.3230777174551375
NMSAS,mld,2016-2025,0.09401709401709402,-0.3135341511043435,0.3310236947566448
NMSAS,chl,base,0.06666666666666667,-2.3888298746517953e-16,2.4440519053037223e-16
NMSAS,chl,2013-2015,0.22499999999999745,-1.0679653520191625,1.0078142627693176
NMSAS,chl,2016-2020,0.21666666666666667,-0.8532816388684946,0.9590714150924885
NMSAS,chl,2021-2025,0.21052631578947367,-0.8367214447108872,0.9344999845023639
NMSAS,chl,post,0.16993464052287582,-0.657614152417589,0.739709834077076
NMSAS,chl,2016-2025,0.1794871794871795,-0.6694847765804792,0.7851042138182427
NMSAS,precip,base,0.06666666666666667,-9.992007221626409e-17,7.776187101645363e-17
NMSAS,precip,2013-2015,0.1111111111111111,-0.3578145982900057,0.3631316123470066
NMSAS,precip,2016-2020,0.1,-0.30107806574108936,0.28949699851043986
NMSAS,precip,2021-2025,0.10526315789473684,-0.3060108486004273,0.29943066014886094
NMSAS,precip,post,0.0915032679738562,-0.22324236278580534,0.24971037054224676
NMSAS,precip,2016-2025,0.09401709401709402,-0.23445944580121098,0.24729560200959677
FGBNMS,sst,base,0.06666666666666667,-1.9398834390689975e-16,1.9253117618707915e-16
FGBNMS,sst,2013-2015,0.19444444444444445,-0.9220924921522672,0.9184675844246126
FGBNMS,sst,2016-2020,0.15166666666666515,-0.7661587132139083,0.7438699243953989
FGBNMS,sst,2021-2025,0.15789473684210525,-0.7808139318376695,0.7388540463340437
FGBNMS,sst,post,0.12418300653594772,-0.5803505831154552,0.5507011492857675
FGBNMS,sst,2016-2025,0.13675213675213677,-0.6310065397031608,0.5945145753793172
FGBNMS,sbt,base,0.06666666666666667,-2.729876510028835e-16,2.294460917558657e-16
FGBNMS,sbt,2013-2015,0.2777777777777778,-1.198847960800042,1.179363203150479
FGBNMS,sbt,2016-2020,0.26666666666666666,-1.1437651878016246,1.1324091011800805
FGBNMS,sbt,2021-2025,0.2631578947368421,-1.107975187901253,1.1157888394339956
FGBNMS,sbt,post,0.20980392156862687,-0.867777837764091,0.8683519430501705
FGBNMS,sbt,2016-2025,0.22307692307692228,-0.90627063549589,0.9265464693993699
FGBNMS,sss,base,0.06666666666666667,-2.1420365481361615e-16,1.740274591099932e-16
FGBNMS,sss,2013-2015,0.2222222222222222,-1.0403926016350507,1.05718942083622
FGBNMS,sss,2016-2020,0.1683333333333318,-0.8810486371956564,0.8765814547905588
FGBNMS,sss,2021-2025,0.17543859649122806,-0.8471331389052138,0.8399467191775469
FGBNMS,sss,post,0.1437908496732026,-0.6724292168572719,0.6476654988948596
FGBNMS,sss,2016-2025,0.15384615384615385,-0.7413988024063106,0.7054923162567441
FGBNMS,mld,base,0.06666666666666667,-1.3697954807471529e-16,1.2587153541687708e-16
FGBNMS,mld,2013-2015,0.1388888888888889,-0.6462042345709625,0.6372779411550589
FGBNMS,mld,2016-2020,0.11666666666666667,-0.5558229455661149,0.51104174903601
FGBNMS,mld,2021-2025,0.12280701754385964,-0.6072578863149541,0.5174215733623154
FGBNMS,mld,post,0.10457516339869281,-0.4432090249005187,0.39636432837623675
FGBNMS,mld,2016-2025,0.1111111111111111,-0.47289343131345063,0.42430865427224645
FGBNMS,chl,base,0.06666666666666667,-1.7085869756054233e-16,1.6843008469417474e-16
FGBNMS,chl,2013-2015,0.16666666666666666,-0.80245441454234,0.7950136706170033
FGBNMS,chl,2016-2020,0.15,-0.6858740868387496,0.7325679094242888
FGBNMS,chl,2021-2025,0.15789473684210525,-0.6667647052264924,0.6477363749727854
FGBNMS,chl,post,0.12418300653594772,-0.5269722654762856,0.524436587945301
FGBNMS,chl,2016-2025,0.1282051282051282,-0.5694708900931649,0.5806297970277084
FGBNMS,precip,base,0.06666666666666667,-9.265736326350786e-17,1.0366707492437395e-16
FGBNMS,precip,2013-2015,0.1388888888888889,-0.4049678221768496,0.42140632028852504
FGBNMS,precip,2016-2020,0.11666666666666667,-0.34307487045896023,0.37926773746878073
FGBNMS,precip,2021-2025,0.10526315789473684,-0.35510215047124116,0.3628109626941002
FGBNMS,precip,post,0.0915032679738562,-0.27816901974379193,0.2668283889335634
FGBNMS,precip,2016-2025,0.09401709401709402,-0.30119387064963815,0.30467683766966924
FKNMS,sst,base,0.06666666666666667,-1.221476623551136e-16,1.1657341758564144e-16
FKNMS,sst,2013-2015,0.1388888888888889,-0.5252331253792308,0.555527155905339
FKNMS,sst,2016-2020,0.11666666666666667,-0.4580829159681902,0.45715763286667266
FKNMS,sst,2021-2025,0.12280701754385964,-0.4756168284832223,0.49172535295549236
FKNMS,sst,post,0.09803921568627451,-0.3368427412703897,0.3573191792165321
FKNMS,sst,2016-2025,0.10256410256410256,-0.37064401330181806,0.3776117850267539
FKNMS,sbt,base,0.06666666666666667,-1.4170956075254537e-16,1.4252488078625444e-16
FKNMS,sbt,2013-2015,0.1388888888888889,-0.6933951509328742,0.6126813096828163
FKNMS,sbt,2016-2020,0.13333333333333333,-0.5518892389985651,0.5236034701162351
FKNMS,sbt,2021-2025,0.12280701754385964,-0.5688545780250658,0.577765553481431
FKNMS,sbt,post,0.1111111111111111,-0.42080678193038523,0.4336609022926054
FKNMS,sbt,2016-2025,0.11965811965811966,-0.46202437784431455,0.4719823574987627
FKNMS,sss,base,0.06666666666666667,-1.126182480604143e-16,1.2034354994009763e-16
FKNMS,sss,2013-2015,0.1388888888888889,-0.5394423811294298,0.5257379020623468
FKNMS,sss,2016-2020,0.11666666666666667,-0.44465162959056764,0.4794117984811442
FKNMS,sss,2021-2025,0.12280701754385964,-0.4574295380629504,0.47861598091988417
FKNMS,sss,post,0.09803921568627451,-0.3404883729539835,0.3696692770121942
FKNMS,sss,2016-2025,0.10256410256410256,-0.3571434873785376,0.397995220186002
FKNMS,mld,base,0.06666666666666667,-1.1287267417022424e-16,1.0824674490095276e-16
FKNMS,mld,2013-2015,0.1388888888888889,-0.5141311930138183,0.5754347348824508
FKNMS,mld,2016-2020,0.11666666666666667,-0.43471942102316063,0.4652319410428551
FKNMS,mld,2021-2025,0.12280701754385964,-0.4614787874351634,0.45371749942234896
FKNMS,mld,post,0.09803921568627451,-0.341286844785341,0.3491590838676568
FKNMS,mld,2016-2025,0.10256410256410256,-0.3665915870608769,0.37500893101685256
FKNMS,chl,base,0.06666666666666667,-1.314689098326956e-16,1.11114821047901e-16
FKNMS,chl,2013-2015,0.1388888888888889,-0.5761436653833256,0.5811241925527638
FKNMS,chl,2016-2020,0.11666666666666667,-0.49323007465241653,0.45976917078285107
FKNMS,chl,2021-2025,0.12280701754385964,-0.4696694863670662,0.5277035711172265
FKNMS,chl,post,0.09803921568627451,-0.36234035113344853,0.37431537224785455
FKNMS,chl,2016-2025,0.10256410256410256,-0.3874352719056025,0.4082380583703835
FKNMS,precip,base,0.06666666666666667,-1.0457491354346852e-16,1.175448627321884e-16
FKNMS,precip,2013-2015,0.1111111111111111,-0.4451430531913336,0.4732529423200985
FKNMS,precip,2016-2020,0.11666666666666667,-0.38752980137615867,0.3903843266085163
FKNMS,precip,2021-2025,0.10526315789473684,-0.40431568458005757,0.38349638104863476
FKNMS,precip,post,0.09803921568627451,-0.30803890431625514,0.3164883797541761
FKNMS,precip,2016-2025,0.10256410256410256,-0.3197777550976856,0.31989057053237396
GRNMS,sst,base,0.06666666666666667,-1.4247862149356177e-16,1.3572476476042523e-16
GRNMS,sst,2013-2015,0.1388888888888889,-0.5785885645633028,0.6135614098260445
GRNMS,sst,2016-2020,0.11666666666666667,-0.5284682391943238,0.5351440610684043
GRNMS,sst,2021-2025,0.12280701754385964,-0.5177947779854406,0.5371370816285698
GRNMS,sst,post,0.10457516339869281,-0.4139295567749593,0.42672432400449717
GRNMS,sst,2016-2025,0.1111111111111111,-0.44195644490806585,0.4539432029270209
GRNMS,sbt,base,0.06666666666666667,-1.3324989260136514e-16,1.3146890983269554e-16
GRNMS,sbt,2013-2015,0.1388888888888889,-0.5700197891230077,0.6211897936320161
GRNMS,sbt,2016-2020,0.13333333333333333,-0.524197895151992,0.543227726547804
GRNMS,sbt,2021-2025,0.12280701754385964,-0.49604812180451513,0.551180602413717
GRNMS,sbt,post,0.10457516339869281,-0.4045438120629396,0.4352475359457397
GRNMS,sbt,2016-2025,0.1111111111111111,-0.4340712168983595,0.4601551071337238
GRNMS,sss,base,0.06666666666666667,-1.7231586528036283e-16,1.3512339395542004e-16
GRNMS,sss,2013-2015,0.16666666666666666,-0.7148519469555498,0.7493931243456082
GRNMS,sss,2016-2020,0.13333333333333333,-0.5541164886276393,0.585133432094421
GRNMS,sss,2021-2025,0.14035087719298245,-0.6001244344433941,0.6488561857875024
GRNMS,sss,post,0.1111111111111111,-0.429674565007892,0.49294085671991544
GRNMS,sss,2016-2025,0.11965811965811966,-0.4531527241937782,0.529056348588657
GRNMS,mld,base,0.06666666666666667,-9.904114565510252e-17,9.066821367772112e-17
GRNMS,mld,2013-2015,0.1111111111111111,-0.404295803408468,0.4191683446786298
GRNMS,mld,2016-2020,0.1,-0.34860970667338,0.3465460445684707
GRNMS,mld,2021-2025,0.10526315789473684,-0.3302428127421575,0.367530131904644
GRNMS,mld,post,0.0915032679738562,-0.2721789501011167,0.2691695377684476
GRNMS,mld,2016-2025,0.09401709401709402,-0.3053927664839786,0.30594161771604406
GRNMS,chl,base,0.06666666666666667,-1.8395007739258059e-16,1.9433528860209507e-16
GRNMS,chl,2013-2015,0.19444444444444445,-0.965430814741072,0.8407859047416111
GRNMS,chl,2016-2020,0.16666666666666666,-0.7262634736115492,0.6563126192811787
GRNMS,chl,2021-2025,0.15789473684210525,-0.8148091370706878,0.7951355800104858
GRNMS,chl,post,0.13725490196078433,-0.5894209230581987,0.5310332840398168
GRNMS,chl,2016-2025,0.13675213675213677,-0.65451326267574494,0.6079278225818763
GRNMS,precip,base,0.06666666666666667,-1.0192078662522399e-16,1.0503172405880906e-16
GRNMS,precip,2013-2015,0.1388888888888889,-0.45659052929965993,0.46290403241155537
GRNMS,precip,2016-2020,0.1,-0.3914398189444167,0.4096145608123356
GRNMS,precip,2021-2025,0.12280701754385964,-0.40287743924190533,0.410842852581147
GRNMS,precip,post,0.0915032679738562,-0.3027714692481544,0.3075649995703659
GRNMS,precip,2016-2025,0.09401709401709402,-0.31900787103822426,0.33507461571944136
MNMS,sst,base,0.06666666666666667,-1.3326145742453833e-16,1.453813921100295e-16
MNMS,sst,2013-2015,0.16666666666666666,-0.7125090602393425,0.6755105596184198
MNMS,sst,2016-2020,0.13333333333333333,-0.5540467148994279,0.597493981191728
MNMS,sst,2021-2025,0.14035087719298245,-0.5653429367447411,0.5525659082218389
MNMS,sst,post,0.1111111111111111,-0.42976290835437764,0.4716825792404934
MNMS,sst,2016-2025,0.11965811965811966,-0.4522326623417212,0.46538795194856747
MNMS,sbt,base,0.06666666666666667,-1.2217079200145995e-16,1.434963259328014e-16
MNMS,sbt,2013-2015,0.1388888888888889,-0.614032743799115,0.5516070677718828
MNMS,sbt,2016-2020,0.11666666666666667,-0.5144901816820658,0.532217798873548
MNMS,sbt,2021-2025,0.12280701754385964,-0.5046347200764071,0.461163303665593
MNMS,sbt,post,0.10457516339869281,-0.39700818478370453,0.3741251353838503
MNMS,sbt,2016-2025,0.1111111111111111,-0.41859388808789827,0.40259632968580183
MNMS,sss,base,0.06666666666666667,-1.5702716904542057e-16,1.5728159515523052e-16
MNMS,sss,2013-2015,0.16666666666666666,-0.741683585450062,0.7651969876693543
MNMS,sss,2016-2020,0.15,-0.6232834439727052,0.6597761226537805
MNMS,sss,2021-2025,0.14035087719298245,-0.5847830388917385,0.5780836524729597
MNMS,sss,post,0.12418300653594772,-0.47251255563261385,0.4884961908758769
MNMS,sss,2016-2025,0.11965811965811966,-0.4868399267249257,0.5325631332172757
MNMS,mld,base,0.06666666666666667,-1.3322676295501878e-16,1.2677359162438503e-16
MNMS,mld,2013-2015,0.1388888888888889,-0.5042353068722766,0.5553695828890536
MNMS,mld,2016-2020,0.11666666666666667,-0.4314019601360285,0.4532282650270073
MNMS,mld,2021-2025,0.12280701754385964,-0.46359017168780925,0.4409957203523822
MNMS,mld,post,0.09803921568627451,-0.3473091636261695,0.34285240225626895
MNMS,mld,2016-2025,0.10256410256410256,-0.3764643257797961,0.35628445699152445
MNMS,chl,base,0.06666666666666667,-1.665768217806729e-16,1.9482101117536855e-16
MNMS,chl,2013-2015,0.16666666666666666,-0.7374962294423081,0.7248254518284964
MNMS,chl,2016-2020,0.13333333333333333,-0.6377918741569822,0.6102293025418797
MNMS,chl,2021-2025,0.12280701754385964,-0.6274362388162262,0.65623452567830165
MNMS,chl,post,0.11764705882352941,-0.48998042879666165,0.4467972641179314
MNMS,chl,2016-2025,0.11965811965811966,-0.5044285906790267,0.4841342550882103
MNMS,precip,base,0.06666666666666667,-1.1111482104790107e-16,1.27675647831893e-16
MNMS,precip,2013-2015,0.1388888888888889,-0.5505441546468524,0.5269337762237204
MNMS,precip,2016-2020,0.11666666666666667,-0.48374211303238096,0.47391776461463625
MNMS,precip,2021-2025,0.12280701754385964,-0.4670400774349154,0.45978784131139216
MNMS,precip,post,0.09803921568627451,-0.3525055456285349,0.35248834056717415
MNMS,precip,2016-2025,0.10256410256410256,-0.3888726997749598,0.37102519388927624
SBNMS,sst,base,0.06666666666666667,-2.4068709988019535e-16,2.2856716519470404e-16
SBNMS,sst,2013-2015,0.25,-1.096578711795701,1.192338236299312
SBNMS,sst,2016-2020,0.21666666666666667,-1.0080452592540787,0.9722159398439386
SBNMS,sst,2021-2025,0.21228070175438435,-0.9227751204846035,0.9970315935485947
SBNMS,sst,post,0.17647058823529413,-0.7392603436431735,0.7920226456444156
SBNMS,sst,2016-2025,0.19658119658119658,-0.8122514765300095,0.8166507040033886
SBNMS,sbt,base,0.06666666666666667,-2.850960208652017e-16,2.8139527744978433e-16
SBNMS,sbt,2013-2015,0.3333333333333333,-1.2992654343830474,1.3823139331193761
SBNMS,sbt,2016-2020,0.3,-1.1596549890372443,1.1710638257542478
SBNMS,sbt,2021-2025,0.2982456140350877,-1.1150859248057494,1.1864322040012059
SBNMS,sbt,post,0.24183006535947713,-0.8143543241927231,0.9050023952623848
SBNMS,sbt,2016-2025,0.24871794871794795,-0.9202526682109035,0.960425770958948
SBNMS,sss,base,0.06666666666666667,-2.1464311809419693e-16,2.098321516541539e-16
SBNMS,sss,2013-2015,0.25,-1.0629461727323892,1.0140164228220605
SBNMS,sss,2016-2020,0.23333333333333334,-0.9380372792721783,0.8750679348248431
SBNMS,sss,2021-2025,0.22807017543859648,-0.9179165085889821,1.0040127222899586
SBNMS,sss,post,0.1830065359477124,-0.726745533221526,0.6745064994785498
SBNMS,sss,2016-2025,0.19658119658119658,-0.7374176061242613,0.6878939905145847
SBNMS,mld,base,0.06666666666666667,-1.0380007039086555e-16,1.1834138992824113e-16
SBNMS,mld,2013-2015,0.1388888888888889,-0.4979517016997199,0.4925770050356775
SBNMS,mld,2016-2020,0.11666666666666667,-0.4031900091382275,0.42012970064107563
SBNMS,mld,2021-2025,0.10526315789473684,-0.412994817466039,0.42574185539587134
SBNMS,mld,post,0.09215686274509743,-0.29264354191382197,0.3302341299804782
SBNMS,mld,2016-2025,0.10256410256410256,-0.3282730043499744,0.33934014320414224
SBNMS,chl,base,0.06666666666666667,-1.390901283038204e-16,1.1472304587793285e-16
SBNMS,chl,2013-2015,0.1388888888888889,-0.551252271246025,0.5864106341464403
SBNMS,chl,2016-2020,0.11666666666666667,-0.4920595585564412,0.48927407017834207
SBNMS,chl,2021-2025,0.12280701754385964,-0.485405406435557,0.45376167479794355
SBNMS,chl,post,0.09803921568627451,-0.3870096865663374,0.36613035340040206
SBNMS,chl,2016-2025,0.10256410256410256,-0.4068060274515723,0.37538824270926363
SBNMS,precip,base,0.06666666666666667,-8.881784197001253e-17,8.145683202028423e-17
SBNMS,precip,2013-2015,0.1111111111111111,-0.361651271736792,0.38357877015853953
SBNMS,precip,2016-2020,0.1,-0.27790168440624086,0.27727698248398197
SBNMS,precip,2021-2025,0.10526315789473684,-0.3045599571022063,0.2897282989767919
SBNMS,precip,post,0.0915032679738562,-0.23334658484653487,0.237501903935141
SBNMS,precip,2016-2025,0.09401709401709402,-0.22991638943010323,0.24214224622633534
