nms,year,pc1,pc2,pc3
OCNMS,2003,0.4311659705688624,-0.011637799070120256,-0.3271321240794958
OCNMS,2004,0.5167765544290959,0.21786332989921448,-0.7926309593768325
OCNMS,2005,1.329941464617813,-0.15572883253577427,0.03121173387400452
OCNMS,2006,0.6487575948907625,-1.3290686831430663,-0.3292803834441655
OCNMS,2007,-0.6311240096527458,0.512371747770144,0.3129170333874688
OCNMS,2008,-1.462017105592713,0.39137194794330177,-0.23013921226517364
OCNMS,2009,-0.7710262558683296,0.6375603612114855,-0.47578878787433515
OCNMS,2010,0.4364299413098363,-0.7303008703403017,0.5123274650514312
OCNMS,2011,-0.2064526657157575,0.18466455920110686,0.43527784345306736
OCNMS,2012,-0.29245148898681855,0.2829042390639964,0.8632373912740288
OCNMS,2013,-0.5297625966836276,0.8080527026609113,-0.49284002361347246
OCNMS,2014,1.1915558956395715,0.7201413802182649,-0.4705463888223049
OCNMS,2015,1.8900028542675937,0.4615014154251837,-0.5709015400673001
OCNMS,2016,3.083039475027947,-1.0627381403117868,0.07594600969620088
OCNMS,2017,1.2065568413148833,-0.03267977955684537,-0.43734064784145893
OCNMS,2018,1.1985204382754786,0.09905642864225006,-0.40726694552832793
OCNMS,2019,1.8530147641802277,-0.6290265445677182,-0.7527511613053771
OCNMS,2020,0.6250772443903533,0.16672100846652418,-0.28426036794873943
OCNMS,2021,1.1087628580916677,-0.439349280855244,-0.2015304802133245
OCNMS,2022,0.24877022291047066,0.6270707967001845,0.25421173295173627
OCNMS,2023,1.8083155021598174,-0.4588484955770251,-0.10912728707577564
OCNMS,2024,1.441607223915872,-0.22533847794942638,0.04545319613699758
OCNMS,2025,0.38004138609628735,-0.35616097246339096,-1.534779756105255
GFNMS,2003,0.47517498033931027,0.651569595707278,-0.17391837775404917
GFNMS,2004,-0.4618874662077421,0.9923094264098881,0.26717166524511105
GFNMS,2005,0.4018055386233733,1.3319209278061075,0.06652308996223802
GFNMS,2006,0.7202589115948543,0.16545950654004532,-0.915403017246656
GFNMS,2007,-0.4156442041513691,-0.544404873492964,0.08990960382199269
GFNMS,2008,-0.40386083621532276,-1.5172534749566886,0.17009260967074838
GFNMS,2009,-0.07749645330585518,-0.278732573149272,0.37440147374106003
GFNMS,2010,0.04959038175947274,0.004783165251190623,0.2120689062382417
GFNMS,2011,-0.5123787819076865,-0.1393774619119845,-0.4072375583595238
GFNMS,2012,0.2244379294709655,-0.6662742382035992,0.31639160468083666
GFNMS,2013,-0.39872079030287205,-0.6570934028367474,0.05278141994721985
GFNMS,2014,3.020454495746382,0.8258187763788314,-0.5348603450793288
GFNMS,2015,3.060987051422398,0.7854234619595033,0.1456852358173858
GFNMS,2016,1.9118084301920386,0.27709941078322564,-0.11679061917187503
GFNMS,2017,1.563645742666936,-1.1451153868059505,-0.13458952556196835
GFNMS,2018,1.3603607927091548,-0.8399067787573884,-0.06480302575960382
GFNMS,2019,2.386370759825511,0.5219285989484551,0.09335154783480004
GFNMS,2020,1.6082384969379053,0.3088649449142673,0.04704718555747571
GFNMS,2021,1.4285402812640042,-0.47480654182086673,-0.8038408053963036
GFNMS,2022,0.852832500890862,0.18682363196294605,0.40651111075886975
GFNMS,2023,2.247494673358303,1.3253355990624671,0.8110005162654615
GFNMS,2024,1.6290830607552063,0.9799878701832337,0.1083103997483267
GFNMS,2025,1.2523563071368466,1.126642463555138,-0.3639886301573801
CBNMS,2003,0.4514520878168358,0.6064402196980885,-0.045172662599709326
CBNMS,2004,-0.5223739476216683,1.1547753395207614,0.42400182013211907
CBNMS,2005,0.3704230063222781,1.0856172877626622,0.07400411864757826
CBNMS,2006,0.5382001826675654,0.11415616468411068,-1.0983080891963002
CBNMS,2007,-0.32907310692699054,-0.5710593741386981,0.19402749888772763
CBNMS,2008,-0.37348158724086256,-1.3618357695243521,0.20987988116376902
CBNMS,2009,0.18319893374482832,-0.19174736289175195,0.30182193112672523
CBNMS,2010,0.04897557858914718,0.03867478329363614,0.12637168066051305
CBNMS,2011,-0.5931038173386151,-0.028608031721121027,-0.429106122281546
CBNMS,2012,0.22578266998748234,-0.8464132566833433,0.24247994345911872
CBNMS,2013,-0.36708468197180266,-0.9319276773731083,0.10161379523910503
CBNMS,2014,2.482803156116864,0.7078585215804588,-0.7550523861590899
CBNMS,2015,2.9084001354279105,0.413005768016722,0.4303645337707108
CBNMS,2016,1.9888336158517814,0.11086597967141495,-0.3285365904800002
CBNMS,2017,1.6728801490298546,-1.1642366944501759,-0.005869661235795164
CBNMS,2018,1.4978405002951496,-1.0712982309613355,-0.42872831810394985
CBNMS,2019,1.8576906845634429,-0.38942984997208385,-0.06497892855542887
CBNMS,2020,1.2780036511768726,-0.5903551059814661,-0.15321549986567595
CBNMS,2021,0.5848581895932109,-1.551548011355758,-0.9710889346154021
CBNMS,2022,0.5094843902518807,-0.39572369759117026,0.526545544612126
CBNMS,2023,1.7568742254829337,0.4239481851032923,0.254131148412993
CBNMS,2024,1.0308708933699637,0.21513190286257863,-0.19108926072487423
CBNMS,2025,0.7846066805408961,0.23316818098319528,-0.5105848489860544
MBNMS,2003,0.6115874765654616,0.7205440639369213,0.3382948172884558
MBNMS,2004,-0.29229196566831284,0.8927452468972892,0.05605209967120778
MBNMS,2005,0.4912851002541616,1.1620611770537652,0.20854719317298093
MBNMS,2006,0.6142969996248223,0.8859924054190306,-0.6755189246807991
MBNMS,2007,-0.44319874731186626,-0.8478775310204036,-0.3908930173773057
MBNMS,2008,-0.2701849864379767,-1.2452319051562146,-0.07205481043612064
MBNMS,2009,-0.5989908820953322,-0.5390369743883812,0.18653586301081448
MBNMS,2010,-0.08006924654185334,-0.0065489847774460935,0.1356397532834229
MBNMS,2011,-0.4331840893721561,-0.10415912264926853,-0.2233988881969526
MBNMS,2012,0.400750340983057,-0.9184883753153136,0.43679591426428754
MBNMS,2013,-0.22444040488575953,-1.3007500426864729,-0.9707481815539808
MBNMS,2014,4.076185756313316,-0.0958322171063014,-0.02386197415797207
MBNMS,2015,4.186160649588135,0.39221097595963433,0.9990589467037534
MBNMS,2016,2.063217235647495,-0.5323467743431997,0.026736270028794088
MBNMS,2017,1.3075131745664772,-0.9675567895950855,0.02175744299740421
MBNMS,2018,1.4727153297004552,-1.171948959535881,-0.9325049287598229
MBNMS,2019,3.046157409686518,0.08136878667205788,0.07134517643567716
MBNMS,2020,1.709187992771365,0.6250423373795929,-0.7255516604645632
MBNMS,2021,1.9911407869454911,-0.6674907168375016,-0.6842989054289195
MBNMS,2022,1.404460961478709,-0.6111791851198723,0.2783363903970007
MBNMS,2023,2.8708382313667204,-0.25615873232269637,0.9111974320420857
MBNMS,2024,1.9826885713588003,1.2262858002515173,-0.01929749999556339
MBNMS,2025,2.205873251316856,0.27541277064262965,0.09677991298620459
CPNMS,2003,0.03710944319907898,0.7596581652165527,-0.004000729831902421
CPNMS,2004,0.5014864427660934,0.4650707617642068,-0.10272482241878778
CPNMS,2005,0.25920266610137527,0.9335232814536587,0.20014470141093935
CPNMS,2006,0.1834660082575645,0.7380154794642039,0.17018647950797114
CPNMS,2007,-0.07304881817674187,-1.0275780027024455,0.06251684457498946
CPNMS,2008,0.027995200507485444,-1.517467954315414,-0.31721695555698654
CPNMS,2009,-0.051989772490311226,-0.6403783570195644,-0.16958486521134378
CPNMS,2010,-0.8930338708052972,0.9048168499796666,0.024434187276055244
CPNMS,2011,-0.3400418797115681,0.1691809518231131,0.31163306981823874
CPNMS,2012,0.3488545803523207,-0.7848411756639729,-0.17538790956917122
CPNMS,2013,0.4879824459792002,-1.240243671216227,-0.9262737100235049
CPNMS,2014,3.3952387198574514,-0.21869711460817023,0.22292797308471207
CPNMS,2015,3.9922143570816706,0.04073321612429192,1.1960953986124263
CPNMS,2016,1.9698627367026533,0.1244389864639434,-0.5740152366460533
CPNMS,2017,0.737304146015511,-0.032603271139089916,-0.015029075153619217
CPNMS,2018,2.112369075343988,-1.0777688763700415,-0.45299802823780866
CPNMS,2019,2.5636071890193097,-0.7259846545892448,-0.2521698608695557
CPNMS,2020,2.0087989195671403,-0.2919908936746774,-0.8658724390875833
CPNMS,2021,1.5944200375230926,-0.834881886693059,-0.6108205349827914
CPNMS,2022,1.289053486222952,-1.0355059503705017,-0.2876343452169534
CPNMS,2023,2.1882546683623927,-0.14090241701118753,0.6627403028318165
CPNMS,2024,1.770193659018065,0.129507384075044,0.10452500857110564
CPNMS,2025,1.8046752931289918,-0.1898520973935239,-0.5822289551697463
CINMS,2003,-0.07474895743445786,0.762343413029373,0.045463860629679706
CINMS,2004,0.4685305825955261,0.47477541790968925,0.2977198330422481
CINMS,2005,0.29985564957625216,1.0350441180856655,0.1731183867380333
CINMS,2006,0.25269083207079396,0.5980158975226324,-0.2640593085932413
CINMS,2007,-0.10354484998804812,-1.0509792735639536,-0.060310125321967945
CINMS,2008,0.21822286909020533,-1.4396178457007893,-0.15539397769936766
CINMS,2009,0.20192174065714572,-0.6834567159305474,0.027911380840357887
CINMS,2010,-0.9139083299833866,0.7264591042830295,-0.036480978851723904
CINMS,2011,-0.8387053684425637,0.25152298503352644,-0.2592031863139234
CINMS,2012,0.4896858318585332,-0.6741071006686317,0.23123411552990283
CINMS,2013,0.454331566130969,-1.065598894450479,-0.1621555817393569
CINMS,2014,2.7937624885847976,-0.2080043822920848,0.6743122512276942
CINMS,2015,3.7051942415098917,0.0313295114354193,1.5117688145899923
CINMS,2016,2.017368862929728,0.3896748580972891,-0.34199682743017223
CINMS,2017,0.7444417825002205,0.26438576182850976,0.08182782490308987
CINMS,2018,2.5533269042973554,-1.1263441547740325,-0.11933545425640714
CINMS,2019,1.6720296839872357,-0.744723500706488,-0.2930974629913809
CINMS,2020,1.317202392168224,-0.08613215994675599,-0.9203493248721214
CINMS,2021,0.3178403254315345,-0.39012770776711253,-0.5378482840070937
CINMS,2022,0.38945450073311844,-0.5958508691185606,-0.813000077129952
CINMS,2023,1.137234221495664,0.3568966855359368,0.6809548569685999
CINMS,2024,0.8195446587855694,0.5813870399694236,0.056388390469191536
CINMS,2025,0.7202750829165697,-0.3534540586616052,-0.9093047006493997
PNMS,2003,-1.4051263976989867,-0.20388788386073417,-0.8751499622266038
PNMS,2004,-1.5160708268694576,1.1246653439890637,-0.1356264141725937
PNMS,2005,-0.6758118821405582,0.9682242314140859,-0.13488287531756946
PNMS,2006,0.3774146129556626,0.7777562362978045,0.6963318189271066
PNMS,2007,0.8676419691868839,0.36868472447334,0.08788531520193485
PNMS,2008,1.0213513563717347,0.06330760187037732,0.8712716817633915
PNMS,2009,0.27227280914157087,-0.9309942914927459,0.009063619599974827
PNMS,2010,-0.6507455955392165,-1.4825294077630633,-1.5775334636063931
PNMS,2011,0.9970533233110009,0.11081585255438316,0.2248196135277487
PNMS,2012,0.7120206312813686,-0.7960424074825535,0.8338206663029827
PNMS,2013,0.2241378928196132,-1.285873226671623,-0.15739427517857693
PNMS,2014,0.3312300467167031,-0.8950145393649094,-1.1017009234826647
PNMS,2015,-0.6256736417554597,-0.6984672972966842,-0.403480996460671
PNMS,2016,-0.12390607141083235,0.2642823269660435,-0.41665617455474135
PNMS,2017,1.647289706945031,1.1046644279854188,0.5035145386856384
PNMS,2018,-0.8738501426225379,0.9676035011548748,0.6873514620113124
PNMS,2019,1.0480466906330654,0.8840808153218943,0.14931153732121508
PNMS,2020,1.5257702200521543,1.4462028020872193,0.47168679064372393
PNMS,2021,1.4562240790056193,1.1413867737952443,0.9379844224190578
PNMS,2022,2.700002781166923,0.6804754931339786,0.22868628102523095
PNMS,2023,1.219339087870315,-0.0619854081843764,-0.09101800588096969
PNMS,2024,1.6621900063740054,-0.33906267939137125,-0.2043297146675234
PNMS,2025,3.0448812208026648,0.07115768596844961,-0.2778260328384549
HIHWNMS,2003,0.5157798153867876,0.4476266169338815,-0.19951845433111337
HIHWNMS,2004,1.558992063060054,1.9567414253017295,0.4698485244223892
HIHWNMS,2005,1.0065156152671635,0.6265652187142848,0.7111314897489898
HIHWNMS,2006,-0.11408483564371422,0.8678579118710896,-0.2250331738231621
HIHWNMS,2007,-0.24408327273736588,0.2686951024295583,0.18083927075429343
HIHWNMS,2008,-0.2959858367380981,-0.19164189106843638,-0.04158685959318056
HIHWNMS,2009,-1.1447177816069767,-1.1399871899165457,-0.46443514228717997
HIHWNMS,2010,-0.4943376096644884,-1.0470815064929415,-0.41012272071394495
HIHWNMS,2011,0.19748193577233233,-0.34862056891398413,-0.0027893096491490407
HIHWNMS,2012,-0.985560093095693,-1.4401551188586412,-0.018333624527934765
HIHWNMS,2013,0.23094584584553554,-1.070857271876285,-0.38353544062350786
HIHWNMS,2014,1.636138466844293,0.1932518918256246,0.07558184845085589
HIHWNMS,2015,1.7530869406417877,0.7550882825509555,0.5436081431624767
HIHWNMS,2016,1.9654737834353235,1.4072700816031412,0.40959025012065786
HIHWNMS,2017,1.8856649920419026,1.8757907259025828,0.4210724839252647
HIHWNMS,2018,-0.2311638136235139,2.140025583980137,-0.19486196375015513
HIHWNMS,2019,0.7390971308188246,3.0435070897966123,-0.9199157568727583
HIHWNMS,2020,1.6755639853753646,2.992325493192549,-0.5528246528900143
HIHWNMS,2021,0.29403767971763284,1.8866288620215674,-1.1890451215468798
HIHWNMS,2022,0.31727508278650407,1.7944742860211151,-1.6391791309983414
HIHWNMS,2023,0.5656319981740555,1.4922769935767402,-1.4613443587202035
HIHWNMS,2024,1.1714625483547174,0.3840762983428154,-1.5996051524620667
HIHWNMS,2025,1.7492596304270336,0.7108012417630238,-2.635672187656783
NMSAS,2003,-0.0967970374965594,1.612591161121844,-0.1749988599496475
NMSAS,2004,0.13832166020287165,0.22216454744263214,0.030889116730495735
NMSAS,2005,0.34568061504228,0.5342469540441434,0.05574375969608978
NMSAS,2006,0.27968386603021955,0.01879398159529857,0.8813644844987152
NMSAS,2007,0.5640159461005256,0.19997049248003185,0.6682416420987447
NMSAS,2008,-0.7773330751080909,-0.614809249075049,0.29736365510446683
NMSAS,2009,0.05873547685539638,-1.2006354540466475,-0.43537453723016567
NMSAS,2010,0.41638559563155875,0.6638073187280916,-0.4551831484723796
NMSAS,2011,-0.7895706341272899,-0.770345253894002,-0.5226682717641098
NMSAS,2012,-0.13912241313091384,-0.6657844983963366,-0.3453778407122058
NMSAS,2013,0.07826616670843836,0.36654097492856796,0.4919174293697636
NMSAS,2014,0.10384885639100974,1.1986728801770605,0.49970006725162164
NMSAS,2015,-0.46902718509951513,1.158654294678051,0.30689297072650196
NMSAS,2016,0.005868029308234579,1.8337750408202589,-0.6560883848386463
NMSAS,2017,0.673897406529141,0.16682658930096347,1.0506951296114082
NMSAS,2018,0.20011531923770473,0.051021412927142754,0.5571418526367654
NMSAS,2019,0.48702449189406427,0.32049120434205786,-0.8090825538802981
NMSAS,2020,0.3875433753240076,1.1910801467960686,-0.2777395345393222
NMSAS,2021,0.6093843078598472,-1.1209786404109114,-0.39925816075230974
NMSAS,2022,0.15806998805924996,-1.9523531992395167,-0.16721105501634312
NMSAS,2023,0.6362566046204331,-1.003093489978158,-1.2700926590991577
NMSAS,2024,0.8441392803314968,0.8444257181937537,-0.14312310511296386
NMSAS,2025,0.4649811433529326,1.1752977116696786,0.35081700382099373
FGBNMS,2003,-0.7326728119065786,-0.11494098869851982,-0.3173472781504531
FGBNMS,2004,-0.2097167488259331,0.179527995571677,0.049012652290995995
FGBNMS,2005,1.369856207381311,-0.47581388868841634,-0.14089028018502583
FGBNMS,2006,0.7677971057722653,-0.7073435666044855,0.06636898597552737
FGBNMS,2007,0.4665260456155466,-0.40404969541022456,0.22646284060646318
FGBNMS,2008,0.27350292997433034,-0.09167659131035129,-0.05629927145852562
FGBNMS,2009,0.19128963096265666,0.4525030731082756,0.013758800607844533
FGBNMS,2010,-1.8839977721183088,1.362577207603321,-0.38644562798337684
FGBNMS,2011,-1.163957854457381,-0.46184159482375425,-0.21715336968110094
FGBNMS,2012,0.9213732676020853,0.2610580492524664,0.7625325479776464
FGBNMS,2013,-0.18373416432139464,-0.48608132143153165,0.20801752766832898
FGBNMS,2014,-0.5938908118760533,-0.9705326952166363,0.4898021701343379
FGBNMS,2015,0.8290977915630127,-0.11593225315971357,-0.24494887792797676
FGBNMS,2016,1.6516290751751446,0.20429224542502947,-0.14363425149799214
FGBNMS,2017,0.6475417227230824,-0.4424506713643472,0.12846284200259034
FGBNMS,2018,0.4607832792357635,-0.21654847889243517,0.13128512330568962
FGBNMS,2019,0.702324865885867,0.531634151729252,-0.703337433507237
FGBNMS,2020,0.7882154840321903,0.6997783437265149,-0.14667223823736655
FGBNMS,2021,0.42415855513338957,0.7063768767646803,-0.06761585853742305
FGBNMS,2022,1.2172017914118487,-0.15295874718151528,0.017061962927849127
FGBNMS,2023,2.0311506720043693,-0.2948116554108296,0.13280762864754364
FGBNMS,2024,1.7638952169428932,-0.0981346438136912,-0.11382057728496342
FGBNMS,2025,1.041081894253937,0.8329382210794545,-0.7985656845018653
FKNMS,2003,-0.425910499198834,1.2075223947534566,-0.548550422799045
FKNMS,2004,-0.087050279086796,-0.744194416278346,-0.29927659427817227
FKNMS,2005,-0.3716823207827045,0.12384564948928158,0.033799178221286384
FKNMS,2006,0.15327120762676655,0.2356210650848859,-0.22087933140393518
FKNMS,2007,1.0830946290554475,-0.7725082475368352,0.2549870434421115
FKNMS,2008,0.1259061605568087,-0.4666219941909816,0.8314310997565751
FKNMS,2009,0.6419981311383072,0.260882961068677,0.217457186132503
FKNMS,2010,-0.7929391791501599,-0.36898846370541677,0.005505361717308667
FKNMS,2011,-0.10943520295380414,0.509404045280869,-0.5538962503531877
FKNMS,2012,-0.21725264720502493,0.015037006034424039,0.2794227295645625
FKNMS,2013,-0.04409141775501795,0.6234731512496635,0.3729464508619546
FKNMS,2014,1.0545250025779995,0.5322165714005894,-0.07659809423756182
FKNMS,2015,1.606194152249331,0.4782529622264634,-0.7110364636142906
FKNMS,2016,0.20599847087890022,0.8115297820558776,-1.2796860504931746
FKNMS,2017,0.9559652297349746,-0.18235123182947374,-0.483512866420644
FKNMS,2018,-0.07884654315094346,0.32840299865620637,-1.559641010814695
FKNMS,2019,2.1216580590063434,-0.5146998977643414,-0.9132703594901012
FKNMS,2020,1.9333046302787196,0.1613487191600696,-0.35013527358284097
FKNMS,2021,0.7473278544203034,0.06512054183922436,-0.8103643437357346
FKNMS,2022,1.4777767518559468,0.6542577997939223,-0.5641050569319811
FKNMS,2023,2.5733345882294936,1.2664978917755523,-1.4801879375421048
FKNMS,2024,2.1430208738975516,-1.0375118275631579,0.15495887305845246
FKNMS,2025,1.874725483027469,-1.0314656607428,-0.8556408412411528
GRNMS,2003,-0.9561070220780707,0.9169409669911515,-0.4764648558541182
GRNMS,2004,-0.5516551982641807,0.6132520105955888,-0.0996746625788229
GRNMS,2005,-0.15113091450476543,0.7929701301889829,-0.08440263603162305
GRNMS,2006,-0.1192662299262608,-0.4262593316744282,-0.2505806979480869
GRNMS,2007,0.6072709583088657,0.18832918879143826,0.03480586994807632
GRNMS,2008,-0.09952232005214795,-0.6930860483138401,0.2813265999026333
GRNMS,2009,-0.07372471510954783,-0.15907803032844858,-0.16964304243173203
GRNMS,2010,-0.2571248901236926,-0.12171138618062825,-0.26159732868697755
GRNMS,2011,0.32110343540615355,-0.2931488712740137,0.6237231090962932
GRNMS,2012,1.2801568963436507,-0.818208628795801,0.40250764458435645
GRNMS,2013,0.0038909949202104413,0.7537335309766845,0.34503857222312423
GRNMS,2014,0.6601880144074589,0.22282924704278395,0.48929256384257835
GRNMS,2015,0.5995543499539565,1.268505824593397,0.28539541771005983
GRNMS,2016,1.0989189767671823,0.25838447860228164,-0.4913113013135074
GRNMS,2017,1.3119347344263115,0.27604410198546775,0.09569568661974347
GRNMS,2018,0.15488869988885573,1.4517186439978012,0.38601562560883707
GRNMS,2019,0.9453052436925494,-0.3039705723114428,-0.03869535812461074
GRNMS,2020,0.7986215794673325,0.20958675784572142,-0.053554987393052936
GRNMS,2021,0.22246120060107194,0.33494978369457973,0.4912831296708416
GRNMS,2022,0.6330785472360911,-0.17034685097111518,0.5878324325505867
GRNMS,2023,0.15473951318946175,-0.4021746571781244,0.4741050864859301
GRNMS,2024,0.10169389221724238,-0.2238990724764696,-0.07760469408767597
GRNMS,2025,0.0019901468237911064,0.39454774751245564,0.5019190182582495
MNMS,2003,-0.1523410129523432,0.35313326954452856,-0.37377260735672757
MNMS,2004,-0.5667847704764558,0.11812031284115203,-0.35796576159595217
MNMS,2005,-0.4046326138612387,0.8812936913524719,0.3050612335196528
MNMS,2006,-0.011412261985875513,0.026825457583693927,-0.24333303244461926
MNMS,2007,1.4181434278935987,-1.0141623513616331,0.17162743878521777
MNMS,2008,0.41892609977794987,-0.8707963652866485,0.23281433665423223
MNMS,2009,-0.0026182564140967276,0.07985432490590534,-0.054793124447099946
MNMS,2010,-1.1253164259807649,0.5875003932667218,-0.5682109862068413
MNMS,2011,-0.3465434675651964,-0.06702966555712339,0.30233363318552586
MNMS,2012,0.7725792815644272,-0.09473906728906782,0.5862388699066106
MNMS,2013,-0.19209664310481123,0.10493635396500954,0.2375617132393093
MNMS,2014,1.7922280929511396,-0.6172345935644131,0.953405607987981
MNMS,2015,1.945111067871929,-0.811120647812349,0.7311139564921258
MNMS,2016,2.5825859410866925,-0.7670146645864768,0.3323917958151815
MNMS,2017,1.523249979178672,-0.4227396201928817,0.1454875046143265
MNMS,2018,1.1387980189814702,0.12359213498044315,0.045921131345645586
MNMS,2019,2.140546506831241,-0.8709251196635561,0.09675516747990931
MNMS,2020,2.6011126411356726,-0.5639633182049686,0.33178037859981846
MNMS,2021,1.4280535212709662,-0.38760766722663564,0.49962046102047675
MNMS,2022,2.4076974767016526,-1.063406413999069,0.990018472608444
MNMS,2023,2.5064924984639227,-0.8166813784727917,1.2825757469027668
MNMS,2024,1.3750713896995796,-0.7488801705327811,-0.054519264812669
MNMS,2025,1.8695327349316422,-0.9843326276580149,0.5943593404231791
SBNMS,2003,-0.7966180148542887,-1.285455615972619,-0.3706318626526697
SBNMS,2004,-0.9485486445962075,-0.9161790859878564,0.6738047971921539
SBNMS,2005,-1.2336065893842347,1.222365491907036,0.5725621299063972
SBNMS,2006,0.39500321303153124,0.057703664840808924,-0.4033637779573323
SBNMS,2007,0.03341940649345133,-0.8335988192509457,0.0397440337789319
SBNMS,2008,-0.4464656995401487,0.30561441879692014,-0.04039690159202194
SBNMS,2009,-0.6869867349140887,-0.13060784213656385,-0.302728386371694
SBNMS,2010,0.6633104414338835,0.2218860346265207,0.20491581166040734
SBNMS,2011,0.6143149277097131,0.6404340700288489,0.2180714970913703
SBNMS,2012,2.4061776946203834,0.7178376831478832,-0.5919773410555288
SBNMS,2013,1.7661731309937332,-0.40763874934006933,-0.5407588530357472
SBNMS,2014,0.17341431900563906,0.10715406567815879,0.42536678330526134
SBNMS,2015,0.24919400076978016,-1.3407757678188146,-0.30388363853556793
SBNMS,2016,2.4858592015297596,-0.49677440387552013,-0.785672688335769
SBNMS,2017,1.5562123551779061,-0.47697471609379205,-0.16943925344591848
SBNMS,2018,1.175206779371311,-0.09684440500188407,0.08576864479787119
SBNMS,2019,0.24703759716400064,1.375199932568512,1.0446553468415112
SBNMS,2020,2.2010891021539503,-0.28732953536569295,0.36360754155489877
SBNMS,2021,2.794536012935806,-0.13265628682104733,0.009335003358474078
SBNMS,2022,2.513596318821017,-0.9975624517535886,-0.5726604608672261
SBNMS,2023,1.3424017117901776,1.582616540704156,-0.9626705644858865
SBNMS,2024,1.3188151080456576,1.3147365575844852,0.6797541533107125
SBNMS,2025,0.696726901351575,-0.8649664258508369,0.2224949754432157
