nms,name,region,p,e_base_cv,e_2013_2015,e_2016_2020,e_2021_2025,null_q95_2021_2025,p_2021_2025,status,delta,trend,form,first_period_outside,mean_z_sst,mean_z_sbt,mean_z_sss,mean_z_mld,mean_z_chl,mean_z_precip,sig_sst,sig_sbt,sig_sss,sig_mld,sig_chl,sig_precip,sig_mean_sst,sig_mean_sbt,sig_mean_sss,sig_mean_mld,sig_mean_chl,sig_mean_precip,r2adj_aem,r2_trend,r2_decadal,r2_interannual,r2_subannual,r2adj_modes,e_res_2021_2025,n_events,n_resolvable,n_registered_resolvable
OCNMS,Olympic Coast,West Coast,6,9.166666666666666,44.44444444444444,31.666666666666664,24.561403508771928,19.29824561403509,0.011,outside,-7.105263157894736,steady,partial return,2013-2015,0.645087985089632,0.7357526734392568,0.3557368668660298,-0.16078256294497437,-0.21728408424234383,-0.3142564745014367,FALSE,FALSE,FALSE,FALSE,FALSE,TRUE,TRUE,FALSE,FALSE,FALSE,FALSE,FALSE,0.43182151973795546,0.07539343470706439,0.0236892385928491,0.11861260398314895,0.21412624245489295,0.1412977427946731,22.807017543859647,6,3,1
GFNMS,Greater Farallones,West Coast,6,5.833333333333333,44.44444444444444,36.666666666666664,35.08771929824561,17.543859649122805,0.001,outside,-1.5789473684210549,steady,sustained departure,2013-2015,0.8945092457235769,1.2985630528744219,-0.3507794282486806,-0.3166910585917324,-0.24765422490374162,-0.017980781136693214,TRUE,TRUE,FALSE,FALSE,FALSE,FALSE,TRUE,TRUE,FALSE,FALSE,FALSE,FALSE,0.4681373622905999,0.11145259587455325,0.04066784669766043,0.1369922342671742,0.17902468545121197,0.1599157139867523,33.33333333333333,4,3,1
CBNMS,Cordell Bank,West Coast,6,7.5,47.22222222222222,36.666666666666664,29.82456140350877,17.543859649122805,0.001,outside,-6.842105263157894,steady,partial return,2013-2015,0.28898419052097,0.9762936216415177,0.36580514497203487,0.061201368324360524,-0.06723356864430739,-0.009928860346528746,FALSE,TRUE,TRUE,FALSE,FALSE,TRUE,FALSE,TRUE,FALSE,FALSE,FALSE,FALSE,0.42890017631032246,0.08309950390766051,0.04386295698893538,0.14208338104736268,0.15985433436636381,0.14214626609339542,26.31578947368421,3,3,1
MBNMS,Monterey Bay,West Coast,6,7.5,41.66666666666667,48.333333333333336,49.122807017543856,21.052631578947366,0.001,outside,0.7894736842105203,steady,sustained departure,2013-2015,1.1435847918758777,1.650468131710244,0.2552621993009947,-0.1286275667975874,-0.6572861094116527,-0.046888520233423346,TRUE,TRUE,FALSE,FALSE,FALSE,FALSE,TRUE,TRUE,FALSE,FALSE,TRUE,FALSE,0.5284069861040678,0.14332735884747227,0.03843695426529136,0.17129533356969226,0.17534733942161182,0.17417057644990064,26.31578947368421,3,2,1
CPNMS,Chumash Heritage,West Coast,6,5.833333333333333,44.44444444444444,41.66666666666667,31.57894736842105,24.561403508771928,0.024,outside,-10.08771929824562,decreasing,partial return,2013-2015,0.7553873592756791,1.4818768130818765,0.5636665186684197,-0.03848792962611955,-0.5198075281155878,-0.40392306155211893,FALSE,TRUE,FALSE,FALSE,FALSE,FALSE,TRUE,TRUE,FALSE,FALSE,FALSE,TRUE,0.506012519207216,0.1405674135774957,0.0370659193399403,0.19089696602423212,0.13748222026554785,0.1769347105815522,14.035087719298245,1,1,1
CINMS,Channel Islands,West Coast,6,7.5,47.22222222222222,35,22.807017543859647,28.07017543859649,0.108,within,-12.192982456140353,decreasing,excursion and return,2013-2015,0.6238627058087011,0.18773180986261045,0.3678911946257219,-1.0144167324588569,-0.6179892944874261,-0.6470388716033909,FALSE,FALSE,FALSE,TRUE,FALSE,FALSE,FALSE,FALSE,FALSE,TRUE,FALSE,TRUE,0.5440911940755462,0.1402328951600894,0.05168871483920545,0.23612205653340634,0.11604752754284489,0.2051157606395898,12.280701754385964,2,1,1
PNMS,Papahānaumokuākea,Pacific Islands,6,15.833333333333332,33.33333333333333,40,38.59649122807017,43.859649122807014,0.08,within,-1.403508771929829,steady,within baseline range,NA,1.559684435826408,1.2141614199134083,-0.169954383900391,0.4400970081762794,-0.330498454040204,-0.11683681818154971,TRUE,FALSE,FALSE,FALSE,FALSE,FALSE,TRUE,FALSE,FALSE,FALSE,FALSE,FALSE,0.5968543447273099,0.16718040296517878,0.03649557276357029,0.17199528032970046,0.22118308866886038,0.1722188606711934,31.57894736842105,3,2,2
HIHWNMS,Hawaiian Islands Humpback Whale,Pacific Islands,6,10,36.11111111111111,63.33333333333333,59.64912280701754,24.561403508771928,0.001,outside,-3.6842105263157876,steady,sustained departure,2013-2015,1.082023852001152,0.636504991507562,-0.25072415404674936,-1.1904566821346114,1.3685608758729124,-0.4104708242332421,FALSE,FALSE,FALSE,TRUE,TRUE,FALSE,TRUE,FALSE,FALSE,TRUE,TRUE,FALSE,0.5794452976924207,0.24477069281492825,0.03490162665726902,0.12836534110962028,0.17140763711060297,0.18754204766934546,33.33333333333333,4,3,3
NMSAS,American Samoa,Pacific Islands,5,5,19.444444444444446,25,35.08771929824561,29.82456140350877,0.029,outside,10.08771929824561,increasing,growing departure,2021-2025,0.7114571306966659,NA,0.5839497561932727,0.6144531476775406,0.1770861921829343,-0.1678875876446371,FALSE,NA,FALSE,TRUE,FALSE,TRUE,FALSE,NA,FALSE,TRUE,FALSE,FALSE,0.4241355132506375,0.05523599947880163,0.046352853733656385,0.19963423735659966,0.12291242268157969,0.10935843801206035,33.33333333333333,6,4,1
FGBNMS,Flower Garden Banks,Southeast and Gulf,6,15,19.444444444444446,20,29.82456140350877,22.807017543859647,0.018,outside,9.82456140350877,steady,sustained departure,2021-2025,1.234214378393328,0.5951115713577181,0.2841449916295446,-0.20870649509969477,-0.21548480405831005,0.40021658032710017,TRUE,FALSE,FALSE,FALSE,FALSE,FALSE,TRUE,FALSE,FALSE,FALSE,FALSE,TRUE,0.40388640944762016,0.055667260736191757,0.03777523070360444,0.14962007536595176,0.16082384264187213,0.0843275582353139,17.543859649122805,6,4,1
FKNMS,Florida Keys,Southeast and Gulf,6,8.333333333333332,30.555555555555557,40,42.10526315789473,15.789473684210526,0.001,outside,2.1052631578947327,steady,sustained departure,2013-2015,1.2025480034848997,1.3589754118259727,0.5190890837451603,-0.11219778459541324,0.2559067464484057,-0.022462770296508245,TRUE,TRUE,TRUE,FALSE,TRUE,FALSE,TRUE,TRUE,TRUE,FALSE,FALSE,FALSE,0.36730732806107436,0.09016669840194402,0.00669611184551677,0.10385104080999036,0.16659347700362306,0.054247723639571865,35.08771929824561,5,2,1
GRNMS,Gray's Reef,Southeast and Gulf,6,11.666666666666666,16.666666666666664,28.333333333333332,17.543859649122805,17.543859649122805,0.062,within,-10.789473684210527,decreasing,excursion and return,2016-2020,0.09023056784806245,0.1969925742146101,-0.14003805007361106,0.5505458941913762,-0.1161253416908322,0.3238741329332598,FALSE,FALSE,FALSE,TRUE,FALSE,FALSE,FALSE,FALSE,FALSE,TRUE,FALSE,FALSE,0.3023981681620716,0.051552283857188796,0.00526148175054808,0.061468762136391686,0.18411564041794304,0.040603710306508334,15.789473684210526,6,2,0
MNMS,Monitor,Northeast,6,11.666666666666666,19.444444444444446,41.66666666666667,33.33333333333333,15.789473684210526,0.001,outside,-8.333333333333343,steady,sustained departure,2013-2015,0.9373790202761225,1.3341572366107686,0.5437644300242656,0.714651869378069,-1.1554585883963229,-0.151996414618928,FALSE,FALSE,FALSE,FALSE,TRUE,TRUE,TRUE,TRUE,FALSE,TRUE,TRUE,FALSE,0.37402721927308225,0.1418353333946274,0.0119101250842859,0.08430131987847919,0.13598044091568964,0.08492786955613207,22.807017543859647,4,2,0
SBNMS,Stellwagen Bank,Northeast,6,14.166666666666666,36.11111111111111,43.333333333333336,52.63157894736842,28.07017543859649,0.004,outside,9.298245614035082,steady,sustained departure,2013-2015,1.0685669971154323,1.5347208124621556,0.11769647163332024,0.30365855469307224,0.12792162588018846,0.49975391542708014,FALSE,FALSE,FALSE,FALSE,TRUE,TRUE,TRUE,TRUE,FALSE,FALSE,FALSE,TRUE,0.5242756806444241,0.12286471734721849,0.01219659733747557,0.2061626653993891,0.18305170056034087,0.09473928274191268,43.859649122807014,2,2,1
