nms,variant,e_2016_2020,e_2021_2025
OCNMS,main,31.666666666666664,24.561403508771928
GFNMS,main,36.666666666666664,35.08771929824561
CBNMS,main,36.666666666666664,29.82456140350877
MBNMS,main,48.333333333333336,49.122807017543856
CPNMS,main,41.66666666666667,31.57894736842105
CINMS,main,35,22.807017543859647
PNMS,main,40,38.59649122807017
HIHWNMS,main,63.33333333333333,59.64912280701754
NMSAS,main,25,35.08771929824561
FGBNMS,main,20,29.82456140350877
FKNMS,main,40,42.10526315789473
GRNMS,main,28.333333333333332,17.543859649122805
MNMS,main,41.66666666666667,33.33333333333333
SBNMS,main,43.333333333333336,52.63157894736842
OCNMS,baseline_2006_2015,26.666666666666668,12.280701754385964
GFNMS,baseline_2006_2015,31.666666666666664,24.561403508771928
CBNMS,baseline_2006_2015,31.666666666666664,29.82456140350877
MBNMS,baseline_2006_2015,26.666666666666668,17.543859649122805
CPNMS,baseline_2006_2015,28.333333333333332,24.561403508771928
CINMS,baseline_2006_2015,46.666666666666664,15.789473684210526
PNMS,baseline_2006_2015,38.333333333333336,35.08771929824561
HIHWNMS,baseline_2006_2015,66.66666666666666,63.1578947368421
NMSAS,baseline_2006_2015,31.666666666666664,36.84210526315789
FGBNMS,baseline_2006_2015,16.666666666666664,21.052631578947366
FKNMS,baseline_2006_2015,36.666666666666664,31.57894736842105
GRNMS,baseline_2006_2015,36.666666666666664,24.561403508771928
MNMS,baseline_2006_2015,38.333333333333336,14.035087719298245
SBNMS,baseline_2006_2015,33.33333333333333,45.614035087719294
OCNMS,thr3,11.666666666666666,12.280701754385964
GFNMS,thr3,8.333333333333332,14.035087719298245
CBNMS,thr3,15,14.035087719298245
MBNMS,thr3,13.333333333333334,12.280701754385964
CPNMS,thr3,18.333333333333332,12.280701754385964
CINMS,thr3,16.666666666666664,8.771929824561402
PNMS,thr3,15,24.561403508771928
HIHWNMS,thr3,40,31.57894736842105
NMSAS,thr3,13.333333333333334,15.789473684210526
FGBNMS,thr3,10,7.017543859649122
FKNMS,thr3,21.666666666666668,14.035087719298245
GRNMS,thr3,11.666666666666666,7.017543859649122
MNMS,thr3,18.333333333333332,3.508771929824561
SBNMS,thr3,18.333333333333332,29.82456140350877
OCNMS,with_pp,31.666666666666664,28.07017543859649
GFNMS,with_pp,36.666666666666664,43.859649122807014
CBNMS,with_pp,35,38.59649122807017
MBNMS,with_pp,50,47.368421052631575
CPNMS,with_pp,41.66666666666667,31.57894736842105
CINMS,with_pp,35,26.31578947368421
PNMS,with_pp,43.333333333333336,40.35087719298245
HIHWNMS,with_pp,66.66666666666666,70.17543859649122
NMSAS,with_pp,31.666666666666664,38.59649122807017
FGBNMS,with_pp,25,31.57894736842105
FKNMS,with_pp,40,52.63157894736842
GRNMS,with_pp,31.666666666666664,21.052631578947366
MNMS,with_pp,36.666666666666664,29.82456140350877
SBNMS,with_pp,45,56.14035087719298
OCNMS,unmasked,31.666666666666664,28.07017543859649
GFNMS,unmasked,36.666666666666664,35.08771929824561
CBNMS,unmasked,41.66666666666667,38.59649122807017
MBNMS,unmasked,41.66666666666667,49.122807017543856
CPNMS,unmasked,38.333333333333336,40.35087719298245
CINMS,unmasked,35,29.82456140350877
PNMS,unmasked,93.33333333333333,100
HIHWNMS,unmasked,61.66666666666667,61.40350877192983
NMSAS,unmasked,38.333333333333336,49.122807017543856
FGBNMS,unmasked,20,28.07017543859649
FKNMS,unmasked,51.66666666666667,70.17543859649122
GRNMS,unmasked,28.333333333333332,19.298245614035086
MNMS,unmasked,41.66666666666667,36.84210526315789
SBNMS,unmasked,43.333333333333336,54.385964912280706
OCNMS,no_chl,25,22.807017543859647
GFNMS,no_chl,33.33333333333333,33.33333333333333
CBNMS,no_chl,40,28.07017543859649
MBNMS,no_chl,45,45.614035087719294
CPNMS,no_chl,38.333333333333336,29.82456140350877
CINMS,no_chl,36.666666666666664,22.807017543859647
PNMS,no_chl,31.666666666666664,33.33333333333333
HIHWNMS,no_chl,63.33333333333333,43.859649122807014
NMSAS,no_chl,31.666666666666664,36.84210526315789
FGBNMS,no_chl,20,26.31578947368421
FKNMS,no_chl,35,29.82456140350877
GRNMS,no_chl,26.666666666666668,19.298245614035086
MNMS,no_chl,36.666666666666664,26.31578947368421
SBNMS,no_chl,48.333333333333336,43.859649122807014
OCNMS,occci,30,29.82456140350877
GFNMS,occci,35,38.59649122807017
CBNMS,occci,36.666666666666664,38.59649122807017
MBNMS,occci,55.00000000000001,49.122807017543856
CPNMS,occci,41.66666666666667,28.07017543859649
CINMS,occci,38.333333333333336,19.298245614035086
PNMS,occci,33.33333333333333,35.08771929824561
HIHWNMS,occci,61.66666666666667,50.877192982456144
NMSAS,occci,26.666666666666668,35.08771929824561
FGBNMS,occci,18.333333333333332,35.08771929824561
FKNMS,occci,40,33.33333333333333
GRNMS,occci,31.666666666666664,21.052631578947366
MNMS,occci,43.333333333333336,31.57894736842105
SBNMS,occci,46.666666666666664,50.877192982456144
OCNMS,long_baseline,26.666666666666668,22.807017543859647
GFNMS,long_baseline,20,35.08771929824561
CBNMS,long_baseline,25,31.57894736842105
MBNMS,long_baseline,33.33333333333333,40.35087719298245
CPNMS,long_baseline,23.333333333333332,8.771929824561402
CINMS,long_baseline,13.333333333333334,15.789473684210526
PNMS,long_baseline,28.333333333333332,33.33333333333333
HIHWNMS,long_baseline,55.00000000000001,45.614035087719294
NMSAS,long_baseline,18.333333333333332,17.543859649122805
FGBNMS,long_baseline,16.666666666666664,33.33333333333333
FKNMS,long_baseline,30,22.807017543859647
GRNMS,long_baseline,21.666666666666668,19.298245614035086
MNMS,long_baseline,23.333333333333332,21.052631578947366
SBNMS,long_baseline,33.33333333333333,35.08771929824561
