nms,var,period,mean_z,share_hi,share_lo,null_q95_share,sig,null_q025_mean,null_q975_mean,sig_mean
OCNMS,sst,2016-2025,0.8194791832499974,0.13675213675213677,0,0.11965811965811966,TRUE,-0.4766838036420595,0.46233042391810314,TRUE
OCNMS,sst,2021-2025,0.645087985089632,0.14035087719298245,0,0.14035087719298245,FALSE,-0.6121681502082181,0.5566626776146588,TRUE
OCNMS,sbt,2016-2025,0.9555285046684586,0.1282051282051282,0,0.15384615384615383,FALSE,-0.6423892814402052,0.6192392965795799,TRUE
OCNMS,sbt,2021-2025,0.7357526734392568,0.12280701754385964,0,0.17543859649122806,FALSE,-0.778810974370634,0.7521209373453831,FALSE
OCNMS,sss,2016-2025,0.46511725992858566,0.06837606837606838,0,0.13675213675213677,FALSE,-0.5733204583236197,0.5924332849101837,FALSE
OCNMS,sss,2021-2025,0.3557368668660298,0.08771929824561403,0,0.15789473684210523,FALSE,-0.7560052561665644,0.6931576386657725,FALSE
OCNMS,mld,2016-2025,-0.0867557214509274,0.03418803418803419,0,0.1111111111111111,FALSE,-0.42588367583704506,0.4438635634285876,FALSE
OCNMS,mld,2021-2025,-0.16078256294497437,0,0,0.12280701754385964,FALSE,-0.5314531478098528,0.5251320911473027,FALSE
OCNMS,chl,2016-2025,-0.2196703498587125,0.03418803418803419,0.09401709401709402,0.10256410256410256,TRUE,-0.31614785917059235,0.31243694633122765,FALSE
OCNMS,chl,2021-2025,-0.21728408424234383,0.017543859649122806,0.08771929824561403,0.10526315789473684,FALSE,-0.40017346782885554,0.3737448591678229,FALSE
OCNMS,precip,2016-2025,-0.32472368604643526,0.042735042735042736,0.10256410256410256,0.09401709401709402,TRUE,-0.273737512783346,0.26367536120467616,TRUE
OCNMS,precip,2021-2025,-0.3142564745014367,0.03508771929824561,0.10526315789473684,0.10526315789473684,TRUE,-0.34764533605545994,0.3281183087818402,FALSE
GFNMS,sst,2016-2025,0.98057286225444,0.13675213675213677,0,0.1111111111111111,TRUE,-0.4189400501259973,0.4700831964515507,TRUE
GFNMS,sst,2021-2025,0.8945092457235769,0.17543859649122806,0,0.12280701754385964,TRUE,-0.5155194121647415,0.5882876897547465,TRUE
GFNMS,sbt,2016-2025,1.3102719594458332,0.27350427350427353,0,0.11965811965811966,TRUE,-0.4670351147590095,0.4495708446933113,TRUE
GFNMS,sbt,2021-2025,1.2985630528744219,0.24561403508771928,0,0.14035087719298245,TRUE,-0.5791758794045433,0.5833007319979867,TRUE
GFNMS,sss,2016-2025,0.02436836588718704,0.05128205128205128,0.06837606837606838,0.13675213675213677,FALSE,-0.5936027407405307,0.5489741693143785,FALSE
GFNMS,sss,2021-2025,-0.3507794282486806,0.03508771929824561,0.10526315789473684,0.15789473684210523,FALSE,-0.7223950746790977,0.7064167801596706,FALSE
GFNMS,mld,2016-2025,-0.03560626469452384,0.042735042735042736,0.008547008547008548,0.09401709401709402,FALSE,-0.2936352401415818,0.2683824621071819,FALSE
GFNMS,mld,2021-2025,-0.3166910585917324,0,0.017543859649122806,0.10526315789473684,FALSE,-0.3619425262594864,0.3423934139050541,FALSE
GFNMS,chl,2016-2025,-0.29035775139607867,0.042735042735042736,0.042735042735042736,0.10256410256410256,FALSE,-0.3307647650750175,0.37842361460958907,FALSE
GFNMS,chl,2021-2025,-0.24765422490374162,0.05263157894736842,0.05263157894736842,0.12280701754385964,FALSE,-0.42026792485208786,0.4283898746397262,FALSE
GFNMS,precip,2016-2025,0.00915453571497489,0.06837606837606838,0.03418803418803419,0.09401709401709402,TRUE,-0.2633481339646831,0.26273269681380507,FALSE
GFNMS,precip,2021-2025,-0.017980781136693214,0.08771929824561403,0.017543859649122806,0.10526315789473684,FALSE,-0.3109112973528545,0.3345965076351088,FALSE
CBNMS,sst,2016-2025,0.6044303697222645,0.13675213675213677,0,0.1111111111111111,TRUE,-0.4606112640107081,0.3934790284315548,TRUE
CBNMS,sst,2021-2025,0.28898419052097,0.10526315789473684,0,0.14035087719298245,FALSE,-0.5458979630242555,0.4977508557964941,FALSE
CBNMS,sbt,2016-2025,1.1118060972777337,0.19658119658119658,0,0.1111111111111111,TRUE,-0.4285828322598523,0.4262986283671193,TRUE
CBNMS,sbt,2021-2025,0.9762936216415177,0.17543859649122806,0,0.12456140350877032,TRUE,-0.51710534116829,0.5336593474405512,TRUE
CBNMS,sss,2016-2025,0.6015365264332828,0.1111111111111111,0.017094017094017096,0.13675213675213677,FALSE,-0.5840687618519141,0.6083883003831534,FALSE
CBNMS,sss,2021-2025,0.36580514497203487,0.15789473684210525,0.03508771929824561,0.15789473684210523,TRUE,-0.7051239121847126,0.7736286864548702,FALSE
CBNMS,mld,2016-2025,0.21173428524235222,0.08547008547008547,0,0.10256410256410256,FALSE,-0.3301454559677378,0.3118218809803646,FALSE
CBNMS,mld,2021-2025,0.061201368324360524,0.07017543859649122,0,0.10526315789473684,FALSE,-0.36530468120637455,0.39720805386751296,FALSE
CBNMS,chl,2016-2025,-0.1783375338721488,0.06837606837606838,0.03418803418803419,0.10256410256410256,TRUE,-0.40906463398549375,0.3867409729174327,FALSE
CBNMS,chl,2021-2025,-0.06723356864430739,0.07017543859649122,0.05263157894736842,0.12280701754385964,FALSE,-0.4926850320392841,0.437364547053343,FALSE
CBNMS,precip,2016-2025,0.006399494037815508,0.09401709401709402,0.06837606837606838,0.09401709401709402,TRUE,-0.27429712674469103,0.26801681416300244,FALSE
CBNMS,precip,2021-2025,-0.009928860346528746,0.10526315789473684,0.03508771929824561,0.10526315789473684,TRUE,-0.35026945460941467,0.3498894408040356,FALSE
MBNMS,sst,2016-2025,1.1751046734131825,0.23931623931623933,0.008547008547008548,0.1111111111111111,TRUE,-0.47442435504416686,0.45668142244882537,TRUE
MBNMS,sst,2021-2025,1.1435847918758777,0.24561403508771928,0,0.12280701754385964,TRUE,-0.5606864246675288,0.5489973592308864,TRUE
MBNMS,sbt,2016-2025,1.5174342485348091,0.3076923076923077,0,0.1111111111111111,TRUE,-0.4497255229762395,0.4323404270370964,TRUE
MBNMS,sbt,2021-2025,1.650468131710244,0.38596491228070173,0,0.12280701754385964,TRUE,-0.5492480229416972,0.5660520134460639,TRUE
MBNMS,sss,2016-2025,0.4653218466836772,0.042735042735042736,0.008547008547008548,0.19658119658119655,FALSE,-0.8577192386768361,0.8226374485614735,FALSE
MBNMS,sss,2021-2025,0.2552621993009947,0,0.017543859649122806,0.22807017543859648,FALSE,-1.0381688608510296,1.026124940172716,FALSE
MBNMS,mld,2016-2025,0.12418522728012066,0.06837606837606838,0.017094017094017096,0.09401709401709402,FALSE,-0.34791911903602324,0.3327555747146528,FALSE
MBNMS,mld,2021-2025,-0.1286275667975874,0.03508771929824561,0.017543859649122806,0.12280701754385964,FALSE,-0.4122599520263937,0.4217818147087168,FALSE
MBNMS,chl,2016-2025,-0.4067894857764503,0.03418803418803419,0.09401709401709402,0.10256410256410256,TRUE,-0.4085411139555077,0.4171628209132441,FALSE
MBNMS,chl,2021-2025,-0.6572861094116527,0.017543859649122806,0.10526315789473684,0.12280701754385964,FALSE,-0.4889979261796,0.5110378634218669,TRUE
MBNMS,precip,2016-2025,-0.08029874297451146,0.07692307692307693,0.03418803418803419,0.09401709401709402,TRUE,-0.31746836803837225,0.3072506067019485,FALSE
MBNMS,precip,2021-2025,-0.046888520233423346,0.05263157894736842,0.03508771929824561,0.10526315789473684,FALSE,-0.3875619386489303,0.39192975730574514,FALSE
CPNMS,sst,2016-2025,1.0391287378727354,0.1282051282051282,0,0.1111111111111111,TRUE,-0.454310732991325,0.4450286125272861,TRUE
CPNMS,sst,2021-2025,0.7553873592756791,0.08771929824561403,0,0.12280701754385964,FALSE,-0.5644549486030318,0.5374681253246552,TRUE
CPNMS,sbt,2016-2025,1.348419634142182,0.23076923076923078,0,0.11965811965811966,TRUE,-0.5430726182206069,0.5123841344744994,TRUE
CPNMS,sbt,2021-2025,1.4818768130818765,0.2807017543859649,0,0.12280701754385964,TRUE,-0.6360964773726143,0.6091560808330332,TRUE
CPNMS,sss,2016-2025,0.6589147136703041,0.017094017094017096,0,0.26581196581196503,FALSE,-1.096433713593448,1.0831231818105296,FALSE
CPNMS,sss,2021-2025,0.5636665186684197,0,0,0.3157894736842105,FALSE,-1.3187144170464398,1.35402191140066,FALSE
CPNMS,mld,2016-2025,0.05726701113767068,0.042735042735042736,0.017094017094017096,0.1111111111111111,FALSE,-0.4828537088227332,0.4926176106973749,FALSE
CPNMS,mld,2021-2025,-0.03848792962611955,0.05263157894736842,0.017543859649122806,0.14035087719298245,FALSE,-0.6491728260125926,0.6505715273498165,FALSE
CPNMS,chl,2016-2025,-0.3602101650661087,0.008547008547008548,0.05128205128205128,0.1111111111111111,FALSE,-0.4676810850719083,0.47184400213998695,FALSE
CPNMS,chl,2021-2025,-0.5198075281155878,0,0.07017543859649122,0.12280701754385964,FALSE,-0.5795525873365692,0.5817028417320707,FALSE
CPNMS,precip,2016-2025,-0.32861853501988547,0.05982905982905983,0.05128205128205128,0.09401709401709402,TRUE,-0.29779089178389345,0.31047494435517503,TRUE
CPNMS,precip,2021-2025,-0.40392306155211893,0.03508771929824561,0.03508771929824561,0.10526315789473684,FALSE,-0.3689997145726624,0.3910230734320266,TRUE
CINMS,sst,2016-2025,0.8717508779326878,0.06837606837606838,0,0.1452991452991453,FALSE,-0.6183456142618189,0.5404296929026672,TRUE
CINMS,sst,2021-2025,0.6238627058087011,0.03508771929824561,0,0.15789473684210523,FALSE,-0.7386130886568351,0.6988362576333113,FALSE
CINMS,sbt,2016-2025,0.6448333576201946,0.13675213675213677,0,0.1452991452991453,FALSE,-0.6290575878723783,0.604434981258456,TRUE
CINMS,sbt,2021-2025,0.18773180986261045,0,0,0.17543859649122806,FALSE,-0.8064182755535867,0.7514154501045003,FALSE
CINMS,sss,2016-2025,0.45643399160902076,0,0,0.2905982905982906,FALSE,-1.1592268496942844,1.133990270638508,FALSE
CINMS,sss,2021-2025,0.3678911946257219,0,0,0.3508771929824561,FALSE,-1.3643749081312762,1.4218534360231203,FALSE
CINMS,mld,2016-2025,-0.680370036633549,0.017094017094017096,0.1111111111111111,0.11965811965811966,TRUE,-0.5465458907301317,0.5343606633176691,TRUE
CINMS,mld,2021-2025,-1.0144167324588569,0,0.15789473684210525,0.14035087719298245,TRUE,-0.677674784895177,0.672871633172602,TRUE
CINMS,chl,2016-2025,-0.5752020545252595,0,0.07692307692307693,0.1282051282051282,FALSE,-0.5986352605156602,0.5859465694018782,FALSE
CINMS,chl,2021-2025,-0.6179892944874261,0,0.08771929824561403,0.15789473684210523,FALSE,-0.6999154700471102,0.7092618039589217,FALSE
CINMS,precip,2016-2025,-0.6547062518187478,0.042735042735042736,0.05128205128205128,0.09401709401709402,FALSE,-0.30368064947709944,0.2884206355297822,TRUE
CINMS,precip,2021-2025,-0.6470388716033909,0.05263157894736842,0.03508771929824561,0.10526315789473684,FALSE,-0.36737100660675726,0.35348321848917147,TRUE
PNMS,sst,2016-2025,1.1410473144513433,0.28205128205128205,0.008547008547008548,0.1452991452991453,TRUE,-0.6131723937777831,0.7075489846430605,TRUE
PNMS,sst,2021-2025,1.559684435826408,0.3333333333333333,0,0.17543859649122806,TRUE,-0.7382642232799562,0.8705506108335871,TRUE
PNMS,sbt,2016-2025,0.7729516553287543,0.1282051282051282,0,0.2222222222222222,FALSE,-0.9096849329195068,1.0215531955728347,FALSE
PNMS,sbt,2021-2025,1.2141614199134083,0.21052631578947367,0,0.2631578947368421,FALSE,-1.0905984890360665,1.2163159640833374,FALSE
PNMS,sss,2016-2025,-0.5671785983953358,0.008547008547008548,0.008547008547008548,0.4273504273504274,FALSE,-1.5863145834793582,1.5162011642667237,FALSE
PNMS,sss,2021-2025,-0.169954383900391,0.017543859649122806,0,0.5087719298245614,FALSE,-1.813008790246218,1.9442089590092315,FALSE
PNMS,mld,2016-2025,0.18657514495257035,0.06837606837606838,0.02564102564102564,0.1111111111111111,FALSE,-0.45792713088140913,0.4655570570700442,FALSE
PNMS,mld,2021-2025,0.4400970081762794,0.07017543859649122,0.017543859649122806,0.12280701754385964,FALSE,-0.5258792598216178,0.5678667972278377,FALSE
PNMS,chl,2016-2025,-0.22675465363251024,0.06837606837606838,0.07692307692307693,0.15384615384615383,FALSE,-0.7436422619917802,0.7129143013835805,FALSE
PNMS,chl,2021-2025,-0.330498454040204,0.05263157894736842,0.08771929824561403,0.19298245614035087,FALSE,-0.9614409071091096,0.872461076151714,FALSE
PNMS,precip,2016-2025,-0.18600383148941246,0.017094017094017096,0.042735042735042736,0.10256410256410256,FALSE,-0.3941759543776823,0.4021134178083812,FALSE
PNMS,precip,2021-2025,-0.11683681818154971,0.017543859649122806,0.03508771929824561,0.12280701754385964,FALSE,-0.46823434430481775,0.4721994709815472,FALSE
HIHWNMS,sst,2016-2025,1.261563888799085,0.17094017094017094,0,0.1794871794871795,FALSE,-0.8336421589054318,0.8415359736514859,TRUE
HIHWNMS,sst,2021-2025,1.082023852001152,0.14035087719298245,0,0.21052631578947367,FALSE,-0.9836968892397352,0.9560296398872614,TRUE
HIHWNMS,sbt,2016-2025,0.7817062671527624,0.17094017094017094,0.017094017094017096,0.17094017094017094,TRUE,-0.7324951653773989,0.7273062975101873,TRUE
HIHWNMS,sbt,2021-2025,0.636504991507562,0.10526315789473684,0,0.21052631578947367,FALSE,-0.9666155497032566,0.9148745672639634,FALSE
HIHWNMS,sss,2016-2025,-1.0248038784032492,0,0.21367521367521367,0.2401709401709394,FALSE,-0.9914723323825744,0.982874338718526,TRUE
HIHWNMS,sss,2021-2025,-0.25072415404674936,0,0.017543859649122806,0.2982456140350877,FALSE,-1.2407202545740887,1.2091200589568396,FALSE
HIHWNMS,mld,2016-2025,-0.9445486270217128,0.008547008547008548,0.1794871794871795,0.10256410256410256,TRUE,-0.3982590219783544,0.3827002703941893,TRUE
HIHWNMS,mld,2021-2025,-1.1904566821346114,0,0.17543859649122806,0.12280701754385964,TRUE,-0.4864650562680822,0.4682330368844194,TRUE
HIHWNMS,chl,2016-2025,0.9497706912196199,0.23076923076923078,0,0.10256410256410256,TRUE,-0.3984700635866839,0.3749381479557948,TRUE
HIHWNMS,chl,2021-2025,1.3685608758729124,0.3508771929824561,0,0.12280701754385964,TRUE,-0.4684031929781254,0.4688755691594366,TRUE
HIHWNMS,precip,2016-2025,-0.1754780558802995,0.05982905982905983,0,0.11196581196581118,FALSE,-0.5588894035530765,0.5674888696760725,FALSE
HIHWNMS,precip,2021-2025,-0.4104708242332421,0.03508771929824561,0,0.12280701754385964,FALSE,-0.689769371224531,0.658620303655906,FALSE
NMSAS,sst,2016-2025,0.7082446618086301,0.10256410256410256,0,0.15384615384615383,FALSE,-0.7103768165483102,0.6748241199938105,TRUE
NMSAS,sst,2021-2025,0.7114571306966659,0.10526315789473684,0,0.17543859649122806,FALSE,-0.7957863419036386,0.843565192974524,FALSE
NMSAS,sss,2016-2025,0.04108342177721857,0.017094017094017096,0.05128205128205128,0.2564102564102564,FALSE,-0.9674415015004014,1.0499770019805967,FALSE
NMSAS,sss,2021-2025,0.5839497561932727,0.03508771929824561,0.03508771929824561,0.2982456140350877,FALSE,-1.1563215778311349,1.20145511470836,FALSE
NMSAS,mld,2016-2025,0.28322870107347115,0.09401709401709402,0.042735042735042736,0.09401709401709402,TRUE,-0.3135341511043435,0.3310236947566448,FALSE
NMSAS,mld,2021-2025,0.6144531476775406,0.14035087719298245,0.017543859649122806,0.10526315789473684,TRUE,-0.3905416279476142,0.3882440099535251,TRUE
NMSAS,chl,2016-2025,0.21283232895188012,0.03418803418803419,0.008547008547008548,0.1794871794871795,FALSE,-0.6694847765804792,0.7851042138182427,FALSE
NMSAS,chl,2021-2025,0.1770861921829343,0.017543859649122806,0,0.21052631578947367,FALSE,-0.8367214447108872,0.934499984502364,FALSE
NMSAS,precip,2016-2025,0.09972776172362899,0.09401709401709402,0.03418803418803419,0.09401709401709402,TRUE,-0.23445944580121095,0.24729560200959677,FALSE
NMSAS,precip,2021-2025,-0.1678875876446371,0.05263157894736842,0.07017543859649122,0.10526315789473684,TRUE,-0.3060108486004273,0.29943066014886094,FALSE
FGBNMS,sst,2016-2025,0.9805741783791949,0.15384615384615385,0.008547008547008548,0.13675213675213677,TRUE,-0.6310065397031608,0.5945145753793172,TRUE
FGBNMS,sst,2021-2025,1.234214378393328,0.24561403508771928,0,0.15789473684210523,TRUE,-0.7808139318376695,0.7388540463340437,TRUE
FGBNMS,sbt,2016-2025,0.551494165679372,0.017094017094017096,0,0.22307692307692228,FALSE,-0.90627063549589,0.92654646939937,FALSE
FGBNMS,sbt,2021-2025,0.5951115713577181,0.017543859649122806,0,0.2631578947368421,FALSE,-1.107975187901253,1.1157888394339956,FALSE
FGBNMS,sss,2016-2025,0.21183687981987182,0,0.008547008547008548,0.15384615384615383,FALSE,-0.7413988024063106,0.7054923162567441,FALSE
FGBNMS,sss,2021-2025,0.2841449916295446,0,0,0.17543859649122806,FALSE,-0.8471331389052138,0.8399467191775469,FALSE
FGBNMS,mld,2016-2025,-0.07748196166315877,0.05128205128205128,0.03418803418803419,0.1111111111111111,FALSE,-0.47289343131345063,0.42430865427224645,FALSE
FGBNMS,mld,2021-2025,-0.20870649509969477,0.03508771929824561,0.05263157894736842,0.12280701754385964,FALSE,-0.6072578863149541,0.5174215733623154,FALSE
FGBNMS,chl,2016-2025,-0.05994971675232739,0.05982905982905983,0.06837606837606838,0.1282051282051282,TRUE,-0.5694708900931649,0.5806297970277084,FALSE
FGBNMS,chl,2021-2025,-0.21548480405831005,0.03508771929824561,0.08771929824561403,0.15789473684210523,FALSE,-0.6667647052264924,0.6477363749727854,FALSE
FGBNMS,precip,2016-2025,0.39810269932718895,0.09401709401709402,0.02564102564102564,0.09401709401709402,TRUE,-0.30119387064963815,0.30467683766966924,TRUE
FGBNMS,precip,2021-2025,0.40021658032710017,0.08771929824561403,0.017543859649122806,0.10526315789473684,FALSE,-0.35510215047124116,0.3628109626941002,TRUE
FKNMS,sst,2016-2025,1.012926780530667,0.13675213675213677,0,0.10256410256410256,TRUE,-0.37064401330181806,0.3776117850267539,TRUE
FKNMS,sst,2021-2025,1.2025480034848997,0.21052631578947367,0,0.12280701754385964,TRUE,-0.4756168284832223,0.4917253529554923,TRUE
FKNMS,sbt,2016-2025,1.0675382347015838,0.17094017094017094,0.02564102564102564,0.11965811965811966,TRUE,-0.46202437784431455,0.4719823574987627,TRUE
FKNMS,sbt,2021-2025,1.3589754118259727,0.22807017543859648,0,0.12280701754385964,TRUE,-0.5688545780250658,0.577765553481431,TRUE
FKNMS,sss,2016-2025,0.49236865516494743,0.08547008547008547,0.05128205128205128,0.10256410256410256,TRUE,-0.3571434873785376,0.397995220186002,TRUE
FKNMS,sss,2021-2025,0.5190890837451603,0.12280701754385964,0.05263157894736842,0.12280701754385964,TRUE,-0.4574295380629504,0.47861598091988417,TRUE
FKNMS,mld,2016-2025,-0.20332723998773405,0.02564102564102564,0.08547008547008547,0.10256410256410256,TRUE,-0.3665915870608769,0.37500893101685256,FALSE
FKNMS,mld,2021-2025,-0.11219778459541324,0.03508771929824561,0.05263157894736842,0.12280701754385964,FALSE,-0.4614787874351634,0.45371749942234896,FALSE
FKNMS,chl,2016-2025,0.419760384748627,0.1452991452991453,0.017094017094017096,0.10256410256410256,TRUE,-0.3874352719056025,0.4082380583703835,TRUE
FKNMS,chl,2021-2025,0.2559067464484057,0.14035087719298245,0.03508771929824561,0.12280701754385964,TRUE,-0.4696694863670662,0.5277035711172265,FALSE
FKNMS,precip,2016-2025,-0.03572834795933424,0.07692307692307693,0.017094017094017096,0.10256410256410256,FALSE,-0.3197777550976856,0.31989057053237396,FALSE
FKNMS,precip,2021-2025,-0.022462770296508245,0.07017543859649122,0.017543859649122806,0.10526315789473684,FALSE,-0.4043156845800576,0.3834963810486347,FALSE
GRNMS,sst,2016-2025,0.3718428838116609,0.017094017094017096,0.03418803418803419,0.1111111111111111,FALSE,-0.44195644490806585,0.4539432029270209,FALSE
GRNMS,sst,2021-2025,0.09023056784806245,0,0.05263157894736842,0.12280701754385964,FALSE,-0.5177947779854406,0.5371370816285698,FALSE
GRNMS,sbt,2016-2025,0.45881721056284236,0.03418803418803419,0.02564102564102564,0.1111111111111111,FALSE,-0.4340712168983595,0.4601551071337238,FALSE
GRNMS,sbt,2021-2025,0.1969925742146101,0,0.03508771929824561,0.12280701754385964,FALSE,-0.49604812180451513,0.551180602413717,FALSE
GRNMS,sss,2016-2025,-0.2245517539585328,0.05128205128205128,0.06837606837606838,0.11965811965811966,FALSE,-0.4531527241937782,0.529056348588657,FALSE
GRNMS,sss,2021-2025,-0.14003805007361106,0.05263157894736842,0.03508771929824561,0.14035087719298245,FALSE,-0.6001244344433941,0.6488561857875024,FALSE
GRNMS,mld,2016-2025,0.4465043681026872,0.09401709401709402,0.03418803418803419,0.09401709401709402,TRUE,-0.3053927664839786,0.30594161771604406,TRUE
GRNMS,mld,2021-2025,0.5505458941913762,0.10526315789473684,0.03508771929824561,0.10526315789473684,TRUE,-0.3302428127421575,0.367530131904644,TRUE
GRNMS,chl,2016-2025,0.03362693842025159,0.008547008547008548,0,0.13675213675213677,FALSE,-0.65451326267574494,0.6079278225818763,FALSE
GRNMS,chl,2021-2025,-0.1161253416908322,0,0,0.15789473684210523,FALSE,-0.8148091370706878,0.7951355800104858,FALSE
GRNMS,precip,2016-2025,0.17397640304613507,0.09401709401709402,0.05982905982905983,0.09401709401709402,TRUE,-0.31900787103822426,0.33507461571944136,FALSE
GRNMS,precip,2021-2025,0.3238741329332598,0.08771929824561403,0,0.12280701754385964,FALSE,-0.40287743924190533,0.410842852581147,FALSE
MNMS,sst,2016-2025,1.0319253946973297,0.08547008547008547,0,0.11965811965811966,FALSE,-0.4522326623417212,0.4653879519485674,TRUE
MNMS,sst,2021-2025,0.9373790202761225,0.03508771929824561,0,0.14035087719298245,FALSE,-0.5653429367447411,0.5525659082218389,TRUE
MNMS,sbt,2016-2025,1.4118949280080728,0.23931623931623933,0,0.1111111111111111,TRUE,-0.4185938880878982,0.40259632968580183,TRUE
MNMS,sbt,2021-2025,1.3341572366107686,0.12280701754385964,0,0.12280701754385964,FALSE,-0.5046347200764071,0.461163303665593,TRUE
MNMS,sss,2016-2025,0.5391686913227274,0,0,0.11965811965811966,FALSE,-0.4868399267249257,0.5325631332172757,TRUE
MNMS,sss,2021-2025,0.5437644300242656,0,0,0.14035087719298245,FALSE,-0.5847830388917385,0.5780836524729597,FALSE
MNMS,mld,2016-2025,0.7605603877763886,0.09401709401709402,0,0.10256410256410256,FALSE,-0.3764643257797961,0.35628445699152445,TRUE
MNMS,mld,2021-2025,0.714651869378069,0.08771929824561403,0,0.12280701754385964,FALSE,-0.4635901716878093,0.4409957203523822,TRUE
MNMS,chl,2016-2025,-0.7915296881896092,0.017094017094017096,0.15384615384615385,0.11965811965811966,TRUE,-0.5044285906790267,0.4841342550882103,TRUE
MNMS,chl,2021-2025,-1.1554585883963229,0.017543859649122806,0.24561403508771928,0.12280701754385964,TRUE,-0.6274362388162262,0.65623452567830165,TRUE
MNMS,precip,2016-2025,0.012016642515944883,0.1111111111111111,0.08547008547008547,0.10256410256410256,TRUE,-0.3888726997749598,0.37102519388927624,FALSE
MNMS,precip,2021-2025,-0.151996414618928,0.12280701754385964,0.10526315789473684,0.12280701754385964,TRUE,-0.4670400774349154,0.45978784131139216,FALSE
SBNMS,sst,2016-2025,0.934571819680051,0.15384615384615385,0,0.19658119658119655,FALSE,-0.8122514765300095,0.8166507040033886,TRUE
SBNMS,sst,2021-2025,1.0685669971154323,0.17543859649122806,0,0.21228070175438435,FALSE,-0.9227751204846036,0.9970315935485948,TRUE
SBNMS,sbt,2016-2025,1.4187532616197047,0.26495726495726496,0,0.24871794871794797,TRUE,-0.9202526682109036,0.960425770958948,TRUE
SBNMS,sbt,2021-2025,1.5347208124621556,0.2982456140350877,0,0.2982456140350877,FALSE,-1.1150859248057494,1.186432204001206,TRUE
SBNMS,sss,2016-2025,0.16451576708485985,0.042735042735042736,0.08547008547008547,0.19658119658119655,FALSE,-0.7374176061242613,0.6878939905145847,FALSE
SBNMS,sss,2021-2025,0.11769647163332024,0.07017543859649122,0.10526315789473684,0.22807017543859648,FALSE,-0.917916508588982,1.0040127222899586,FALSE
SBNMS,mld,2016-2025,0.28838964932444716,0.017094017094017096,0.017094017094017096,0.10256410256410256,FALSE,-0.3282730043499744,0.33934014320414224,FALSE
SBNMS,mld,2021-2025,0.30365855469307224,0.017543859649122806,0,0.10526315789473684,FALSE,-0.412994817466039,0.42574185539587134,FALSE
SBNMS,chl,2016-2025,-0.03092211330812846,0.06837606837606838,0.08547008547008547,0.10256410256410256,TRUE,-0.4068060274515723,0.3753882427092636,FALSE
SBNMS,chl,2021-2025,0.12792162588018846,0.08771929824561403,0.10526315789473684,0.12280701754385964,TRUE,-0.485405406435557,0.4537616747979435,FALSE
SBNMS,precip,2016-2025,0.5077768404100017,0.18803418803418803,0.017094017094017096,0.09401709401709402,TRUE,-0.22991638943010323,0.24214224622633537,TRUE
SBNMS,precip,2021-2025,0.49975391542708014,0.17543859649122806,0.03508771929824561,0.10526315789473684,TRUE,-0.3045599571022063,0.2897282989767919,TRUE
