nms,date,chl_occci,chl_occci_all,n_cells,n_cells_all,rule,n_inside,n_deep
CINMS,1997-09-01,0.5182583370650201,0.5729281166989595,185,199,depth >= 30 m,212,188
CINMS,1997-10-01,0.34629578844032144,0.3677443481073148,188,205,depth >= 30 m,212,188
CINMS,1997-11-01,0.2533510207616008,0.26873162763165714,187,203,depth >= 30 m,212,188
CINMS,1997-12-01,0.41575206260749914,0.44368864116145335,188,205,depth >= 30 m,212,188
CINMS,1998-01-01,0.49938613852880487,0.5177651248385557,185,199,depth >= 30 m,212,188
CINMS,1998-02-01,0.8957541365930344,0.9934776503555844,187,202,depth >= 30 m,212,188
CINMS,1998-03-01,0.797758471307911,0.8291686428851216,187,199,depth >= 30 m,212,188
CINMS,1998-04-01,1.4738149786085801,1.7708746785099077,187,206,depth >= 30 m,212,188
CINMS,1998-05-01,1.289880144545608,1.3298743373215796,186,198,depth >= 30 m,212,188
CINMS,1998-06-01,0.8866962158434288,1.0376227541052887,187,201,depth >= 30 m,212,188
CINMS,1998-07-01,0.47697922204144,0.5047584946453569,186,200,depth >= 30 m,212,188
CINMS,1998-08-01,0.34139029310790214,0.4198771257903065,185,204,depth >= 30 m,212,188
CINMS,1998-09-01,0.5084961910574155,0.5220953746877535,185,198,depth >= 30 m,212,188
CINMS,1998-10-01,0.6648355348217788,0.7224716969686957,188,201,depth >= 30 m,212,188
CINMS,1998-11-01,0.9329884754027258,1.0527550238987495,187,203,depth >= 30 m,212,188
CINMS,1998-12-01,0.9926322426429778,1.0042647931633923,188,205,depth >= 30 m,212,188
CINMS,1999-01-01,0.5505321295553308,0.5603310652260709,188,203,depth >= 30 m,212,188
CINMS,1999-02-01,1.0974575256724266,1.1601130038648104,187,201,depth >= 30 m,212,188
CINMS,1999-03-01,0.8142196120442398,0.9188200557231897,187,200,depth >= 30 m,212,188
CINMS,1999-04-01,1.0460922144518123,1.10943330702733,184,196,depth >= 30 m,212,188
CINMS,1999-05-01,0.7762051025326515,0.8287646036765303,185,197,depth >= 30 m,212,188
CINMS,1999-06-01,1.0112355569665257,1.1115254352129802,185,193,depth >= 30 m,212,188
CINMS,1999-07-01,0.7365964377836604,0.8414255397513578,188,203,depth >= 30 m,212,188
CINMS,1999-08-01,0.7930438109508792,0.8975626566788046,188,205,depth >= 30 m,212,188
CINMS,1999-09-01,0.6300357168508257,0.6981615712962206,186,194,depth >= 30 m,212,188
CINMS,1999-10-01,0.8340219165269684,0.9231886007998245,188,202,depth >= 30 m,212,188
CINMS,1999-11-01,0.6459210371250937,0.6749886470098124,188,204,depth >= 30 m,212,188
CINMS,1999-12-01,0.6873681417807368,0.7186602960125756,188,208,depth >= 30 m,212,188
CINMS,2000-01-01,0.6553921713646558,0.6691456943160237,187,202,depth >= 30 m,212,188
CINMS,2000-02-01,0.7511443441749125,0.8078021469946,188,204,depth >= 30 m,212,188
CINMS,2000-03-01,1.031992676355768,1.1977038151524917,187,203,depth >= 30 m,212,188
CINMS,2000-04-01,1.448812257857386,1.7586291391945346,187,199,depth >= 30 m,212,188
CINMS,2000-05-01,1.8225686320327215,2.140917163789273,187,200,depth >= 30 m,212,188
CINMS,2000-06-01,0.7911603130796274,0.8403161293027377,187,198,depth >= 30 m,212,188
CINMS,2000-07-01,0.8840215525758086,1.109255157557189,188,204,depth >= 30 m,212,188
CINMS,2000-08-01,0.8420236335432285,1.2948582981417833,187,205,depth >= 30 m,212,188
CINMS,2000-09-01,0.7348607175666446,0.8687371721509658,188,202,depth >= 30 m,212,188
CINMS,2000-10-01,0.7214615141172823,0.8799609546341116,187,201,depth >= 30 m,212,188
CINMS,2000-11-01,1.0646978543537944,1.2254872825087557,188,205,depth >= 30 m,212,188
CINMS,2000-12-01,0.7889333891494544,0.8397884753537299,187,203,depth >= 30 m,212,188
CINMS,2001-01-01,0.9909018863216763,1.028038335367314,188,206,depth >= 30 m,212,188
CINMS,2001-02-01,0.8966971467256903,0.9423920791323592,186,205,depth >= 30 m,212,188
CINMS,2001-03-01,0.8215471296422026,0.8524978735938147,186,199,depth >= 30 m,212,188
CINMS,2001-04-01,2.0630528425054404,2.447150771690506,186,197,depth >= 30 m,212,188
CINMS,2001-05-01,0.9036961530296946,1.1916423205818465,185,196,depth >= 30 m,212,188
CINMS,2001-06-01,0.9115503071382516,1.2575976552061785,187,201,depth >= 30 m,212,188
CINMS,2001-07-01,0.7447134840122506,0.8410597309396036,187,201,depth >= 30 m,212,188
CINMS,2001-08-01,0.9829197911367418,1.242841873317957,187,200,depth >= 30 m,212,188
CINMS,2001-09-01,0.7019836782357629,0.8854058322310454,187,200,depth >= 30 m,212,188
CINMS,2001-10-01,0.5497224912561458,0.6053132586104356,184,194,depth >= 30 m,212,188
CINMS,2001-11-01,0.8593764011892541,1.0092608589141516,188,201,depth >= 30 m,212,188
CINMS,2001-12-01,1.1835214732169357,1.238275980367893,188,205,depth >= 30 m,212,188
CINMS,2002-01-01,0.6196855127708218,0.6376371153971044,188,205,depth >= 30 m,212,188
CINMS,2002-02-01,1.0416150709406133,1.289193012823279,188,208,depth >= 30 m,212,188
CINMS,2002-03-01,1.5436445066551707,1.6894750716674392,187,201,depth >= 30 m,212,188
CINMS,2002-04-01,2.075138767280847,2.3710477742852194,188,209,depth >= 30 m,212,188
CINMS,2002-05-01,1.6785882703075352,1.9996499814693398,188,211,depth >= 30 m,212,188
CINMS,2002-06-01,1.038857030214095,1.2260230852747867,188,212,depth >= 30 m,212,188
CINMS,2002-07-01,0.8203378941395656,0.9946426437081877,187,211,depth >= 30 m,212,188
CINMS,2002-08-01,0.8866756247511224,1.0538962532608007,188,212,depth >= 30 m,212,188
CINMS,2002-09-01,0.8162424812328448,0.9379033686698609,188,212,depth >= 30 m,212,188
CINMS,2002-10-01,0.7882638948959153,0.9338269372171958,188,212,depth >= 30 m,212,188
CINMS,2002-11-01,0.7588749762747804,0.8229992400925121,188,212,depth >= 30 m,212,188
CINMS,2002-12-01,0.6068582826034156,0.635822966554255,188,212,depth >= 30 m,212,188
CINMS,2003-01-01,0.535588131848124,0.5806291643881577,188,212,depth >= 30 m,212,188
CINMS,2003-02-01,0.6262173295351627,0.6724453344941139,188,212,depth >= 30 m,212,188
CINMS,2003-03-01,0.9532910027536363,0.9943690536157143,188,212,depth >= 30 m,212,188
CINMS,2003-04-01,1.5786215386857354,1.7102033273791382,188,212,depth >= 30 m,212,188
CINMS,2003-05-01,1.4285224584852727,1.6515233154004478,188,212,depth >= 30 m,212,188
CINMS,2003-06-01,0.9603362752228437,1.0775353544444417,188,212,depth >= 30 m,212,188
CINMS,2003-07-01,1.5870120823374998,1.7436933911071621,188,212,depth >= 30 m,212,188
CINMS,2003-08-01,1.7096167205280628,1.8353981246363449,188,212,depth >= 30 m,212,188
CINMS,2003-09-01,1.8411686976586756,2.037455896021062,188,212,depth >= 30 m,212,188
CINMS,2003-10-01,1.1231525941328178,1.2240023030987326,188,212,depth >= 30 m,212,188
CINMS,2003-11-01,0.964385955448798,1.0609833935521686,188,212,depth >= 30 m,212,188
CINMS,2003-12-01,0.8239022984388387,0.8395259006405779,188,212,depth >= 30 m,212,188
CINMS,2004-01-01,0.9363711661140349,0.9943688441559956,188,212,depth >= 30 m,212,188
CINMS,2004-02-01,1.1822347471129149,1.2354489691414916,188,212,depth >= 30 m,212,188
CINMS,2004-03-01,1.2063992367831773,1.346943277514205,188,212,depth >= 30 m,212,188
CINMS,2004-04-01,1.6650420882999724,1.8660212562612766,188,212,depth >= 30 m,212,188
CINMS,2004-05-01,1.644282325852318,1.9541029126014375,188,212,depth >= 30 m,212,188
CINMS,2004-06-01,1.3870630968597635,1.6291257474782332,188,212,depth >= 30 m,212,188
CINMS,2004-07-01,0.7910062177564536,0.906480787919377,188,212,depth >= 30 m,212,188
CINMS,2004-08-01,0.7705376809485843,0.9004822058497739,188,212,depth >= 30 m,212,188
CINMS,2004-09-01,0.7801986696988904,0.9767025482120372,188,212,depth >= 30 m,212,188
CINMS,2004-10-01,0.7408555895983862,0.9052320586622883,188,212,depth >= 30 m,212,188
CINMS,2004-11-01,0.6779041924571851,0.8023000535256465,188,212,depth >= 30 m,212,188
CINMS,2004-12-01,0.5934538361680788,0.617762308075743,188,212,depth >= 30 m,212,188
CINMS,2005-01-01,0.8365433252243597,0.9412989752753722,188,212,depth >= 30 m,212,188
CINMS,2005-02-01,0.6783301002824854,0.7617280019341778,188,212,depth >= 30 m,212,188
CINMS,2005-03-01,0.8006214592076321,0.8902102216797055,188,212,depth >= 30 m,212,188
CINMS,2005-04-01,2.0043875950184207,2.1439506611171772,188,212,depth >= 30 m,212,188
CINMS,2005-05-01,1.7016911136414288,2.0164048992237955,188,212,depth >= 30 m,212,188
CINMS,2005-06-01,1.92521521516486,2.2083180819479917,188,212,depth >= 30 m,212,188
CINMS,2005-07-01,1.2930393177108024,1.6539311955841092,188,212,depth >= 30 m,212,188
CINMS,2005-08-01,0.7978354244335927,0.9959450482197529,188,212,depth >= 30 m,212,188
CINMS,2005-09-01,1.0333629686553143,1.3684143477453377,188,212,depth >= 30 m,212,188
CINMS,2005-10-01,1.3971539686316798,1.601704212292186,188,212,depth >= 30 m,212,188
CINMS,2005-11-01,1.5593976888860588,1.7486499067185066,188,212,depth >= 30 m,212,188
CINMS,2005-12-01,1.0925761120402961,1.1733314479297068,188,212,depth >= 30 m,212,188
CINMS,2006-01-01,1.535959193021549,1.591797713401183,188,212,depth >= 30 m,212,188
CINMS,2006-02-01,1.8193138800873112,1.9828007075021845,188,212,depth >= 30 m,212,188
CINMS,2006-03-01,2.1520138820997117,2.183987277858662,188,212,depth >= 30 m,212,188
CINMS,2006-04-01,1.8293732948647932,1.8994499200357582,188,212,depth >= 30 m,212,188
CINMS,2006-05-01,1.5405111195831884,1.7319198588155345,188,212,depth >= 30 m,212,188
CINMS,2006-06-01,1.6941346539508855,2.0869047669869527,188,212,depth >= 30 m,212,188
CINMS,2006-07-01,1.3321674169392657,1.602907395166046,188,212,depth >= 30 m,212,188
CINMS,2006-08-01,0.6416802682582717,0.7350414337695765,188,212,depth >= 30 m,212,188
CINMS,2006-09-01,0.8019236275316949,0.9267291329660494,188,212,depth >= 30 m,212,188
CINMS,2006-10-01,0.9173011170392642,1.0085334670993522,188,212,depth >= 30 m,212,188
CINMS,2006-11-01,0.6398020184803092,0.7003668498880463,188,212,depth >= 30 m,212,188
CINMS,2006-12-01,0.7129189806393652,0.7476451354769039,188,212,depth >= 30 m,212,188
CINMS,2007-01-01,0.9086014573834317,0.9405104235450236,188,211,depth >= 30 m,212,188
CINMS,2007-02-01,0.6828706372132801,0.7128590914719509,188,212,depth >= 30 m,212,188
CINMS,2007-03-01,1.2421001920276138,1.2980947612591511,188,212,depth >= 30 m,212,188
CINMS,2007-04-01,1.5777483194712614,1.7863135309714189,188,212,depth >= 30 m,212,188
CINMS,2007-05-01,1.2709402488507175,1.4897862322769089,188,212,depth >= 30 m,212,188
CINMS,2007-06-01,1.108812450311629,1.385710979688841,188,212,depth >= 30 m,212,188
CINMS,2007-07-01,0.7965404675468745,0.9313717921668623,188,212,depth >= 30 m,212,188
CINMS,2007-08-01,0.9039504214403057,1.0488712686412736,188,212,depth >= 30 m,212,188
CINMS,2007-09-01,1.04776046559472,1.2084735007780898,188,212,depth >= 30 m,212,188
CINMS,2007-10-01,0.9738395237507527,1.0094427053096156,188,212,depth >= 30 m,212,188
CINMS,2007-11-01,0.9041596645919835,0.9436306391122201,188,212,depth >= 30 m,212,188
CINMS,2007-12-01,0.7927005675929253,0.819805563339647,188,212,depth >= 30 m,212,188
CINMS,2008-01-01,0.8436544478765616,0.8591765066925087,188,212,depth >= 30 m,212,188
CINMS,2008-02-01,1.260884983991763,1.3144447024700783,188,212,depth >= 30 m,212,188
CINMS,2008-03-01,1.3060281603225186,1.3299327352136934,188,212,depth >= 30 m,212,188
CINMS,2008-04-01,1.769518570081955,2.053712201849471,188,212,depth >= 30 m,212,188
CINMS,2008-05-01,1.5265412039855835,1.573174904258746,188,212,depth >= 30 m,212,188
CINMS,2008-06-01,1.26661632937728,1.3932261562572323,188,212,depth >= 30 m,212,188
CINMS,2008-07-01,0.8351270545312319,1.0175361298393493,180,202,depth >= 30 m,212,188
CINMS,2008-08-01,0.6092065315100211,0.7624783713440857,188,212,depth >= 30 m,212,188
CINMS,2008-09-01,0.8477476480164197,0.949211298013633,188,212,depth >= 30 m,212,188
CINMS,2008-10-01,0.7657221984660691,0.8901287308841374,188,212,depth >= 30 m,212,188
CINMS,2008-11-01,0.6559739024560521,0.6703183746562816,188,212,depth >= 30 m,212,188
CINMS,2008-12-01,0.7222762783556558,0.7394786250759973,188,212,depth >= 30 m,212,188
CINMS,2009-01-01,0.9918835938900771,1.0152906643332171,188,212,depth >= 30 m,212,188
CINMS,2009-02-01,0.9911305751963877,1.0092618937762274,188,212,depth >= 30 m,212,188
CINMS,2009-03-01,1.204119922598764,1.242601999134388,188,212,depth >= 30 m,212,188
CINMS,2009-04-01,0.9488199055424975,0.9823462830961871,188,212,depth >= 30 m,212,188
CINMS,2009-05-01,1.2680813069282444,1.4040123997431886,188,212,depth >= 30 m,212,188
CINMS,2009-06-01,0.9540902207873228,1.0663222134956771,188,212,depth >= 30 m,212,188
CINMS,2009-07-01,1.189256091768606,1.3530675873372235,188,211,depth >= 30 m,212,188
CINMS,2009-08-01,1.1942929139789595,1.4175707806112623,188,212,depth >= 30 m,212,188
CINMS,2009-09-01,0.7439302839326423,0.9284190643789626,188,212,depth >= 30 m,212,188
CINMS,2009-10-01,0.6886105908491272,0.8988353959372578,188,212,depth >= 30 m,212,188
CINMS,2009-11-01,0.7379092850090794,0.8434025939061957,188,212,depth >= 30 m,212,188
CINMS,2009-12-01,0.7033467153527599,0.7364513204907469,188,212,depth >= 30 m,212,188
CINMS,2010-01-01,0.640671299155777,0.7004104527943535,188,212,depth >= 30 m,212,188
CINMS,2010-02-01,0.7631370821569058,0.839337197255413,188,212,depth >= 30 m,212,188
CINMS,2010-03-01,1.2695285250875294,1.3298957196046726,188,212,depth >= 30 m,212,188
CINMS,2010-04-01,0.9836040350059846,1.1352974643122475,188,212,depth >= 30 m,212,188
CINMS,2010-05-01,1.6179384310282858,1.8558804546043572,188,212,depth >= 30 m,212,188
CINMS,2010-06-01,1.1201550806241312,1.2739247235487088,188,212,depth >= 30 m,212,188
CINMS,2010-07-01,1.3865358558125405,1.7478633393656549,188,212,depth >= 30 m,212,188
CINMS,2010-08-01,1.5086774936015706,1.8174909096000313,188,212,depth >= 30 m,212,188
CINMS,2010-09-01,1.774145013750901,2.039416070254341,188,212,depth >= 30 m,212,188
CINMS,2010-10-01,1.9885853111467031,2.258914138910906,188,212,depth >= 30 m,212,188
CINMS,2010-11-01,2.2297212178289083,2.2652723519307267,188,212,depth >= 30 m,212,188
CINMS,2010-12-01,2.427201750005211,2.53202140303153,188,212,depth >= 30 m,212,188
CINMS,2011-01-01,1.6403586457096355,1.68390145672942,188,212,depth >= 30 m,212,188
CINMS,2011-02-01,1.6030312356321959,1.7239649706291713,188,212,depth >= 30 m,212,188
CINMS,2011-03-01,1.4633966638041584,1.5576228325097061,188,212,depth >= 30 m,212,188
CINMS,2011-04-01,1.4301349117616453,1.49599711259581,188,212,depth >= 30 m,212,188
CINMS,2011-05-01,1.2536668085513456,1.3045513927936554,188,212,depth >= 30 m,212,188
CINMS,2011-06-01,1.9948151194458108,2.1661845695859987,188,212,depth >= 30 m,212,188
CINMS,2011-07-01,1.225081524080091,1.599976168207401,188,212,depth >= 30 m,212,188
CINMS,2011-08-01,0.9904179410655332,1.1952618083582722,188,212,depth >= 30 m,212,188
CINMS,2011-09-01,0.9392149933043897,1.0690133606769,188,212,depth >= 30 m,212,188
CINMS,2011-10-01,1.2918914526404988,1.402682879061069,188,212,depth >= 30 m,212,188
CINMS,2011-11-01,1.3505129286846034,1.444193869548024,188,212,depth >= 30 m,212,188
CINMS,2011-12-01,0.9245918293990694,0.9590348678658589,188,212,depth >= 30 m,212,188
CINMS,2012-01-01,1.0529683236844098,1.1177544082110789,188,212,depth >= 30 m,212,188
CINMS,2012-02-01,1.0979332120208805,1.1326734890353007,188,212,depth >= 30 m,212,188
CINMS,2012-03-01,0.8362297858299471,0.9217902666555253,188,212,depth >= 30 m,212,188
CINMS,2012-04-01,0.6637239158746021,0.6962432442408688,188,212,depth >= 30 m,212,188
CINMS,2012-05-01,1.994175195638844,2.325236670496341,188,211,depth >= 30 m,212,188
CINMS,2012-06-01,1.5477474121458155,2.1728571473133025,188,210,depth >= 30 m,212,188
CINMS,2012-07-01,1.1689200856946125,1.5486168020589366,187,207,depth >= 30 m,212,188
CINMS,2012-08-01,0.6591806998159208,0.8647715323028111,188,210,depth >= 30 m,212,188
CINMS,2012-09-01,0.5498885228511609,0.8236405770030798,188,212,depth >= 30 m,212,188
CINMS,2012-10-01,0.3866401262152678,0.4337408120199193,188,212,depth >= 30 m,212,188
CINMS,2012-11-01,0.7330983829755829,0.8128080179668823,188,212,depth >= 30 m,212,188
CINMS,2012-12-01,1.0479423388237656,1.2217092111987904,188,212,depth >= 30 m,212,188
CINMS,2013-01-01,1.110000400290004,1.1117161248090133,188,212,depth >= 30 m,212,188
CINMS,2013-02-01,0.6532951959932403,0.6626416215637944,188,212,depth >= 30 m,212,188
CINMS,2013-03-01,1.2095092253291961,1.360777814382627,188,211,depth >= 30 m,212,188
CINMS,2013-04-01,1.1463893865707886,1.2115046170085524,188,211,depth >= 30 m,212,188
CINMS,2013-05-01,1.557416754981186,2.0027965790632227,187,209,depth >= 30 m,212,188
CINMS,2013-06-01,1.2057737412875977,1.4779835806952575,188,207,depth >= 30 m,212,188
CINMS,2013-07-01,0.9794557952663431,1.1807389697776403,188,208,depth >= 30 m,212,188
CINMS,2013-08-01,0.9559633189334126,1.2770245856833897,188,212,depth >= 30 m,212,188
CINMS,2013-09-01,0.9898333903380916,1.3529000037683643,188,212,depth >= 30 m,212,188
CINMS,2013-10-01,0.6787709825045168,0.8970837120037028,188,212,depth >= 30 m,212,188
CINMS,2013-11-01,0.7217073207709189,0.8909968726055798,188,212,depth >= 30 m,212,188
CINMS,2013-12-01,0.9968980303931618,1.139674818459547,188,212,depth >= 30 m,212,188
CINMS,2014-01-01,0.5565882321400569,0.6041101948909847,188,211,depth >= 30 m,212,188
CINMS,2014-02-01,0.9881628748126486,1.2584552029768634,188,210,depth >= 30 m,212,188
CINMS,2014-03-01,0.6595842731106295,0.7097627394148522,188,211,depth >= 30 m,212,188
CINMS,2014-04-01,0.9402859320220132,1.066715149094143,188,211,depth >= 30 m,212,188
CINMS,2014-05-01,1.1982692460420679,1.4479345484367474,188,211,depth >= 30 m,212,188
CINMS,2014-06-01,1.033950206200022,1.5504426718331306,187,208,depth >= 30 m,212,188
CINMS,2014-07-01,0.36081705418779914,0.42188580785519825,188,208,depth >= 30 m,212,188
CINMS,2014-08-01,0.45558918703989615,0.4800899047053086,188,212,depth >= 30 m,212,188
CINMS,2014-09-01,0.5343126514537249,0.6096064472254719,188,212,depth >= 30 m,212,188
CINMS,2014-10-01,0.3332950509450659,0.37447552158022834,188,212,depth >= 30 m,212,188
CINMS,2014-11-01,0.4016870877084937,0.46865400053420164,188,212,depth >= 30 m,212,188
CINMS,2014-12-01,0.45704128927983717,0.4913249597796852,188,212,depth >= 30 m,212,188
CINMS,2015-01-01,0.4540841634683218,0.48999775622813196,188,212,depth >= 30 m,212,188
CINMS,2015-02-01,0.360703855667639,0.3993419514933845,188,212,depth >= 30 m,212,188
CINMS,2015-03-01,0.48832772363643634,0.5861820460637036,188,211,depth >= 30 m,212,188
CINMS,2015-04-01,0.816150175097842,1.0671460293056851,188,211,depth >= 30 m,212,188
CINMS,2015-05-01,0.9114962744510182,1.1725052663258149,188,210,depth >= 30 m,212,188
CINMS,2015-06-01,0.7178876753284236,1.0036366001555788,188,209,depth >= 30 m,212,188
CINMS,2015-07-01,0.4587043545416318,0.5061200414385117,188,210,depth >= 30 m,212,188
CINMS,2015-08-01,0.572334352349474,0.7080361394661855,188,211,depth >= 30 m,212,188
CINMS,2015-09-01,0.2835758912745813,0.3028383192448121,188,212,depth >= 30 m,212,188
CINMS,2015-10-01,0.27198565761696536,0.2979387250851909,188,212,depth >= 30 m,212,188
CINMS,2015-11-01,0.41907661662138784,0.47100855185175844,188,212,depth >= 30 m,212,188
CINMS,2015-12-01,0.5888015268329796,0.6137754169275177,188,212,depth >= 30 m,212,188
CINMS,2016-01-01,0.8175068508348173,0.856394828209337,188,212,depth >= 30 m,212,188
CINMS,2016-02-01,0.7653578619705872,0.7991467970159817,188,212,depth >= 30 m,212,188
CINMS,2016-03-01,0.9955106919721433,1.0482521687073736,188,211,depth >= 30 m,212,188
CINMS,2016-04-01,1.2259670637574271,1.2909802704060815,188,211,depth >= 30 m,212,188
CINMS,2016-05-01,1.430069491023859,1.612437949220151,188,211,depth >= 30 m,212,188
CINMS,2016-06-01,1.6436652889680359,1.7229996104285397,188,212,depth >= 30 m,212,188
CINMS,2016-07-01,1.1526633937371518,1.4098050493114416,188,212,depth >= 30 m,212,188
CINMS,2016-08-01,0.7684296383742356,0.8811905995573637,188,212,depth >= 30 m,212,188
CINMS,2016-09-01,0.6910197670655319,0.7820735701693683,188,212,depth >= 30 m,212,188
CINMS,2016-10-01,1.0072012248116866,1.1297444323042662,188,212,depth >= 30 m,212,188
CINMS,2016-11-01,0.9015666367470034,1.081245693255145,188,212,depth >= 30 m,212,188
CINMS,2016-12-01,0.9809204658720626,1.0665192140160868,188,212,depth >= 30 m,212,188
CINMS,2017-01-01,0.7249650658474286,0.7476016603550821,188,212,depth >= 30 m,212,188
CINMS,2017-02-01,0.79187989726319985,0.8228994693677385,188,212,depth >= 30 m,212,188
CINMS,2017-03-01,1.0135043611028454,1.0904807111002357,188,212,depth >= 30 m,212,188
CINMS,2017-04-01,1.2768823502469604,1.318506593411824,188,212,depth >= 30 m,212,188
CINMS,2017-05-01,1.9059354151528982,2.081491790571301,188,212,depth >= 30 m,212,188
CINMS,2017-06-01,1.3249318837090651,1.5648559390936259,188,212,depth >= 30 m,212,188
CINMS,2017-07-01,0.7892049425554367,0.9531003322522594,188,212,depth >= 30 m,212,188
CINMS,2017-08-01,0.7112898772291132,0.8482027736334299,188,212,depth >= 30 m,212,188
CINMS,2017-09-01,0.759430727364934,0.8515758791340978,188,212,depth >= 30 m,212,188
CINMS,2017-10-01,0.6662582373418949,0.7904239278638144,188,212,depth >= 30 m,212,188
CINMS,2017-11-01,0.8371755533563142,0.9085210942715973,188,212,depth >= 30 m,212,188
CINMS,2017-12-01,0.7924775922821742,0.8215938258283539,188,212,depth >= 30 m,212,188
CINMS,2018-01-01,0.8716025028125846,0.8972952790417761,188,212,depth >= 30 m,212,188
CINMS,2018-02-01,0.7803924171673066,0.8449737795119021,188,212,depth >= 30 m,212,188
CINMS,2018-03-01,0.9636645755191177,0.9855437495236126,188,212,depth >= 30 m,212,188
CINMS,2018-04-01,1.6565954436420491,1.736967039558122,188,212,depth >= 30 m,212,188
CINMS,2018-05-01,0.9961732411558472,1.112407971524968,188,212,depth >= 30 m,212,188
CINMS,2018-06-01,1.0351526649470957,1.29188867320992,188,212,depth >= 30 m,212,188
CINMS,2018-07-01,1.098814634131621,1.193390846533595,188,212,depth >= 30 m,212,188
CINMS,2018-08-01,0.7382160160639342,0.853925760483966,188,212,depth >= 30 m,212,188
CINMS,2018-09-01,0.9998548597372867,1.0325684969155295,188,212,depth >= 30 m,212,188
CINMS,2018-10-01,0.5215746052566094,0.5622565276780218,188,212,depth >= 30 m,212,188
CINMS,2018-11-01,0.4338233287356222,0.464160174482836,188,212,depth >= 30 m,212,188
CINMS,2018-12-01,0.6914450639074722,0.730066316307716,188,212,depth >= 30 m,212,188
CINMS,2019-01-01,0.7097252706610162,0.7291758278349658,188,212,depth >= 30 m,212,188
CINMS,2019-02-01,0.8719201080863072,0.9035671859417322,188,212,depth >= 30 m,212,188
CINMS,2019-03-01,0.9614465787626931,1.011069956815467,188,212,depth >= 30 m,212,188
CINMS,2019-04-01,1.0682317346575416,1.163170659317161,188,212,depth >= 30 m,212,188
CINMS,2019-05-01,0.8971273428117496,0.9398226910885773,188,212,depth >= 30 m,212,188
CINMS,2019-06-01,0.84381035400228,0.9280439092303225,188,212,depth >= 30 m,212,188
CINMS,2019-07-01,1.130180174806827,1.3293774903945201,188,212,depth >= 30 m,212,188
CINMS,2019-08-01,1.4976690522881957,1.538865186133475,188,212,depth >= 30 m,212,188
CINMS,2019-09-01,1.2019226698758692,1.253477986128825,188,212,depth >= 30 m,212,188
CINMS,2019-10-01,1.1534047927946398,1.2632801265649074,188,212,depth >= 30 m,212,188
CINMS,2019-11-01,0.848616312447409,0.9075668334679784,188,212,depth >= 30 m,212,188
CINMS,2019-12-01,1.0248584708548838,1.053935450203014,188,212,depth >= 30 m,212,188
CINMS,2020-01-01,0.9093787448502214,0.9866683672902726,188,212,depth >= 30 m,212,188
CINMS,2020-02-01,0.7489866165116611,0.8560248912786534,188,212,depth >= 30 m,212,188
CINMS,2020-03-01,0.6812659376692691,0.7724973743535434,188,212,depth >= 30 m,212,188
CINMS,2020-04-01,1.1006259633021838,1.2435467545435117,188,212,depth >= 30 m,212,188
CINMS,2020-05-01,1.2778781464990543,1.55708813266653,188,212,depth >= 30 m,212,188
CINMS,2020-06-01,1.710595078966476,2.0272640479060815,188,212,depth >= 30 m,212,188
CINMS,2020-07-01,1.6864077191312792,1.764511784854925,188,212,depth >= 30 m,212,188
CINMS,2020-08-01,1.1739268958001023,1.326481827868606,188,212,depth >= 30 m,212,188
CINMS,2020-09-01,0.8440280988400117,0.9406164174653442,188,212,depth >= 30 m,212,188
CINMS,2020-10-01,0.7511114432897339,0.7986389283301694,188,212,depth >= 30 m,212,188
CINMS,2020-11-01,1.3493696581634607,1.4182130185500634,188,212,depth >= 30 m,212,188
CINMS,2020-12-01,1.2412044089245142,1.3118414954756787,188,212,depth >= 30 m,212,188
CINMS,2021-01-01,1.258667307742364,1.3473421495478115,188,212,depth >= 30 m,212,188
CINMS,2021-02-01,1.3746447863307558,1.4015788559643723,188,212,depth >= 30 m,212,188
CINMS,2021-03-01,1.6687241071751362,1.800476554992063,188,212,depth >= 30 m,212,188
CINMS,2021-04-01,1.2997395377809002,1.352072563936125,188,212,depth >= 30 m,212,188
CINMS,2021-05-01,1.1721176090427146,1.2352801904363453,188,212,depth >= 30 m,212,188
CINMS,2021-06-01,0.9084732861928922,1.0024555672733284,188,212,depth >= 30 m,212,188
CINMS,2021-07-01,0.6416667757449487,0.8238700828139809,187,211,depth >= 30 m,212,188
CINMS,2021-08-01,0.7108956722356736,0.8819903623101853,188,212,depth >= 30 m,212,188
CINMS,2021-09-01,1.0050993333844556,1.0664314543301203,188,212,depth >= 30 m,212,188
CINMS,2021-10-01,1.6282165432479776,1.713394171786757,188,212,depth >= 30 m,212,188
CINMS,2021-11-01,1.0240033181882409,1.0696920547282915,188,212,depth >= 30 m,212,188
CINMS,2021-12-01,0.875903809246034,0.9076591811652449,188,212,depth >= 30 m,212,188
CINMS,2022-01-01,0.8804948148017503,0.8926524050393194,188,212,depth >= 30 m,212,188
CINMS,2022-02-01,1.12358793051166,1.1601749458965267,188,212,depth >= 30 m,212,188
CINMS,2022-03-01,1.6051457391556263,1.6782712658058918,188,212,depth >= 30 m,212,188
CINMS,2022-04-01,1.6127908047902735,1.6936689404384149,188,212,depth >= 30 m,212,188
CINMS,2022-05-01,1.4885033438300108,1.5976429103680378,188,212,depth >= 30 m,212,188
CINMS,2022-06-01,0.8926216316073347,0.9820275285615117,188,212,depth >= 30 m,212,188
CINMS,2022-07-01,1.0127309149277808,1.2294686620809003,188,212,depth >= 30 m,212,188
CINMS,2022-08-01,0.9403744918144148,1.1223411554435523,188,212,depth >= 30 m,212,188
CINMS,2022-09-01,0.8679534408917218,0.981113307318598,188,212,depth >= 30 m,212,188
CINMS,2022-10-01,1.2218590135804999,1.321397087484035,188,212,depth >= 30 m,212,188
CINMS,2022-11-01,1.1815973489458,1.244768179531368,188,212,depth >= 30 m,212,188
CINMS,2022-12-01,0.8984622022570848,0.9116261384959492,188,212,depth >= 30 m,212,188
CINMS,2023-01-01,1.0509585779182018,1.0796491396877004,188,212,depth >= 30 m,212,188
CINMS,2023-02-01,0.9988940099738938,1.0143243389309573,188,212,depth >= 30 m,212,188
CINMS,2023-03-01,1.1403153013376632,1.1672170055362416,188,212,depth >= 30 m,212,188
CINMS,2023-04-01,1.418184676061885,1.4781304870573972,188,212,depth >= 30 m,212,188
CINMS,2023-05-01,1.1074641438726183,1.2149751532190247,188,212,depth >= 30 m,212,188
CINMS,2023-06-01,0.8397073705836745,0.9551754995899381,188,212,depth >= 30 m,212,188
CINMS,2023-07-01,0.748477006036671,1.0881202220916748,188,212,depth >= 30 m,212,188
CINMS,2023-08-01,0.5254604477014181,0.6066327527305996,188,212,depth >= 30 m,212,188
CINMS,2023-09-01,0.5787872274900083,0.6167621088196645,188,212,depth >= 30 m,212,188
CINMS,2023-10-01,0.6434725501119192,0.7088655947514302,188,212,depth >= 30 m,212,188
CINMS,2023-11-01,0.5552537685666353,0.5936253557227691,188,212,depth >= 30 m,212,188
CINMS,2023-12-01,0.5948071379597525,0.6522897860070447,188,212,depth >= 30 m,212,188
CINMS,2024-01-01,0.7742532668770161,0.8242019784619228,188,212,depth >= 30 m,212,188
CINMS,2024-02-01,0.6045283312171765,0.6257960033023132,188,212,depth >= 30 m,212,188
CINMS,2024-03-01,1.1841949670191938,1.2329369381351292,188,212,depth >= 30 m,212,188
CINMS,2024-04-01,1.3000958482901819,1.3275464894074311,188,212,depth >= 30 m,212,188
CINMS,2024-05-01,1.6380540734572748,1.7896966765511697,188,212,depth >= 30 m,212,188
CINMS,2024-06-01,0.9445874699796202,1.2031259580322033,188,212,depth >= 30 m,212,188
CINMS,2024-07-01,0.7452478277566216,1.0127829047587693,188,212,depth >= 30 m,212,188
CINMS,2024-08-01,0.7409245574699644,1.154371364007018,188,212,depth >= 30 m,212,188
CINMS,2024-09-01,0.9241795579070093,1.4803516621578399,188,212,depth >= 30 m,212,188
CINMS,2024-10-01,0.7993151694054077,0.9289232881845164,188,212,depth >= 30 m,212,188
CINMS,2024-11-01,1.30198488179332,1.3980826770640769,188,212,depth >= 30 m,212,188
CINMS,2024-12-01,0.9090050332754392,0.9444937197104943,188,212,depth >= 30 m,212,188
CINMS,2025-01-01,1.1410830751126846,1.1852430487578776,188,212,depth >= 30 m,212,188
CINMS,2025-02-01,1.380055979606222,1.4546431322705065,188,212,depth >= 30 m,212,188
CINMS,2025-03-01,1.8423877089952205,1.8545050159940177,188,212,depth >= 30 m,212,188
CINMS,2025-04-01,1.4220534555364006,1.52559424065194,188,212,depth >= 30 m,212,188
CINMS,2025-05-01,2.0178216028752516,2.36058399685711,188,212,depth >= 30 m,212,188
CINMS,2025-06-01,1.474248925048731,1.7958163568433712,188,212,depth >= 30 m,212,188
CINMS,2025-07-01,1.0236147550221155,1.223541294582762,184,208,depth >= 30 m,212,188
CINMS,2025-08-01,1.0806512680556115,1.252264808933691,188,212,depth >= 30 m,212,188
CINMS,2025-09-01,0.7123390570521113,0.8692259760397781,188,212,depth >= 30 m,212,188
CINMS,2025-10-01,0.8090921180246569,0.9188685300496385,188,212,depth >= 30 m,212,188
CINMS,2025-11-01,0.826722516588976,0.8761827632222536,188,212,depth >= 30 m,212,188
CINMS,2025-12-01,0.7790709923583332,0.801191029964753,188,212,depth >= 30 m,212,188
CINMS,2026-01-01,0.5895995459221657,0.6084291324862893,188,212,depth >= 30 m,212,188
CINMS,2026-02-01,0.7635256325787143,0.8417347827047676,188,212,depth >= 30 m,212,188
CINMS,2026-03-01,1.0248591319214682,1.1493158015721245,188,212,depth >= 30 m,212,188
CINMS,2026-04-01,0.6332962535347835,0.6809446574100906,188,212,depth >= 30 m,212,188
CINMS,2026-05-01,0.7103662006464037,0.8512784116110724,188,212,depth >= 30 m,212,188
CINMS,2026-06-01,0.8368750303923064,1.0651400852596977,188,212,depth >= 30 m,212,188
