nms,station,year,dhw_max,days_alert1plus
PNMS,nwhi,1985,0,0
PNMS,nwhi,1986,0,0
PNMS,nwhi,1987,2.899,0
PNMS,nwhi,1988,2.5,0
PNMS,nwhi,1989,1.493,0
PNMS,nwhi,1990,0.494,0
PNMS,nwhi,1991,1.051,0
PNMS,nwhi,1992,0,0
PNMS,nwhi,1993,0,0
PNMS,nwhi,1994,0.329,0
PNMS,nwhi,1995,0,0
PNMS,nwhi,1996,2.251,0
PNMS,nwhi,1997,4.796,12
PNMS,nwhi,1998,0,0
PNMS,nwhi,1999,0,0
PNMS,nwhi,2000,0,0
PNMS,nwhi,2001,0,0
PNMS,nwhi,2002,7.289,28
PNMS,nwhi,2003,0.149,0
PNMS,nwhi,2004,7.207,31
PNMS,nwhi,2005,4.209,8
PNMS,nwhi,2006,0,0
PNMS,nwhi,2007,3.021,0
PNMS,nwhi,2008,0.596,0
PNMS,nwhi,2009,3.666,0
PNMS,nwhi,2010,2.777,0
PNMS,nwhi,2011,2.86,0
PNMS,nwhi,2012,0,0
PNMS,nwhi,2013,2.537,0
PNMS,nwhi,2014,18.517,75
PNMS,nwhi,2015,11.654,45
PNMS,nwhi,2016,1.516,0
PNMS,nwhi,2017,7.233,25
PNMS,nwhi,2018,0,0
PNMS,nwhi,2019,17.911,90
PNMS,nwhi,2020,5.621,16
PNMS,nwhi,2021,0.791,0
PNMS,nwhi,2022,10.651,57
PNMS,nwhi,2023,1.633,0
PNMS,nwhi,2024,3.201,0
PNMS,nwhi,2025,16.91,72
PNMS,nwhi,2026,1.206,0
HIHWNMS,hawaii,1985,0,0
HIHWNMS,hawaii,1986,0.153,0
HIHWNMS,hawaii,1987,0.33,0
HIHWNMS,hawaii,1988,0,0
HIHWNMS,hawaii,1989,0,0
HIHWNMS,hawaii,1990,0,0
HIHWNMS,hawaii,1991,0,0
HIHWNMS,hawaii,1992,0.309,0
HIHWNMS,hawaii,1993,0,0
HIHWNMS,hawaii,1994,0,0
HIHWNMS,hawaii,1995,0,0
HIHWNMS,hawaii,1996,0.144,0
HIHWNMS,hawaii,1997,0,0
HIHWNMS,hawaii,1998,0,0
HIHWNMS,hawaii,1999,0,0
HIHWNMS,hawaii,2000,0,0
HIHWNMS,hawaii,2001,0,0
HIHWNMS,hawaii,2002,0,0
HIHWNMS,hawaii,2003,0,0
HIHWNMS,hawaii,2004,0.144,0
HIHWNMS,hawaii,2005,0,0
HIHWNMS,hawaii,2006,0,0
HIHWNMS,hawaii,2007,0,0
HIHWNMS,hawaii,2008,0,0
HIHWNMS,hawaii,2009,0,0
HIHWNMS,hawaii,2010,0,0
HIHWNMS,hawaii,2011,0,0
HIHWNMS,hawaii,2012,0,0
HIHWNMS,hawaii,2013,0,0
HIHWNMS,hawaii,2014,4.451,14
HIHWNMS,hawaii,2015,12.511,55
HIHWNMS,hawaii,2016,1.361,0
HIHWNMS,hawaii,2017,1.287,0
HIHWNMS,hawaii,2018,0.147,0
HIHWNMS,hawaii,2019,13.611,61
HIHWNMS,hawaii,2020,2.363,0
HIHWNMS,hawaii,2021,0,0
HIHWNMS,hawaii,2022,0,0
HIHWNMS,hawaii,2023,0,0
HIHWNMS,hawaii,2024,0,0
HIHWNMS,hawaii,2025,0,0
HIHWNMS,hawaii,2026,0.149,0
NMSAS,samoas,1985,0.164,0
NMSAS,samoas,1986,1.253,0
NMSAS,samoas,1987,0,0
NMSAS,samoas,1988,1.27,0
NMSAS,samoas,1989,0,0
NMSAS,samoas,1990,0,0
NMSAS,samoas,1991,3.97,0
NMSAS,samoas,1992,0.636,0
NMSAS,samoas,1993,3.047,0
NMSAS,samoas,1994,8.613,55
NMSAS,samoas,1995,3.391,0
NMSAS,samoas,1996,0.603,0
NMSAS,samoas,1997,0,0
NMSAS,samoas,1998,0.314,0
NMSAS,samoas,1999,0.314,0
NMSAS,samoas,2000,0.169,0
NMSAS,samoas,2001,3.451,0
NMSAS,samoas,2002,4.916,25
NMSAS,samoas,2003,10.059,62
NMSAS,samoas,2004,1.387,0
NMSAS,samoas,2005,3.251,0
NMSAS,samoas,2006,2.133,0
NMSAS,samoas,2007,4.056,7
NMSAS,samoas,2008,0,0
NMSAS,samoas,2009,2.949,0
NMSAS,samoas,2010,4.707,22
NMSAS,samoas,2011,0,0
NMSAS,samoas,2012,0.313,0
NMSAS,samoas,2013,1.891,0
NMSAS,samoas,2014,4.649,17
NMSAS,samoas,2015,12.044,73
NMSAS,samoas,2016,7.514,35
NMSAS,samoas,2017,12.173,131
NMSAS,samoas,2018,0.469,0
NMSAS,samoas,2019,9.311,86
NMSAS,samoas,2020,11.117,58
NMSAS,samoas,2021,0.299,0
NMSAS,samoas,2022,0,0
NMSAS,samoas,2023,2.234,0
NMSAS,samoas,2024,19.276,128
NMSAS,samoas,2025,5.286,19
NMSAS,samoas,2026,8.086,33
FGBNMS,flower_garden,1985,0,0
FGBNMS,flower_garden,1986,0,0
FGBNMS,flower_garden,1987,0,0
FGBNMS,flower_garden,1988,0.161,0
FGBNMS,flower_garden,1989,0.164,0
FGBNMS,flower_garden,1990,1.533,0
FGBNMS,flower_garden,1991,5.627,14
FGBNMS,flower_garden,1992,0,0
FGBNMS,flower_garden,1993,1.904,0
FGBNMS,flower_garden,1994,0,0
FGBNMS,flower_garden,1995,4.444,9
FGBNMS,flower_garden,1996,0,0
FGBNMS,flower_garden,1997,1.864,0
FGBNMS,flower_garden,1998,1.423,0
FGBNMS,flower_garden,1999,1.291,0
FGBNMS,flower_garden,2000,0.321,0
FGBNMS,flower_garden,2001,0,0
FGBNMS,flower_garden,2002,0.793,0
FGBNMS,flower_garden,2003,0,0
FGBNMS,flower_garden,2004,0.944,0
FGBNMS,flower_garden,2005,7.943,24
FGBNMS,flower_garden,2006,0.786,0
FGBNMS,flower_garden,2007,1.711,0
FGBNMS,flower_garden,2008,0,0
FGBNMS,flower_garden,2009,1.127,0
FGBNMS,flower_garden,2010,8.476,32
FGBNMS,flower_garden,2011,0.969,0
FGBNMS,flower_garden,2012,1.453,0
FGBNMS,flower_garden,2013,0,0
FGBNMS,flower_garden,2014,0.73,0
FGBNMS,flower_garden,2015,5.703,18
FGBNMS,flower_garden,2016,9.137,50
FGBNMS,flower_garden,2017,1.94,0
FGBNMS,flower_garden,2018,0,0
FGBNMS,flower_garden,2019,1.369,0
FGBNMS,flower_garden,2020,1.774,0
FGBNMS,flower_garden,2021,6.511,20
FGBNMS,flower_garden,2022,0.826,0
FGBNMS,flower_garden,2023,11.911,51
FGBNMS,flower_garden,2024,7.551,21
FGBNMS,flower_garden,2025,10.366,37
FGBNMS,flower_garden,2026,7.107,34
FKNMS,florida_keys,1985,0,0
FKNMS,florida_keys,1986,0,0
FKNMS,florida_keys,1987,0.666,0
FKNMS,florida_keys,1988,0,0
FKNMS,florida_keys,1989,0.144,0
FKNMS,florida_keys,1990,0,0
FKNMS,florida_keys,1991,2.201,0
FKNMS,florida_keys,1992,0,0
FKNMS,florida_keys,1993,1.16,0
FKNMS,florida_keys,1994,0,0
FKNMS,florida_keys,1995,0,0
FKNMS,florida_keys,1996,0,0
FKNMS,florida_keys,1997,5.081,12
FKNMS,florida_keys,1998,3.247,0
FKNMS,florida_keys,1999,2.736,0
FKNMS,florida_keys,2000,1.233,0
FKNMS,florida_keys,2001,0.31,0
FKNMS,florida_keys,2002,0,0
FKNMS,florida_keys,2003,1.097,0
FKNMS,florida_keys,2004,3.379,0
FKNMS,florida_keys,2005,7.276,22
FKNMS,florida_keys,2006,0.29,0
FKNMS,florida_keys,2007,8.301,35
FKNMS,florida_keys,2008,1.627,0
FKNMS,florida_keys,2009,5.704,29
FKNMS,florida_keys,2010,6.667,33
FKNMS,florida_keys,2011,7.253,32
FKNMS,florida_keys,2012,1.38,0
FKNMS,florida_keys,2013,0.3,0
FKNMS,florida_keys,2014,8.473,27
FKNMS,florida_keys,2015,9.613,38
FKNMS,florida_keys,2016,5.009,13
FKNMS,florida_keys,2017,5.131,24
FKNMS,florida_keys,2018,5.3,21
FKNMS,florida_keys,2019,8.757,46
FKNMS,florida_keys,2020,9.031,44
FKNMS,florida_keys,2021,5.427,21
FKNMS,florida_keys,2022,8.519,38
FKNMS,florida_keys,2023,22.299,85
FKNMS,florida_keys,2024,13.297,66
FKNMS,florida_keys,2025,12.713,53
FKNMS,florida_keys,2026,21.637,90
