nms,station,date,dhw_max,baa_max
PNMS,nwhi,1985-01-01,0,0
PNMS,nwhi,1985-02-01,0,0
PNMS,nwhi,1985-03-01,0,0
PNMS,nwhi,1985-04-01,0,0
PNMS,nwhi,1985-05-01,0,0
PNMS,nwhi,1985-06-01,0,0
PNMS,nwhi,1985-07-01,0,0
PNMS,nwhi,1985-08-01,0,1
PNMS,nwhi,1985-09-01,0,1
PNMS,nwhi,1985-10-01,0,1
PNMS,nwhi,1985-11-01,0,0
PNMS,nwhi,1985-12-01,0,0
PNMS,nwhi,1986-01-01,0,0
PNMS,nwhi,1986-02-01,0,0
PNMS,nwhi,1986-03-01,0,0
PNMS,nwhi,1986-04-01,0,0
PNMS,nwhi,1986-05-01,0,0
PNMS,nwhi,1986-06-01,0,0
PNMS,nwhi,1986-07-01,0,0
PNMS,nwhi,1986-08-01,0,1
PNMS,nwhi,1986-09-01,0,1
PNMS,nwhi,1986-10-01,0,1
PNMS,nwhi,1986-11-01,0,1
PNMS,nwhi,1986-12-01,0,0
PNMS,nwhi,1987-01-01,0,0
PNMS,nwhi,1987-02-01,0,0
PNMS,nwhi,1987-03-01,0,0
PNMS,nwhi,1987-04-01,0,0
PNMS,nwhi,1987-05-01,0,0
PNMS,nwhi,1987-06-01,0,0
PNMS,nwhi,1987-07-01,0,1
PNMS,nwhi,1987-08-01,1.93,2
PNMS,nwhi,1987-09-01,2.899,2
PNMS,nwhi,1987-10-01,2.899,1
PNMS,nwhi,1987-11-01,2.899,0
PNMS,nwhi,1987-12-01,0.476,0
PNMS,nwhi,1988-01-01,0,0
PNMS,nwhi,1988-02-01,0,0
PNMS,nwhi,1988-03-01,0,0
PNMS,nwhi,1988-04-01,0,0
PNMS,nwhi,1988-05-01,0,0
PNMS,nwhi,1988-06-01,0,1
PNMS,nwhi,1988-07-01,0,1
PNMS,nwhi,1988-08-01,0.306,2
PNMS,nwhi,1988-09-01,1.341,2
PNMS,nwhi,1988-10-01,2.5,2
PNMS,nwhi,1988-11-01,2.5,1
PNMS,nwhi,1988-12-01,2.194,0
PNMS,nwhi,1989-01-01,0.851,0
PNMS,nwhi,1989-02-01,0,0
PNMS,nwhi,1989-03-01,0,0
PNMS,nwhi,1989-04-01,0,0
PNMS,nwhi,1989-05-01,0,0
PNMS,nwhi,1989-06-01,0.179,2
PNMS,nwhi,1989-07-01,0.179,1
PNMS,nwhi,1989-08-01,1.069,2
PNMS,nwhi,1989-09-01,1.493,2
PNMS,nwhi,1989-10-01,1.493,2
PNMS,nwhi,1989-11-01,1.493,1
PNMS,nwhi,1989-12-01,0.603,0
PNMS,nwhi,1990-01-01,0,0
PNMS,nwhi,1990-02-01,0,0
PNMS,nwhi,1990-03-01,0,0
PNMS,nwhi,1990-04-01,0,0
PNMS,nwhi,1990-05-01,0,0
PNMS,nwhi,1990-06-01,0,0
PNMS,nwhi,1990-07-01,0,1
PNMS,nwhi,1990-08-01,0.336,2
PNMS,nwhi,1990-09-01,0.494,2
PNMS,nwhi,1990-10-01,0.494,1
PNMS,nwhi,1990-11-01,0.494,1
PNMS,nwhi,1990-12-01,0,0
PNMS,nwhi,1991-01-01,0,0
PNMS,nwhi,1991-02-01,0,0
PNMS,nwhi,1991-03-01,0,0
PNMS,nwhi,1991-04-01,0,0
PNMS,nwhi,1991-05-01,0,0
PNMS,nwhi,1991-06-01,0,0
PNMS,nwhi,1991-07-01,0,1
PNMS,nwhi,1991-08-01,0,1
PNMS,nwhi,1991-09-01,1.051,2
PNMS,nwhi,1991-10-01,1.051,1
PNMS,nwhi,1991-11-01,1.051,1
PNMS,nwhi,1991-12-01,1.051,0
PNMS,nwhi,1992-01-01,0,0
PNMS,nwhi,1992-02-01,0,0
PNMS,nwhi,1992-03-01,0,0
PNMS,nwhi,1992-04-01,0,0
PNMS,nwhi,1992-05-01,0,0
PNMS,nwhi,1992-06-01,0,0
PNMS,nwhi,1992-07-01,0,1
PNMS,nwhi,1992-08-01,0,1
PNMS,nwhi,1992-09-01,0,1
PNMS,nwhi,1992-10-01,0,1
PNMS,nwhi,1992-11-01,0,0
PNMS,nwhi,1992-12-01,0,0
PNMS,nwhi,1993-01-01,0,0
PNMS,nwhi,1993-02-01,0,0
PNMS,nwhi,1993-03-01,0,0
PNMS,nwhi,1993-04-01,0,0
PNMS,nwhi,1993-05-01,0,0
PNMS,nwhi,1993-06-01,0,1
PNMS,nwhi,1993-07-01,0,1
PNMS,nwhi,1993-08-01,0,1
PNMS,nwhi,1993-09-01,0,1
PNMS,nwhi,1993-10-01,0,1
PNMS,nwhi,1993-11-01,0,0
PNMS,nwhi,1993-12-01,0,0
PNMS,nwhi,1994-01-01,0,0
PNMS,nwhi,1994-02-01,0,0
PNMS,nwhi,1994-03-01,0,0
PNMS,nwhi,1994-04-01,0,0
PNMS,nwhi,1994-05-01,0,0
PNMS,nwhi,1994-06-01,0,0
PNMS,nwhi,1994-07-01,0,1
PNMS,nwhi,1994-08-01,0.329,2
PNMS,nwhi,1994-09-01,0.329,1
PNMS,nwhi,1994-10-01,0.329,1
PNMS,nwhi,1994-11-01,0.329,1
PNMS,nwhi,1994-12-01,0,1
PNMS,nwhi,1995-01-01,0,0
PNMS,nwhi,1995-02-01,0,0
PNMS,nwhi,1995-03-01,0,0
PNMS,nwhi,1995-04-01,0,0
PNMS,nwhi,1995-05-01,0,0
PNMS,nwhi,1995-06-01,0,0
PNMS,nwhi,1995-07-01,0,1
PNMS,nwhi,1995-08-01,0,1
PNMS,nwhi,1995-09-01,0,1
PNMS,nwhi,1995-10-01,0,1
PNMS,nwhi,1995-11-01,0,1
PNMS,nwhi,1995-12-01,0,0
PNMS,nwhi,1996-01-01,0,0
PNMS,nwhi,1996-02-01,0,0
PNMS,nwhi,1996-03-01,0,0
PNMS,nwhi,1996-04-01,0,0
PNMS,nwhi,1996-05-01,0,0
PNMS,nwhi,1996-06-01,0,1
PNMS,nwhi,1996-07-01,0,1
PNMS,nwhi,1996-08-01,0.954,2
PNMS,nwhi,1996-09-01,2.251,2
PNMS,nwhi,1996-10-01,2.251,1
PNMS,nwhi,1996-11-01,2.251,0
PNMS,nwhi,1996-12-01,0.151,0
PNMS,nwhi,1997-01-01,0,0
PNMS,nwhi,1997-02-01,0,0
PNMS,nwhi,1997-03-01,0,0
PNMS,nwhi,1997-04-01,0,0
PNMS,nwhi,1997-05-01,0,0
PNMS,nwhi,1997-06-01,0,0
PNMS,nwhi,1997-07-01,0,0
PNMS,nwhi,1997-08-01,1.831,2
PNMS,nwhi,1997-09-01,4.796,3
PNMS,nwhi,1997-10-01,4.796,1
PNMS,nwhi,1997-11-01,4.796,1
PNMS,nwhi,1997-12-01,1.426,0
PNMS,nwhi,1998-01-01,0,0
PNMS,nwhi,1998-02-01,0,0
PNMS,nwhi,1998-03-01,0,0
PNMS,nwhi,1998-04-01,0,0
PNMS,nwhi,1998-05-01,0,0
PNMS,nwhi,1998-06-01,0,0
PNMS,nwhi,1998-07-01,0,0
PNMS,nwhi,1998-08-01,0,0
PNMS,nwhi,1998-09-01,0,1
PNMS,nwhi,1998-10-01,0,1
PNMS,nwhi,1998-11-01,0,0
PNMS,nwhi,1998-12-01,0,0
PNMS,nwhi,1999-01-01,0,0
PNMS,nwhi,1999-02-01,0,0
PNMS,nwhi,1999-03-01,0,0
PNMS,nwhi,1999-04-01,0,0
PNMS,nwhi,1999-05-01,0,0
PNMS,nwhi,1999-06-01,0,0
PNMS,nwhi,1999-07-01,0,0
PNMS,nwhi,1999-08-01,0,1
PNMS,nwhi,1999-09-01,0,1
PNMS,nwhi,1999-10-01,0,1
PNMS,nwhi,1999-11-01,0,0
PNMS,nwhi,1999-12-01,0,0
PNMS,nwhi,2000-01-01,0,0
PNMS,nwhi,2000-02-01,0,0
PNMS,nwhi,2000-03-01,0,0
PNMS,nwhi,2000-04-01,0,0
PNMS,nwhi,2000-05-01,0,0
PNMS,nwhi,2000-06-01,0,0
PNMS,nwhi,2000-07-01,0,1
PNMS,nwhi,2000-08-01,0,1
PNMS,nwhi,2000-09-01,0,1
PNMS,nwhi,2000-10-01,0,1
PNMS,nwhi,2000-11-01,0,0
PNMS,nwhi,2000-12-01,0,0
PNMS,nwhi,2001-01-01,0,0
PNMS,nwhi,2001-02-01,0,0
PNMS,nwhi,2001-03-01,0,0
PNMS,nwhi,2001-04-01,0,0
PNMS,nwhi,2001-05-01,0,0
PNMS,nwhi,2001-06-01,0,0
PNMS,nwhi,2001-07-01,0,1
PNMS,nwhi,2001-08-01,0,1
PNMS,nwhi,2001-09-01,0,1
PNMS,nwhi,2001-10-01,0,1
PNMS,nwhi,2001-11-01,0,0
PNMS,nwhi,2001-12-01,0,0
PNMS,nwhi,2002-01-01,0,0
PNMS,nwhi,2002-02-01,0,0
PNMS,nwhi,2002-03-01,0,0
PNMS,nwhi,2002-04-01,0,0
PNMS,nwhi,2002-05-01,0,0
PNMS,nwhi,2002-06-01,0,1
PNMS,nwhi,2002-07-01,0.509,2
PNMS,nwhi,2002-08-01,6.334,3
PNMS,nwhi,2002-09-01,7.289,3
PNMS,nwhi,2002-10-01,7.289,1
PNMS,nwhi,2002-11-01,5.051,0
PNMS,nwhi,2002-12-01,0.153,0
PNMS,nwhi,2003-01-01,0,0
PNMS,nwhi,2003-02-01,0,0
PNMS,nwhi,2003-03-01,0,0
PNMS,nwhi,2003-04-01,0,0
PNMS,nwhi,2003-05-01,0,0
PNMS,nwhi,2003-06-01,0,0
PNMS,nwhi,2003-07-01,0,1
PNMS,nwhi,2003-08-01,0,1
PNMS,nwhi,2003-09-01,0.149,2
PNMS,nwhi,2003-10-01,0.149,1
PNMS,nwhi,2003-11-01,0.149,1
PNMS,nwhi,2003-12-01,0.149,0
PNMS,nwhi,2004-01-01,0,0
PNMS,nwhi,2004-02-01,0,0
PNMS,nwhi,2004-03-01,0,0
PNMS,nwhi,2004-04-01,0,0
PNMS,nwhi,2004-05-01,0,0
PNMS,nwhi,2004-06-01,0,0
PNMS,nwhi,2004-07-01,0,1
PNMS,nwhi,2004-08-01,3.523,2
PNMS,nwhi,2004-09-01,7.207,3
PNMS,nwhi,2004-10-01,7.207,3
PNMS,nwhi,2004-11-01,7.207,0
PNMS,nwhi,2004-12-01,2.074,0
PNMS,nwhi,2005-01-01,0,0
PNMS,nwhi,2005-02-01,0,0
PNMS,nwhi,2005-03-01,0,0
PNMS,nwhi,2005-04-01,0,0
PNMS,nwhi,2005-05-01,0,0
PNMS,nwhi,2005-06-01,0,1
PNMS,nwhi,2005-07-01,0,1
PNMS,nwhi,2005-08-01,1.437,2
PNMS,nwhi,2005-09-01,4.209,3
PNMS,nwhi,2005-10-01,4.209,1
PNMS,nwhi,2005-11-01,4.209,0
PNMS,nwhi,2005-12-01,1.484,0
PNMS,nwhi,2006-01-01,0,0
PNMS,nwhi,2006-02-01,0,0
PNMS,nwhi,2006-03-01,0,0
PNMS,nwhi,2006-04-01,0,0
PNMS,nwhi,2006-05-01,0,0
PNMS,nwhi,2006-06-01,0,0
PNMS,nwhi,2006-07-01,0,1
PNMS,nwhi,2006-08-01,0,1
PNMS,nwhi,2006-09-01,0,1
PNMS,nwhi,2006-10-01,0,1
PNMS,nwhi,2006-11-01,0,0
PNMS,nwhi,2006-12-01,0,0
PNMS,nwhi,2007-01-01,0,0
PNMS,nwhi,2007-02-01,0,0
PNMS,nwhi,2007-03-01,0,0
PNMS,nwhi,2007-04-01,0,0
PNMS,nwhi,2007-05-01,0,0
PNMS,nwhi,2007-06-01,0,1
PNMS,nwhi,2007-07-01,0,1
PNMS,nwhi,2007-08-01,2.413,2
PNMS,nwhi,2007-09-01,3.021,2
PNMS,nwhi,2007-10-01,3.021,1
PNMS,nwhi,2007-11-01,3.021,0
PNMS,nwhi,2007-12-01,0.609,0
PNMS,nwhi,2008-01-01,0,0
PNMS,nwhi,2008-02-01,0,0
PNMS,nwhi,2008-03-01,0,0
PNMS,nwhi,2008-04-01,0,0
PNMS,nwhi,2008-05-01,0,0
PNMS,nwhi,2008-06-01,0,0
PNMS,nwhi,2008-07-01,0,1
PNMS,nwhi,2008-08-01,0,1
PNMS,nwhi,2008-09-01,0.596,2
PNMS,nwhi,2008-10-01,0.596,2
PNMS,nwhi,2008-11-01,0.596,0
PNMS,nwhi,2008-12-01,0.596,0
PNMS,nwhi,2009-01-01,0,0
PNMS,nwhi,2009-02-01,0,0
PNMS,nwhi,2009-03-01,0,0
PNMS,nwhi,2009-04-01,0,0
PNMS,nwhi,2009-05-01,0,0
PNMS,nwhi,2009-06-01,0,1
PNMS,nwhi,2009-07-01,0.76,2
PNMS,nwhi,2009-08-01,3.38,2
PNMS,nwhi,2009-09-01,3.666,2
PNMS,nwhi,2009-10-01,3.52,1
PNMS,nwhi,2009-11-01,1.059,0
PNMS,nwhi,2009-12-01,0.286,0
PNMS,nwhi,2010-01-01,0,0
PNMS,nwhi,2010-02-01,0,0
PNMS,nwhi,2010-03-01,0,0
PNMS,nwhi,2010-04-01,0,0
PNMS,nwhi,2010-05-01,0,0
PNMS,nwhi,2010-06-01,0,0
PNMS,nwhi,2010-07-01,0,1
PNMS,nwhi,2010-08-01,0.634,2
PNMS,nwhi,2010-09-01,2.777,2
PNMS,nwhi,2010-10-01,2.777,2
PNMS,nwhi,2010-11-01,2.777,0
PNMS,nwhi,2010-12-01,1.553,0
PNMS,nwhi,2011-01-01,0,0
PNMS,nwhi,2011-02-01,0,0
PNMS,nwhi,2011-03-01,0,0
PNMS,nwhi,2011-04-01,0,0
PNMS,nwhi,2011-05-01,0,0
PNMS,nwhi,2011-06-01,0,1
PNMS,nwhi,2011-07-01,0,1
PNMS,nwhi,2011-08-01,1.184,2
PNMS,nwhi,2011-09-01,2.86,2
PNMS,nwhi,2011-10-01,2.86,1
PNMS,nwhi,2011-11-01,2.86,1
PNMS,nwhi,2011-12-01,0.444,0
PNMS,nwhi,2012-01-01,0,0
PNMS,nwhi,2012-02-01,0,0
PNMS,nwhi,2012-03-01,0,0
PNMS,nwhi,2012-04-01,0,0
PNMS,nwhi,2012-05-01,0,0
PNMS,nwhi,2012-06-01,0,1
PNMS,nwhi,2012-07-01,0,1
PNMS,nwhi,2012-08-01,0,1
PNMS,nwhi,2012-09-01,0,1
PNMS,nwhi,2012-10-01,0,1
PNMS,nwhi,2012-11-01,0,0
PNMS,nwhi,2012-12-01,0,0
PNMS,nwhi,2013-01-01,0,0
PNMS,nwhi,2013-02-01,0,0
PNMS,nwhi,2013-03-01,0,0
PNMS,nwhi,2013-04-01,0,0
PNMS,nwhi,2013-05-01,0,0
PNMS,nwhi,2013-06-01,0,0
PNMS,nwhi,2013-07-01,0,1
PNMS,nwhi,2013-08-01,0.524,2
PNMS,nwhi,2013-09-01,2.537,2
PNMS,nwhi,2013-10-01,2.537,1
PNMS,nwhi,2013-11-01,2.013,0
PNMS,nwhi,2013-12-01,1.55,0
PNMS,nwhi,2014-01-01,0,0
PNMS,nwhi,2014-02-01,0,0
PNMS,nwhi,2014-03-01,0,0
PNMS,nwhi,2014-04-01,0,0
PNMS,nwhi,2014-05-01,0,0
PNMS,nwhi,2014-06-01,0,0
PNMS,nwhi,2014-07-01,0.323,2
PNMS,nwhi,2014-08-01,6.403,3
PNMS,nwhi,2014-09-01,14.14,4
PNMS,nwhi,2014-10-01,18.517,4
PNMS,nwhi,2014-11-01,17.057,4
PNMS,nwhi,2014-12-01,10.607,0
PNMS,nwhi,2015-01-01,2.717,0
PNMS,nwhi,2015-02-01,0,0
PNMS,nwhi,2015-03-01,0,0
PNMS,nwhi,2015-04-01,0,0
PNMS,nwhi,2015-05-01,0,0
PNMS,nwhi,2015-06-01,0,0
PNMS,nwhi,2015-07-01,0.286,2
PNMS,nwhi,2015-08-01,5.481,3
PNMS,nwhi,2015-09-01,11.35,4
PNMS,nwhi,2015-10-01,11.654,4
PNMS,nwhi,2015-11-01,10.287,1
PNMS,nwhi,2015-12-01,4.157,0
PNMS,nwhi,2016-01-01,0,0
PNMS,nwhi,2016-02-01,0,0
PNMS,nwhi,2016-03-01,0,0
PNMS,nwhi,2016-04-01,0,0
PNMS,nwhi,2016-05-01,0,0
PNMS,nwhi,2016-06-01,0,0
PNMS,nwhi,2016-07-01,0,1
PNMS,nwhi,2016-08-01,0,1
PNMS,nwhi,2016-09-01,1.367,2
PNMS,nwhi,2016-10-01,1.516,2
PNMS,nwhi,2016-11-01,1.516,0
PNMS,nwhi,2016-12-01,1.361,0
PNMS,nwhi,2017-01-01,0,0
PNMS,nwhi,2017-02-01,0,0
PNMS,nwhi,2017-03-01,0,0
PNMS,nwhi,2017-04-01,0,0
PNMS,nwhi,2017-05-01,0,0
PNMS,nwhi,2017-06-01,0,1
PNMS,nwhi,2017-07-01,0,1
PNMS,nwhi,2017-08-01,0.894,2
PNMS,nwhi,2017-09-01,6.739,3
PNMS,nwhi,2017-10-01,7.233,3
PNMS,nwhi,2017-11-01,7.233,0
PNMS,nwhi,2017-12-01,4.667,0
PNMS,nwhi,2018-01-01,0,0
PNMS,nwhi,2018-02-01,0,0
PNMS,nwhi,2018-03-01,0,0
PNMS,nwhi,2018-04-01,0,0
PNMS,nwhi,2018-05-01,0,0
PNMS,nwhi,2018-06-01,0,0
PNMS,nwhi,2018-07-01,0,0
PNMS,nwhi,2018-08-01,0,1
PNMS,nwhi,2018-09-01,0,1
PNMS,nwhi,2018-10-01,0,1
PNMS,nwhi,2018-11-01,0,0
PNMS,nwhi,2018-12-01,0,0
PNMS,nwhi,2019-01-01,0,0
PNMS,nwhi,2019-02-01,0,0
PNMS,nwhi,2019-03-01,0,0
PNMS,nwhi,2019-04-01,0,0
PNMS,nwhi,2019-05-01,0,0
PNMS,nwhi,2019-06-01,0,1
PNMS,nwhi,2019-07-01,4.449,3
PNMS,nwhi,2019-08-01,10.404,4
PNMS,nwhi,2019-09-01,17.9,4
PNMS,nwhi,2019-10-01,17.911,4
PNMS,nwhi,2019-11-01,15.809,4
PNMS,nwhi,2019-12-01,7.561,0
PNMS,nwhi,2020-01-01,0.907,0
PNMS,nwhi,2020-02-01,0,0
PNMS,nwhi,2020-03-01,0,0
PNMS,nwhi,2020-04-01,0,0
PNMS,nwhi,2020-05-01,0,0
PNMS,nwhi,2020-06-01,0.15,2
PNMS,nwhi,2020-07-01,0.15,2
PNMS,nwhi,2020-08-01,0.15,1
PNMS,nwhi,2020-09-01,3.256,2
PNMS,nwhi,2020-10-01,5.621,3
PNMS,nwhi,2020-11-01,5.621,1
PNMS,nwhi,2020-12-01,5.297,0
PNMS,nwhi,2021-01-01,0.791,0
PNMS,nwhi,2021-02-01,0,0
PNMS,nwhi,2021-03-01,0,0
PNMS,nwhi,2021-04-01,0,0
PNMS,nwhi,2021-05-01,0,0
PNMS,nwhi,2021-06-01,0,1
PNMS,nwhi,2021-07-01,0,1
PNMS,nwhi,2021-08-01,0,1
PNMS,nwhi,2021-09-01,0,1
PNMS,nwhi,2021-10-01,0,1
PNMS,nwhi,2021-11-01,0,1
PNMS,nwhi,2021-12-01,0,0
PNMS,nwhi,2022-01-01,0,0
PNMS,nwhi,2022-02-01,0,0
PNMS,nwhi,2022-03-01,0,0
PNMS,nwhi,2022-04-01,0,0
PNMS,nwhi,2022-05-01,0,1
PNMS,nwhi,2022-06-01,3.176,2
PNMS,nwhi,2022-07-01,3.319,2
PNMS,nwhi,2022-08-01,7.08,3
PNMS,nwhi,2022-09-01,10.316,4
PNMS,nwhi,2022-10-01,10.651,4
PNMS,nwhi,2022-11-01,10.651,0
PNMS,nwhi,2022-12-01,4.786,0
PNMS,nwhi,2023-01-01,0,0
PNMS,nwhi,2023-02-01,0,0
PNMS,nwhi,2023-03-01,0,0
PNMS,nwhi,2023-04-01,0,0
PNMS,nwhi,2023-05-01,0,0
PNMS,nwhi,2023-06-01,0,0
PNMS,nwhi,2023-07-01,0,1
PNMS,nwhi,2023-08-01,1.316,2
PNMS,nwhi,2023-09-01,1.633,2
PNMS,nwhi,2023-10-01,1.633,1
PNMS,nwhi,2023-11-01,1.633,1
PNMS,nwhi,2023-12-01,0,0
PNMS,nwhi,2024-01-01,0,0
PNMS,nwhi,2024-02-01,0,0
PNMS,nwhi,2024-03-01,0,0
PNMS,nwhi,2024-04-01,0,0
PNMS,nwhi,2024-05-01,0,0
PNMS,nwhi,2024-06-01,0,0
PNMS,nwhi,2024-07-01,0,1
PNMS,nwhi,2024-08-01,2.453,2
PNMS,nwhi,2024-09-01,3.201,2
PNMS,nwhi,2024-10-01,3.201,1
PNMS,nwhi,2024-11-01,2.761,1
PNMS,nwhi,2024-12-01,0,0
PNMS,nwhi,2025-01-01,0,0
PNMS,nwhi,2025-02-01,0,0
PNMS,nwhi,2025-03-01,0,0
PNMS,nwhi,2025-04-01,0,0
PNMS,nwhi,2025-05-01,0,0
PNMS,nwhi,2025-06-01,0,1
PNMS,nwhi,2025-07-01,1.706,2
PNMS,nwhi,2025-08-01,7.537,3
PNMS,nwhi,2025-09-01,14.706,4
PNMS,nwhi,2025-10-01,16.91,4
PNMS,nwhi,2025-11-01,13.94,1
PNMS,nwhi,2025-12-01,7.414,0
PNMS,nwhi,2026-01-01,1.206,0
PNMS,nwhi,2026-02-01,0,0
PNMS,nwhi,2026-03-01,0,0
PNMS,nwhi,2026-04-01,0,0
PNMS,nwhi,2026-05-01,0,0
PNMS,nwhi,2026-06-01,0,1
PNMS,nwhi,2026-07-01,0,1
PNMS,nwhi,2026-08-01,0,1
PNMS,nwhi,2026-09-01,0,1
PNMS,nwhi,2026-10-01,0,1
HIHWNMS,hawaii,1985-01-01,0,0
HIHWNMS,hawaii,1985-02-01,0,0
HIHWNMS,hawaii,1985-03-01,0,0
HIHWNMS,hawaii,1985-04-01,0,0
HIHWNMS,hawaii,1985-05-01,0,0
HIHWNMS,hawaii,1985-06-01,0,0
HIHWNMS,hawaii,1985-07-01,0,0
HIHWNMS,hawaii,1985-08-01,0,0
HIHWNMS,hawaii,1985-09-01,0,1
HIHWNMS,hawaii,1985-10-01,0,1
HIHWNMS,hawaii,1985-11-01,0,0
HIHWNMS,hawaii,1985-12-01,0,0
HIHWNMS,hawaii,1986-01-01,0,0
HIHWNMS,hawaii,1986-02-01,0,0
HIHWNMS,hawaii,1986-03-01,0,0
HIHWNMS,hawaii,1986-04-01,0,0
HIHWNMS,hawaii,1986-05-01,0,0
HIHWNMS,hawaii,1986-06-01,0,0
HIHWNMS,hawaii,1986-07-01,0,1
HIHWNMS,hawaii,1986-08-01,0,1
HIHWNMS,hawaii,1986-09-01,0,1
HIHWNMS,hawaii,1986-10-01,0.153,2
HIHWNMS,hawaii,1986-11-01,0.153,1
HIHWNMS,hawaii,1986-12-01,0.153,0
HIHWNMS,hawaii,1987-01-01,0,0
HIHWNMS,hawaii,1987-02-01,0,0
HIHWNMS,hawaii,1987-03-01,0,0
HIHWNMS,hawaii,1987-04-01,0,0
HIHWNMS,hawaii,1987-05-01,0,0
HIHWNMS,hawaii,1987-06-01,0,0
HIHWNMS,hawaii,1987-07-01,0,0
HIHWNMS,hawaii,1987-08-01,0,1
HIHWNMS,hawaii,1987-09-01,0.33,2
HIHWNMS,hawaii,1987-10-01,0.33,1
HIHWNMS,hawaii,1987-11-01,0.33,1
HIHWNMS,hawaii,1987-12-01,0.33,0
HIHWNMS,hawaii,1988-01-01,0,0
HIHWNMS,hawaii,1988-02-01,0,0
HIHWNMS,hawaii,1988-03-01,0,0
HIHWNMS,hawaii,1988-04-01,0,0
HIHWNMS,hawaii,1988-05-01,0,0
HIHWNMS,hawaii,1988-06-01,0,0
HIHWNMS,hawaii,1988-07-01,0,0
HIHWNMS,hawaii,1988-08-01,0,1
HIHWNMS,hawaii,1988-09-01,0,1
HIHWNMS,hawaii,1988-10-01,0,1
HIHWNMS,hawaii,1988-11-01,0,1
HIHWNMS,hawaii,1988-12-01,0,1
HIHWNMS,hawaii,1989-01-01,0,0
HIHWNMS,hawaii,1989-02-01,0,0
HIHWNMS,hawaii,1989-03-01,0,0
HIHWNMS,hawaii,1989-04-01,0,0
HIHWNMS,hawaii,1989-05-01,0,0
HIHWNMS,hawaii,1989-06-01,0,0
HIHWNMS,hawaii,1989-07-01,0,0
HIHWNMS,hawaii,1989-08-01,0,0
HIHWNMS,hawaii,1989-09-01,0,1
HIHWNMS,hawaii,1989-10-01,0,1
HIHWNMS,hawaii,1989-11-01,0,1
HIHWNMS,hawaii,1989-12-01,0,0
HIHWNMS,hawaii,1990-01-01,0,0
HIHWNMS,hawaii,1990-02-01,0,0
HIHWNMS,hawaii,1990-03-01,0,0
HIHWNMS,hawaii,1990-04-01,0,0
HIHWNMS,hawaii,1990-05-01,0,0
HIHWNMS,hawaii,1990-06-01,0,0
HIHWNMS,hawaii,1990-07-01,0,0
HIHWNMS,hawaii,1990-08-01,0,1
HIHWNMS,hawaii,1990-09-01,0,1
HIHWNMS,hawaii,1990-10-01,0,1
HIHWNMS,hawaii,1990-11-01,0,1
HIHWNMS,hawaii,1990-12-01,0,0
HIHWNMS,hawaii,1991-01-01,0,0
HIHWNMS,hawaii,1991-02-01,0,0
HIHWNMS,hawaii,1991-03-01,0,0
HIHWNMS,hawaii,1991-04-01,0,0
HIHWNMS,hawaii,1991-05-01,0,0
HIHWNMS,hawaii,1991-06-01,0,0
HIHWNMS,hawaii,1991-07-01,0,0
HIHWNMS,hawaii,1991-08-01,0,1
HIHWNMS,hawaii,1991-09-01,0,1
HIHWNMS,hawaii,1991-10-01,0,1
HIHWNMS,hawaii,1991-11-01,0,1
HIHWNMS,hawaii,1991-12-01,0,0
HIHWNMS,hawaii,1992-01-01,0,0
HIHWNMS,hawaii,1992-02-01,0,0
HIHWNMS,hawaii,1992-03-01,0,0
HIHWNMS,hawaii,1992-04-01,0,0
HIHWNMS,hawaii,1992-05-01,0,0
HIHWNMS,hawaii,1992-06-01,0,0
HIHWNMS,hawaii,1992-07-01,0,1
HIHWNMS,hawaii,1992-08-01,0,1
HIHWNMS,hawaii,1992-09-01,0.309,2
HIHWNMS,hawaii,1992-10-01,0.309,2
HIHWNMS,hawaii,1992-11-01,0.309,1
HIHWNMS,hawaii,1992-12-01,0.309,0
HIHWNMS,hawaii,1993-01-01,0,0
HIHWNMS,hawaii,1993-02-01,0,0
HIHWNMS,hawaii,1993-03-01,0,0
HIHWNMS,hawaii,1993-04-01,0,0
HIHWNMS,hawaii,1993-05-01,0,0
HIHWNMS,hawaii,1993-06-01,0,0
HIHWNMS,hawaii,1993-07-01,0,0
HIHWNMS,hawaii,1993-08-01,0,1
HIHWNMS,hawaii,1993-09-01,0,1
HIHWNMS,hawaii,1993-10-01,0,1
HIHWNMS,hawaii,1993-11-01,0,0
HIHWNMS,hawaii,1993-12-01,0,0
HIHWNMS,hawaii,1994-01-01,0,0
HIHWNMS,hawaii,1994-02-01,0,0
HIHWNMS,hawaii,1994-03-01,0,0
HIHWNMS,hawaii,1994-04-01,0,0
HIHWNMS,hawaii,1994-05-01,0,0
HIHWNMS,hawaii,1994-06-01,0,0
HIHWNMS,hawaii,1994-07-01,0,0
HIHWNMS,hawaii,1994-08-01,0,1
HIHWNMS,hawaii,1994-09-01,0,1
HIHWNMS,hawaii,1994-10-01,0,1
HIHWNMS,hawaii,1994-11-01,0,0
HIHWNMS,hawaii,1994-12-01,0,0
HIHWNMS,hawaii,1995-01-01,0,0
HIHWNMS,hawaii,1995-02-01,0,0
HIHWNMS,hawaii,1995-03-01,0,0
HIHWNMS,hawaii,1995-04-01,0,0
HIHWNMS,hawaii,1995-05-01,0,0
HIHWNMS,hawaii,1995-06-01,0,0
HIHWNMS,hawaii,1995-07-01,0,0
HIHWNMS,hawaii,1995-08-01,0,1
HIHWNMS,hawaii,1995-09-01,0,1
HIHWNMS,hawaii,1995-10-01,0,1
HIHWNMS,hawaii,1995-11-01,0,0
HIHWNMS,hawaii,1995-12-01,0,0
HIHWNMS,hawaii,1996-01-01,0,0
HIHWNMS,hawaii,1996-02-01,0,0
HIHWNMS,hawaii,1996-03-01,0,0
HIHWNMS,hawaii,1996-04-01,0,0
HIHWNMS,hawaii,1996-05-01,0,0
HIHWNMS,hawaii,1996-06-01,0,1
HIHWNMS,hawaii,1996-07-01,0,1
HIHWNMS,hawaii,1996-08-01,0,1
HIHWNMS,hawaii,1996-09-01,0.144,2
HIHWNMS,hawaii,1996-10-01,0.144,1
HIHWNMS,hawaii,1996-11-01,0.144,1
HIHWNMS,hawaii,1996-12-01,0.144,0
HIHWNMS,hawaii,1997-01-01,0,0
HIHWNMS,hawaii,1997-02-01,0,0
HIHWNMS,hawaii,1997-03-01,0,0
HIHWNMS,hawaii,1997-04-01,0,0
HIHWNMS,hawaii,1997-05-01,0,0
HIHWNMS,hawaii,1997-06-01,0,0
HIHWNMS,hawaii,1997-07-01,0,1
HIHWNMS,hawaii,1997-08-01,0,1
HIHWNMS,hawaii,1997-09-01,0,1
HIHWNMS,hawaii,1997-10-01,0,1
HIHWNMS,hawaii,1997-11-01,0,1
HIHWNMS,hawaii,1997-12-01,0,0
HIHWNMS,hawaii,1998-01-01,0,0
HIHWNMS,hawaii,1998-02-01,0,0
HIHWNMS,hawaii,1998-03-01,0,0
HIHWNMS,hawaii,1998-04-01,0,0
HIHWNMS,hawaii,1998-05-01,0,0
HIHWNMS,hawaii,1998-06-01,0,0
HIHWNMS,hawaii,1998-07-01,0,0
HIHWNMS,hawaii,1998-08-01,0,0
HIHWNMS,hawaii,1998-09-01,0,0
HIHWNMS,hawaii,1998-10-01,0,0
HIHWNMS,hawaii,1998-11-01,0,0
HIHWNMS,hawaii,1998-12-01,0,0
HIHWNMS,hawaii,1999-01-01,0,0
HIHWNMS,hawaii,1999-02-01,0,0
HIHWNMS,hawaii,1999-03-01,0,0
HIHWNMS,hawaii,1999-04-01,0,0
HIHWNMS,hawaii,1999-05-01,0,0
HIHWNMS,hawaii,1999-06-01,0,0
HIHWNMS,hawaii,1999-07-01,0,0
HIHWNMS,hawaii,1999-08-01,0,0
HIHWNMS,hawaii,1999-09-01,0,0
HIHWNMS,hawaii,1999-10-01,0,0
HIHWNMS,hawaii,1999-11-01,0,0
HIHWNMS,hawaii,1999-12-01,0,0
HIHWNMS,hawaii,2000-01-01,0,0
HIHWNMS,hawaii,2000-02-01,0,0
HIHWNMS,hawaii,2000-03-01,0,0
HIHWNMS,hawaii,2000-04-01,0,0
HIHWNMS,hawaii,2000-05-01,0,0
HIHWNMS,hawaii,2000-06-01,0,0
HIHWNMS,hawaii,2000-07-01,0,0
HIHWNMS,hawaii,2000-08-01,0,0
HIHWNMS,hawaii,2000-09-01,0,1
HIHWNMS,hawaii,2000-10-01,0,1
HIHWNMS,hawaii,2000-11-01,0,0
HIHWNMS,hawaii,2000-12-01,0,0
HIHWNMS,hawaii,2001-01-01,0,0
HIHWNMS,hawaii,2001-02-01,0,0
HIHWNMS,hawaii,2001-03-01,0,0
HIHWNMS,hawaii,2001-04-01,0,0
HIHWNMS,hawaii,2001-05-01,0,0
HIHWNMS,hawaii,2001-06-01,0,0
HIHWNMS,hawaii,2001-07-01,0,1
HIHWNMS,hawaii,2001-08-01,0,0
HIHWNMS,hawaii,2001-09-01,0,1
HIHWNMS,hawaii,2001-10-01,0,1
HIHWNMS,hawaii,2001-11-01,0,0
HIHWNMS,hawaii,2001-12-01,0,0
HIHWNMS,hawaii,2002-01-01,0,0
HIHWNMS,hawaii,2002-02-01,0,0
HIHWNMS,hawaii,2002-03-01,0,0
HIHWNMS,hawaii,2002-04-01,0,0
HIHWNMS,hawaii,2002-05-01,0,0
HIHWNMS,hawaii,2002-06-01,0,0
HIHWNMS,hawaii,2002-07-01,0,1
HIHWNMS,hawaii,2002-08-01,0,1
HIHWNMS,hawaii,2002-09-01,0,1
HIHWNMS,hawaii,2002-10-01,0,1
HIHWNMS,hawaii,2002-11-01,0,0
HIHWNMS,hawaii,2002-12-01,0,0
HIHWNMS,hawaii,2003-01-01,0,0
HIHWNMS,hawaii,2003-02-01,0,0
HIHWNMS,hawaii,2003-03-01,0,0
HIHWNMS,hawaii,2003-04-01,0,0
HIHWNMS,hawaii,2003-05-01,0,0
HIHWNMS,hawaii,2003-06-01,0,1
HIHWNMS,hawaii,2003-07-01,0,1
HIHWNMS,hawaii,2003-08-01,0,1
HIHWNMS,hawaii,2003-09-01,0,1
HIHWNMS,hawaii,2003-10-01,0,1
HIHWNMS,hawaii,2003-11-01,0,1
HIHWNMS,hawaii,2003-12-01,0,0
HIHWNMS,hawaii,2004-01-01,0,0
HIHWNMS,hawaii,2004-02-01,0,0
HIHWNMS,hawaii,2004-03-01,0,0
HIHWNMS,hawaii,2004-04-01,0,0
HIHWNMS,hawaii,2004-05-01,0,0
HIHWNMS,hawaii,2004-06-01,0,0
HIHWNMS,hawaii,2004-07-01,0,1
HIHWNMS,hawaii,2004-08-01,0,1
HIHWNMS,hawaii,2004-09-01,0.144,2
HIHWNMS,hawaii,2004-10-01,0.144,1
HIHWNMS,hawaii,2004-11-01,0.144,1
HIHWNMS,hawaii,2004-12-01,0,0
HIHWNMS,hawaii,2005-01-01,0,0
HIHWNMS,hawaii,2005-02-01,0,0
HIHWNMS,hawaii,2005-03-01,0,0
HIHWNMS,hawaii,2005-04-01,0,0
HIHWNMS,hawaii,2005-05-01,0,0
HIHWNMS,hawaii,2005-06-01,0,0
HIHWNMS,hawaii,2005-07-01,0,1
HIHWNMS,hawaii,2005-08-01,0,1
HIHWNMS,hawaii,2005-09-01,0,1
HIHWNMS,hawaii,2005-10-01,0,1
HIHWNMS,hawaii,2005-11-01,0,0
HIHWNMS,hawaii,2005-12-01,0,0
HIHWNMS,hawaii,2006-01-01,0,0
HIHWNMS,hawaii,2006-02-01,0,0
HIHWNMS,hawaii,2006-03-01,0,0
HIHWNMS,hawaii,2006-04-01,0,0
HIHWNMS,hawaii,2006-05-01,0,0
HIHWNMS,hawaii,2006-06-01,0,0
HIHWNMS,hawaii,2006-07-01,0,0
HIHWNMS,hawaii,2006-08-01,0,1
HIHWNMS,hawaii,2006-09-01,0,1
HIHWNMS,hawaii,2006-10-01,0,1
HIHWNMS,hawaii,2006-11-01,0,1
HIHWNMS,hawaii,2006-12-01,0,0
HIHWNMS,hawaii,2007-01-01,0,0
HIHWNMS,hawaii,2007-02-01,0,0
HIHWNMS,hawaii,2007-03-01,0,0
HIHWNMS,hawaii,2007-04-01,0,0
HIHWNMS,hawaii,2007-05-01,0,0
HIHWNMS,hawaii,2007-06-01,0,0
HIHWNMS,hawaii,2007-07-01,0,0
HIHWNMS,hawaii,2007-08-01,0,1
HIHWNMS,hawaii,2007-09-01,0,1
HIHWNMS,hawaii,2007-10-01,0,1
HIHWNMS,hawaii,2007-11-01,0,0
HIHWNMS,hawaii,2007-12-01,0,0
HIHWNMS,hawaii,2008-01-01,0,0
HIHWNMS,hawaii,2008-02-01,0,0
HIHWNMS,hawaii,2008-03-01,0,0
HIHWNMS,hawaii,2008-04-01,0,0
HIHWNMS,hawaii,2008-05-01,0,0
HIHWNMS,hawaii,2008-06-01,0,0
HIHWNMS,hawaii,2008-07-01,0,1
HIHWNMS,hawaii,2008-08-01,0,0
HIHWNMS,hawaii,2008-09-01,0,1
HIHWNMS,hawaii,2008-10-01,0,0
HIHWNMS,hawaii,2008-11-01,0,0
HIHWNMS,hawaii,2008-12-01,0,0
HIHWNMS,hawaii,2009-01-01,0,0
HIHWNMS,hawaii,2009-02-01,0,0
HIHWNMS,hawaii,2009-03-01,0,0
HIHWNMS,hawaii,2009-04-01,0,0
HIHWNMS,hawaii,2009-05-01,0,0
HIHWNMS,hawaii,2009-06-01,0,0
HIHWNMS,hawaii,2009-07-01,0,0
HIHWNMS,hawaii,2009-08-01,0,1
HIHWNMS,hawaii,2009-09-01,0,1
HIHWNMS,hawaii,2009-10-01,0,1
HIHWNMS,hawaii,2009-11-01,0,1
HIHWNMS,hawaii,2009-12-01,0,0
HIHWNMS,hawaii,2010-01-01,0,0
HIHWNMS,hawaii,2010-02-01,0,0
HIHWNMS,hawaii,2010-03-01,0,0
HIHWNMS,hawaii,2010-04-01,0,0
HIHWNMS,hawaii,2010-05-01,0,0
HIHWNMS,hawaii,2010-06-01,0,0
HIHWNMS,hawaii,2010-07-01,0,0
HIHWNMS,hawaii,2010-08-01,0,0
HIHWNMS,hawaii,2010-09-01,0,0
HIHWNMS,hawaii,2010-10-01,0,0
HIHWNMS,hawaii,2010-11-01,0,0
HIHWNMS,hawaii,2010-12-01,0,0
HIHWNMS,hawaii,2011-01-01,0,0
HIHWNMS,hawaii,2011-02-01,0,0
HIHWNMS,hawaii,2011-03-01,0,0
HIHWNMS,hawaii,2011-04-01,0,0
HIHWNMS,hawaii,2011-05-01,0,0
HIHWNMS,hawaii,2011-06-01,0,0
HIHWNMS,hawaii,2011-07-01,0,0
HIHWNMS,hawaii,2011-08-01,0,0
HIHWNMS,hawaii,2011-09-01,0,0
HIHWNMS,hawaii,2011-10-01,0,0
HIHWNMS,hawaii,2011-11-01,0,0
HIHWNMS,hawaii,2011-12-01,0,0
HIHWNMS,hawaii,2012-01-01,0,0
HIHWNMS,hawaii,2012-02-01,0,0
HIHWNMS,hawaii,2012-03-01,0,0
HIHWNMS,hawaii,2012-04-01,0,0
HIHWNMS,hawaii,2012-05-01,0,0
HIHWNMS,hawaii,2012-06-01,0,0
HIHWNMS,hawaii,2012-07-01,0,0
HIHWNMS,hawaii,2012-08-01,0,0
HIHWNMS,hawaii,2012-09-01,0,0
HIHWNMS,hawaii,2012-10-01,0,0
HIHWNMS,hawaii,2012-11-01,0,0
HIHWNMS,hawaii,2012-12-01,0,0
HIHWNMS,hawaii,2013-01-01,0,0
HIHWNMS,hawaii,2013-02-01,0,0
HIHWNMS,hawaii,2013-03-01,0,0
HIHWNMS,hawaii,2013-04-01,0,0
HIHWNMS,hawaii,2013-05-01,0,0
HIHWNMS,hawaii,2013-06-01,0,0
HIHWNMS,hawaii,2013-07-01,0,1
HIHWNMS,hawaii,2013-08-01,0,1
HIHWNMS,hawaii,2013-09-01,0,1
HIHWNMS,hawaii,2013-10-01,0,1
HIHWNMS,hawaii,2013-11-01,0,1
HIHWNMS,hawaii,2013-12-01,0,0
HIHWNMS,hawaii,2014-01-01,0,0
HIHWNMS,hawaii,2014-02-01,0,0
HIHWNMS,hawaii,2014-03-01,0,0
HIHWNMS,hawaii,2014-04-01,0,0
HIHWNMS,hawaii,2014-05-01,0,0
HIHWNMS,hawaii,2014-06-01,0,0
HIHWNMS,hawaii,2014-07-01,0,0
HIHWNMS,hawaii,2014-08-01,0,1
HIHWNMS,hawaii,2014-09-01,1.98,2
HIHWNMS,hawaii,2014-10-01,4.451,3
HIHWNMS,hawaii,2014-11-01,4.451,1
HIHWNMS,hawaii,2014-12-01,4.451,0
HIHWNMS,hawaii,2015-01-01,0.803,0
HIHWNMS,hawaii,2015-02-01,0,0
HIHWNMS,hawaii,2015-03-01,0,0
HIHWNMS,hawaii,2015-04-01,0,0
HIHWNMS,hawaii,2015-05-01,0,0
HIHWNMS,hawaii,2015-06-01,0,0
HIHWNMS,hawaii,2015-07-01,0,1
HIHWNMS,hawaii,2015-08-01,3.019,2
HIHWNMS,hawaii,2015-09-01,10.683,4
HIHWNMS,hawaii,2015-10-01,12.511,4
HIHWNMS,hawaii,2015-11-01,12.511,1
HIHWNMS,hawaii,2015-12-01,7.337,0
HIHWNMS,hawaii,2016-01-01,1.361,0
HIHWNMS,hawaii,2016-02-01,0,0
HIHWNMS,hawaii,2016-03-01,0,0
HIHWNMS,hawaii,2016-04-01,0,0
HIHWNMS,hawaii,2016-05-01,0,0
HIHWNMS,hawaii,2016-06-01,0,0
HIHWNMS,hawaii,2016-07-01,0,1
HIHWNMS,hawaii,2016-08-01,0,1
HIHWNMS,hawaii,2016-09-01,0,1
HIHWNMS,hawaii,2016-10-01,0,1
HIHWNMS,hawaii,2016-11-01,0,1
HIHWNMS,hawaii,2016-12-01,0,0
HIHWNMS,hawaii,2017-01-01,0,0
HIHWNMS,hawaii,2017-02-01,0,0
HIHWNMS,hawaii,2017-03-01,0,0
HIHWNMS,hawaii,2017-04-01,0,0
HIHWNMS,hawaii,2017-05-01,0,0
HIHWNMS,hawaii,2017-06-01,0,0
HIHWNMS,hawaii,2017-07-01,0,1
HIHWNMS,hawaii,2017-08-01,0,1
HIHWNMS,hawaii,2017-09-01,1.287,2
HIHWNMS,hawaii,2017-10-01,1.287,1
HIHWNMS,hawaii,2017-11-01,1.287,1
HIHWNMS,hawaii,2017-12-01,1.001,0
HIHWNMS,hawaii,2018-01-01,0,0
HIHWNMS,hawaii,2018-02-01,0,0
HIHWNMS,hawaii,2018-03-01,0,0
HIHWNMS,hawaii,2018-04-01,0,0
HIHWNMS,hawaii,2018-05-01,0,0
HIHWNMS,hawaii,2018-06-01,0,0
HIHWNMS,hawaii,2018-07-01,0,1
HIHWNMS,hawaii,2018-08-01,0,1
HIHWNMS,hawaii,2018-09-01,0.147,2
HIHWNMS,hawaii,2018-10-01,0.147,2
HIHWNMS,hawaii,2018-11-01,0.147,1
HIHWNMS,hawaii,2018-12-01,0.147,0
HIHWNMS,hawaii,2019-01-01,0,0
HIHWNMS,hawaii,2019-02-01,0,0
HIHWNMS,hawaii,2019-03-01,0,0
HIHWNMS,hawaii,2019-04-01,0,0
HIHWNMS,hawaii,2019-05-01,0,0
HIHWNMS,hawaii,2019-06-01,0,1
HIHWNMS,hawaii,2019-07-01,0,1
HIHWNMS,hawaii,2019-08-01,4.28,3
HIHWNMS,hawaii,2019-09-01,9.699,4
HIHWNMS,hawaii,2019-10-01,13.611,4
HIHWNMS,hawaii,2019-11-01,13.467,1
HIHWNMS,hawaii,2019-12-01,7.706,1
HIHWNMS,hawaii,2020-01-01,2.363,0
HIHWNMS,hawaii,2020-02-01,0,0
HIHWNMS,hawaii,2020-03-01,0,0
HIHWNMS,hawaii,2020-04-01,0,0
HIHWNMS,hawaii,2020-05-01,0,0
HIHWNMS,hawaii,2020-06-01,0,0
HIHWNMS,hawaii,2020-07-01,0,1
HIHWNMS,hawaii,2020-08-01,0,1
HIHWNMS,hawaii,2020-09-01,0,1
HIHWNMS,hawaii,2020-10-01,0.466,2
HIHWNMS,hawaii,2020-11-01,0.466,1
HIHWNMS,hawaii,2020-12-01,0.466,0
HIHWNMS,hawaii,2021-01-01,0,0
HIHWNMS,hawaii,2021-02-01,0,0
HIHWNMS,hawaii,2021-03-01,0,0
HIHWNMS,hawaii,2021-04-01,0,0
HIHWNMS,hawaii,2021-05-01,0,0
HIHWNMS,hawaii,2021-06-01,0,0
HIHWNMS,hawaii,2021-07-01,0,0
HIHWNMS,hawaii,2021-08-01,0,1
HIHWNMS,hawaii,2021-09-01,0,1
HIHWNMS,hawaii,2021-10-01,0,0
HIHWNMS,hawaii,2021-11-01,0,0
HIHWNMS,hawaii,2021-12-01,0,0
HIHWNMS,hawaii,2022-01-01,0,0
HIHWNMS,hawaii,2022-02-01,0,0
HIHWNMS,hawaii,2022-03-01,0,0
HIHWNMS,hawaii,2022-04-01,0,0
HIHWNMS,hawaii,2022-05-01,0,0
HIHWNMS,hawaii,2022-06-01,0,0
HIHWNMS,hawaii,2022-07-01,0,0
HIHWNMS,hawaii,2022-08-01,0,1
HIHWNMS,hawaii,2022-09-01,0,1
HIHWNMS,hawaii,2022-10-01,0,1
HIHWNMS,hawaii,2022-11-01,0,1
HIHWNMS,hawaii,2022-12-01,0,0
HIHWNMS,hawaii,2023-01-01,0,0
HIHWNMS,hawaii,2023-02-01,0,0
HIHWNMS,hawaii,2023-03-01,0,0
HIHWNMS,hawaii,2023-04-01,0,0
HIHWNMS,hawaii,2023-05-01,0,0
HIHWNMS,hawaii,2023-06-01,0,0
HIHWNMS,hawaii,2023-07-01,0,0
HIHWNMS,hawaii,2023-08-01,0,1
HIHWNMS,hawaii,2023-09-01,0,1
HIHWNMS,hawaii,2023-10-01,0,1
HIHWNMS,hawaii,2023-11-01,0,1
HIHWNMS,hawaii,2023-12-01,0,0
HIHWNMS,hawaii,2024-01-01,0,0
HIHWNMS,hawaii,2024-02-01,0,0
HIHWNMS,hawaii,2024-03-01,0,0
HIHWNMS,hawaii,2024-04-01,0,0
HIHWNMS,hawaii,2024-05-01,0,0
HIHWNMS,hawaii,2024-06-01,0,0
HIHWNMS,hawaii,2024-07-01,0,0
HIHWNMS,hawaii,2024-08-01,0,1
HIHWNMS,hawaii,2024-09-01,0,1
HIHWNMS,hawaii,2024-10-01,0,1
HIHWNMS,hawaii,2024-11-01,0,1
HIHWNMS,hawaii,2024-12-01,0,0
HIHWNMS,hawaii,2025-01-01,0,0
HIHWNMS,hawaii,2025-02-01,0,0
HIHWNMS,hawaii,2025-03-01,0,0
HIHWNMS,hawaii,2025-04-01,0,0
HIHWNMS,hawaii,2025-05-01,0,0
HIHWNMS,hawaii,2025-06-01,0,0
HIHWNMS,hawaii,2025-07-01,0,1
HIHWNMS,hawaii,2025-08-01,0,1
HIHWNMS,hawaii,2025-09-01,0,1
HIHWNMS,hawaii,2025-10-01,0,1
HIHWNMS,hawaii,2025-11-01,0,1
HIHWNMS,hawaii,2025-12-01,0,0
HIHWNMS,hawaii,2026-01-01,0,0
HIHWNMS,hawaii,2026-02-01,0,0
HIHWNMS,hawaii,2026-03-01,0,0
HIHWNMS,hawaii,2026-04-01,0,0
HIHWNMS,hawaii,2026-05-01,0,0
HIHWNMS,hawaii,2026-06-01,0,0
HIHWNMS,hawaii,2026-07-01,0,1
HIHWNMS,hawaii,2026-08-01,0,1
HIHWNMS,hawaii,2026-09-01,0.149,2
HIHWNMS,hawaii,2026-10-01,0.149,1
NMSAS,samoas,1985-01-01,0,0
NMSAS,samoas,1985-02-01,0,0
NMSAS,samoas,1985-03-01,0,1
NMSAS,samoas,1985-04-01,0,1
NMSAS,samoas,1985-05-01,0,1
NMSAS,samoas,1985-06-01,0,1
NMSAS,samoas,1985-07-01,0,1
NMSAS,samoas,1985-08-01,0,0
NMSAS,samoas,1985-09-01,0,0
NMSAS,samoas,1985-10-01,0,0
NMSAS,samoas,1985-11-01,0,0
NMSAS,samoas,1985-12-01,0.164,2
NMSAS,samoas,1986-01-01,0.164,1
NMSAS,samoas,1986-02-01,0.164,1
NMSAS,samoas,1986-03-01,0.164,1
NMSAS,samoas,1986-04-01,1.253,2
NMSAS,samoas,1986-05-01,1.253,1
NMSAS,samoas,1986-06-01,1.253,1
NMSAS,samoas,1986-07-01,0,0
NMSAS,samoas,1986-08-01,0,0
NMSAS,samoas,1986-09-01,0,1
NMSAS,samoas,1986-10-01,0,0
NMSAS,samoas,1986-11-01,0,1
NMSAS,samoas,1986-12-01,0,1
NMSAS,samoas,1987-01-01,0,1
NMSAS,samoas,1987-02-01,0,1
NMSAS,samoas,1987-03-01,0,1
NMSAS,samoas,1987-04-01,0,1
NMSAS,samoas,1987-05-01,0,0
NMSAS,samoas,1987-06-01,0,0
NMSAS,samoas,1987-07-01,0,0
NMSAS,samoas,1987-08-01,0,0
NMSAS,samoas,1987-09-01,0,0
NMSAS,samoas,1987-10-01,0,0
NMSAS,samoas,1987-11-01,0,1
NMSAS,samoas,1987-12-01,0,1
NMSAS,samoas,1988-01-01,0.146,2
NMSAS,samoas,1988-02-01,0.946,2
NMSAS,samoas,1988-03-01,1.27,2
NMSAS,samoas,1988-04-01,1.27,1
NMSAS,samoas,1988-05-01,1.124,1
NMSAS,samoas,1988-06-01,0.177,1
NMSAS,samoas,1988-07-01,0,0
NMSAS,samoas,1988-08-01,0,0
NMSAS,samoas,1988-09-01,0,0
NMSAS,samoas,1988-10-01,0,0
NMSAS,samoas,1988-11-01,0,1
NMSAS,samoas,1988-12-01,0,1
NMSAS,samoas,1989-01-01,0,1
NMSAS,samoas,1989-02-01,0,1
NMSAS,samoas,1989-03-01,0,1
NMSAS,samoas,1989-04-01,0,1
NMSAS,samoas,1989-05-01,0,1
NMSAS,samoas,1989-06-01,0,1
NMSAS,samoas,1989-07-01,0,0
NMSAS,samoas,1989-08-01,0,0
NMSAS,samoas,1989-09-01,0,0
NMSAS,samoas,1989-10-01,0,0
NMSAS,samoas,1989-11-01,0,1
NMSAS,samoas,1989-12-01,0,1
NMSAS,samoas,1990-01-01,0,1
NMSAS,samoas,1990-02-01,0,1
NMSAS,samoas,1990-03-01,0,1
NMSAS,samoas,1990-04-01,0,1
NMSAS,samoas,1990-05-01,0,1
NMSAS,samoas,1990-06-01,0,0
NMSAS,samoas,1990-07-01,0,0
NMSAS,samoas,1990-08-01,0,0
NMSAS,samoas,1990-09-01,0,0
NMSAS,samoas,1990-10-01,0,1
NMSAS,samoas,1990-11-01,0,1
NMSAS,samoas,1990-12-01,0,1
NMSAS,samoas,1991-01-01,1.291,2
NMSAS,samoas,1991-02-01,2.01,2
NMSAS,samoas,1991-03-01,2.304,2
NMSAS,samoas,1991-04-01,2.616,2
NMSAS,samoas,1991-05-01,3.97,2
NMSAS,samoas,1991-06-01,3.97,1
NMSAS,samoas,1991-07-01,3.833,2
NMSAS,samoas,1991-08-01,1.889,1
NMSAS,samoas,1991-09-01,0.157,1
NMSAS,samoas,1991-10-01,0,1
NMSAS,samoas,1991-11-01,0,1
NMSAS,samoas,1991-12-01,0,1
NMSAS,samoas,1992-01-01,0,1
NMSAS,samoas,1992-02-01,0.147,2
NMSAS,samoas,1992-03-01,0.309,2
NMSAS,samoas,1992-04-01,0.471,2
NMSAS,samoas,1992-05-01,0.636,2
NMSAS,samoas,1992-06-01,0.636,1
NMSAS,samoas,1992-07-01,0.474,1
NMSAS,samoas,1992-08-01,0.311,1
NMSAS,samoas,1992-09-01,0,0
NMSAS,samoas,1992-10-01,0,1
NMSAS,samoas,1992-11-01,0,1
NMSAS,samoas,1992-12-01,0,1
NMSAS,samoas,1993-01-01,0.447,2
NMSAS,samoas,1993-02-01,1.481,2
NMSAS,samoas,1993-03-01,2.253,2
NMSAS,samoas,1993-04-01,2.396,2
NMSAS,samoas,1993-05-01,3.047,2
NMSAS,samoas,1993-06-01,2.013,1
NMSAS,samoas,1993-07-01,1.099,0
NMSAS,samoas,1993-08-01,0,0
NMSAS,samoas,1993-09-01,0,0
NMSAS,samoas,1993-10-01,0,0
NMSAS,samoas,1993-11-01,0,1
NMSAS,samoas,1993-12-01,0.163,2
NMSAS,samoas,1994-01-01,1.146,2
NMSAS,samoas,1994-02-01,3.294,2
NMSAS,samoas,1994-03-01,7.287,3
NMSAS,samoas,1994-04-01,8.613,4
NMSAS,samoas,1994-05-01,8.44,4
NMSAS,samoas,1994-06-01,4.983,1
NMSAS,samoas,1994-07-01,1.407,0
NMSAS,samoas,1994-08-01,0,0
NMSAS,samoas,1994-09-01,0,0
NMSAS,samoas,1994-10-01,0,1
NMSAS,samoas,1994-11-01,0,1
NMSAS,samoas,1994-12-01,0,1
NMSAS,samoas,1995-01-01,0,1
NMSAS,samoas,1995-02-01,1.887,2
NMSAS,samoas,1995-03-01,2.581,2
NMSAS,samoas,1995-04-01,3.166,2
NMSAS,samoas,1995-05-01,3.391,2
NMSAS,samoas,1995-06-01,2.886,1
NMSAS,samoas,1995-07-01,1.903,0
NMSAS,samoas,1995-08-01,0.149,0
NMSAS,samoas,1995-09-01,0,0
NMSAS,samoas,1995-10-01,0,0
NMSAS,samoas,1995-11-01,0,1
NMSAS,samoas,1995-12-01,0,1
NMSAS,samoas,1996-01-01,0,1
NMSAS,samoas,1996-02-01,0,1
NMSAS,samoas,1996-03-01,0.603,2
NMSAS,samoas,1996-04-01,0.603,1
NMSAS,samoas,1996-05-01,0.603,1
NMSAS,samoas,1996-06-01,0,1
NMSAS,samoas,1996-07-01,0,0
NMSAS,samoas,1996-08-01,0,0
NMSAS,samoas,1996-09-01,0,0
NMSAS,samoas,1996-10-01,0,0
NMSAS,samoas,1996-11-01,0,1
NMSAS,samoas,1996-12-01,0,1
NMSAS,samoas,1997-01-01,0,1
NMSAS,samoas,1997-02-01,0,1
NMSAS,samoas,1997-03-01,0,1
NMSAS,samoas,1997-04-01,0,1
NMSAS,samoas,1997-05-01,0,1
NMSAS,samoas,1997-06-01,0,1
NMSAS,samoas,1997-07-01,0,0
NMSAS,samoas,1997-08-01,0,0
NMSAS,samoas,1997-09-01,0,0
NMSAS,samoas,1997-10-01,0,0
NMSAS,samoas,1997-11-01,0,1
NMSAS,samoas,1997-12-01,0,0
NMSAS,samoas,1998-01-01,0,1
NMSAS,samoas,1998-02-01,0,1
NMSAS,samoas,1998-03-01,0,1
NMSAS,samoas,1998-04-01,0,1
NMSAS,samoas,1998-05-01,0,0
NMSAS,samoas,1998-06-01,0,0
NMSAS,samoas,1998-07-01,0,0
NMSAS,samoas,1998-08-01,0,0
NMSAS,samoas,1998-09-01,0,0
NMSAS,samoas,1998-10-01,0,1
NMSAS,samoas,1998-11-01,0,1
NMSAS,samoas,1998-12-01,0.314,2
NMSAS,samoas,1999-01-01,0.314,1
NMSAS,samoas,1999-02-01,0.314,1
NMSAS,samoas,1999-03-01,0.29,2
NMSAS,samoas,1999-04-01,0.29,1
NMSAS,samoas,1999-05-01,0.29,1
NMSAS,samoas,1999-06-01,0.29,1
NMSAS,samoas,1999-07-01,0,0
NMSAS,samoas,1999-08-01,0,0
NMSAS,samoas,1999-09-01,0,0
NMSAS,samoas,1999-10-01,0,0
NMSAS,samoas,1999-11-01,0,0
NMSAS,samoas,1999-12-01,0.144,2
NMSAS,samoas,2000-01-01,0.144,1
NMSAS,samoas,2000-02-01,0.144,1
NMSAS,samoas,2000-03-01,0.144,1
NMSAS,samoas,2000-04-01,0,1
NMSAS,samoas,2000-05-01,0,1
NMSAS,samoas,2000-06-01,0,0
NMSAS,samoas,2000-07-01,0,0
NMSAS,samoas,2000-08-01,0,0
NMSAS,samoas,2000-09-01,0,0
NMSAS,samoas,2000-10-01,0,0
NMSAS,samoas,2000-11-01,0,1
NMSAS,samoas,2000-12-01,0.169,2
NMSAS,samoas,2001-01-01,1.21,2
NMSAS,samoas,2001-02-01,2.044,2
NMSAS,samoas,2001-03-01,2.494,2
NMSAS,samoas,2001-04-01,3.451,2
NMSAS,samoas,2001-05-01,2.556,2
NMSAS,samoas,2001-06-01,1.881,1
NMSAS,samoas,2001-07-01,0.294,0
NMSAS,samoas,2001-08-01,0,0
NMSAS,samoas,2001-09-01,0,0
NMSAS,samoas,2001-10-01,0,0
NMSAS,samoas,2001-11-01,0,1
NMSAS,samoas,2001-12-01,0.154,2
NMSAS,samoas,2002-01-01,0.464,2
NMSAS,samoas,2002-02-01,1.701,2
NMSAS,samoas,2002-03-01,4.129,3
NMSAS,samoas,2002-04-01,4.916,3
NMSAS,samoas,2002-05-01,4.737,1
NMSAS,samoas,2002-06-01,3.229,1
NMSAS,samoas,2002-07-01,1.081,1
NMSAS,samoas,2002-08-01,0,0
NMSAS,samoas,2002-09-01,0,0
NMSAS,samoas,2002-10-01,0,1
NMSAS,samoas,2002-11-01,0.506,2
NMSAS,samoas,2002-12-01,0.664,2
NMSAS,samoas,2003-01-01,2.204,2
NMSAS,samoas,2003-02-01,4.011,3
NMSAS,samoas,2003-03-01,8.799,4
NMSAS,samoas,2003-04-01,10.059,4
NMSAS,samoas,2003-05-01,9.533,4
NMSAS,samoas,2003-06-01,6.486,1
NMSAS,samoas,2003-07-01,1.039,0
NMSAS,samoas,2003-08-01,0,0
NMSAS,samoas,2003-09-01,0,0
NMSAS,samoas,2003-10-01,0,1
NMSAS,samoas,2003-11-01,0,1
NMSAS,samoas,2003-12-01,0.199,2
NMSAS,samoas,2004-01-01,0.199,1
NMSAS,samoas,2004-02-01,0.344,2
NMSAS,samoas,2004-03-01,1.146,2
NMSAS,samoas,2004-04-01,1.387,2
NMSAS,samoas,2004-05-01,1.387,1
NMSAS,samoas,2004-06-01,0.44,1
NMSAS,samoas,2004-07-01,0.289,1
NMSAS,samoas,2004-08-01,0,0
NMSAS,samoas,2004-09-01,0,0
NMSAS,samoas,2004-10-01,0,0
NMSAS,samoas,2004-11-01,0.296,2
NMSAS,samoas,2004-12-01,0.296,2
NMSAS,samoas,2005-01-01,1.233,2
NMSAS,samoas,2005-02-01,3.251,2
NMSAS,samoas,2005-03-01,3.109,2
NMSAS,samoas,2005-04-01,3.109,2
NMSAS,samoas,2005-05-01,1.677,1
NMSAS,samoas,2005-06-01,0.3,1
NMSAS,samoas,2005-07-01,0.147,0
NMSAS,samoas,2005-08-01,0,0
NMSAS,samoas,2005-09-01,0,0
NMSAS,samoas,2005-10-01,0,1
NMSAS,samoas,2005-11-01,0.77,2
NMSAS,samoas,2005-12-01,2.133,2
NMSAS,samoas,2006-01-01,2.133,2
NMSAS,samoas,2006-02-01,2.133,1
NMSAS,samoas,2006-03-01,0.749,1
NMSAS,samoas,2006-04-01,0.144,2
NMSAS,samoas,2006-05-01,0.144,2
NMSAS,samoas,2006-06-01,0.144,1
NMSAS,samoas,2006-07-01,0.144,0
NMSAS,samoas,2006-08-01,0,0
NMSAS,samoas,2006-09-01,0,0
NMSAS,samoas,2006-10-01,0,1
NMSAS,samoas,2006-11-01,0,1
NMSAS,samoas,2006-12-01,0.494,2
NMSAS,samoas,2007-01-01,0.65,2
NMSAS,samoas,2007-02-01,2.147,2
NMSAS,samoas,2007-03-01,2.439,2
NMSAS,samoas,2007-04-01,4.056,3
NMSAS,samoas,2007-05-01,4.056,3
NMSAS,samoas,2007-06-01,2.41,1
NMSAS,samoas,2007-07-01,2.119,1
NMSAS,samoas,2007-08-01,0,1
NMSAS,samoas,2007-09-01,0,1
NMSAS,samoas,2007-10-01,0,1
NMSAS,samoas,2007-11-01,0,1
NMSAS,samoas,2007-12-01,0,1
NMSAS,samoas,2008-01-01,0,1
NMSAS,samoas,2008-02-01,0,1
NMSAS,samoas,2008-03-01,0,1
NMSAS,samoas,2008-04-01,0,1
NMSAS,samoas,2008-05-01,0,1
NMSAS,samoas,2008-06-01,0,1
NMSAS,samoas,2008-07-01,0,0
NMSAS,samoas,2008-08-01,0,0
NMSAS,samoas,2008-09-01,0,0
NMSAS,samoas,2008-10-01,0,0
NMSAS,samoas,2008-11-01,0,1
NMSAS,samoas,2008-12-01,0,1
NMSAS,samoas,2009-01-01,0,1
NMSAS,samoas,2009-02-01,0,1
NMSAS,samoas,2009-03-01,2.949,2
NMSAS,samoas,2009-04-01,2.949,2
NMSAS,samoas,2009-05-01,2.949,1
NMSAS,samoas,2009-06-01,2.949,1
NMSAS,samoas,2009-07-01,0,0
NMSAS,samoas,2009-08-01,0,0
NMSAS,samoas,2009-09-01,0,0
NMSAS,samoas,2009-10-01,0,0
NMSAS,samoas,2009-11-01,0,1
NMSAS,samoas,2009-12-01,0,1
NMSAS,samoas,2010-01-01,1.089,2
NMSAS,samoas,2010-02-01,1.089,2
NMSAS,samoas,2010-03-01,2.677,2
NMSAS,samoas,2010-04-01,4.707,3
NMSAS,samoas,2010-05-01,4.524,3
NMSAS,samoas,2010-06-01,3.887,1
NMSAS,samoas,2010-07-01,1.536,1
NMSAS,samoas,2010-08-01,0.614,0
NMSAS,samoas,2010-09-01,0,0
NMSAS,samoas,2010-10-01,0,0
NMSAS,samoas,2010-11-01,0,1
NMSAS,samoas,2010-12-01,0,1
NMSAS,samoas,2011-01-01,0,1
NMSAS,samoas,2011-02-01,0,1
NMSAS,samoas,2011-03-01,0,1
NMSAS,samoas,2011-04-01,0,1
NMSAS,samoas,2011-05-01,0,1
NMSAS,samoas,2011-06-01,0,1
NMSAS,samoas,2011-07-01,0,0
NMSAS,samoas,2011-08-01,0,0
NMSAS,samoas,2011-09-01,0,0
NMSAS,samoas,2011-10-01,0,1
NMSAS,samoas,2011-11-01,0,1
NMSAS,samoas,2011-12-01,0,1
NMSAS,samoas,2012-01-01,0,1
NMSAS,samoas,2012-02-01,0,1
NMSAS,samoas,2012-03-01,0,1
NMSAS,samoas,2012-04-01,0,1
NMSAS,samoas,2012-05-01,0,1
NMSAS,samoas,2012-06-01,0,1
NMSAS,samoas,2012-07-01,0,0
NMSAS,samoas,2012-08-01,0,0
NMSAS,samoas,2012-09-01,0,1
NMSAS,samoas,2012-10-01,0,1
NMSAS,samoas,2012-11-01,0,1
NMSAS,samoas,2012-12-01,0.313,2
NMSAS,samoas,2013-01-01,0.313,1
NMSAS,samoas,2013-02-01,0.313,1
NMSAS,samoas,2013-03-01,0,1
NMSAS,samoas,2013-04-01,1.891,2
NMSAS,samoas,2013-05-01,1.891,1
NMSAS,samoas,2013-06-01,1.891,1
NMSAS,samoas,2013-07-01,0.607,1
NMSAS,samoas,2013-08-01,0,0
NMSAS,samoas,2013-09-01,0,1
NMSAS,samoas,2013-10-01,0,0
NMSAS,samoas,2013-11-01,0,1
NMSAS,samoas,2013-12-01,0,1
NMSAS,samoas,2014-01-01,0.154,2
NMSAS,samoas,2014-02-01,2.793,2
NMSAS,samoas,2014-03-01,4.34,3
NMSAS,samoas,2014-04-01,4.649,3
NMSAS,samoas,2014-05-01,4.32,1
NMSAS,samoas,2014-06-01,1.704,1
NMSAS,samoas,2014-07-01,0,0
NMSAS,samoas,2014-08-01,0,0
NMSAS,samoas,2014-09-01,0,0
NMSAS,samoas,2014-10-01,0,1
NMSAS,samoas,2014-11-01,0,1
NMSAS,samoas,2014-12-01,0,1
NMSAS,samoas,2015-01-01,3.117,2
NMSAS,samoas,2015-02-01,5.576,3
NMSAS,samoas,2015-03-01,11.199,4
NMSAS,samoas,2015-04-01,12.044,4
NMSAS,samoas,2015-05-01,9.5,4
NMSAS,samoas,2015-06-01,5.596,1
NMSAS,samoas,2015-07-01,0.746,0
NMSAS,samoas,2015-08-01,0,0
NMSAS,samoas,2015-09-01,0,0
NMSAS,samoas,2015-10-01,0,0
NMSAS,samoas,2015-11-01,0,1
NMSAS,samoas,2015-12-01,0,1
NMSAS,samoas,2016-01-01,0,1
NMSAS,samoas,2016-02-01,1.301,2
NMSAS,samoas,2016-03-01,4.303,3
NMSAS,samoas,2016-04-01,7.514,3
NMSAS,samoas,2016-05-01,7.514,1
NMSAS,samoas,2016-06-01,6.213,1
NMSAS,samoas,2016-07-01,1.5,0
NMSAS,samoas,2016-08-01,0,0
NMSAS,samoas,2016-09-01,0,1
NMSAS,samoas,2016-10-01,0,1
NMSAS,samoas,2016-11-01,0.156,2
NMSAS,samoas,2016-12-01,4.43,3
NMSAS,samoas,2017-01-01,9.229,4
NMSAS,samoas,2017-02-01,12.173,4
NMSAS,samoas,2017-03-01,11.959,4
NMSAS,samoas,2017-04-01,12.136,4
NMSAS,samoas,2017-05-01,9.579,4
NMSAS,samoas,2017-06-01,7.681,1
NMSAS,samoas,2017-07-01,3.413,1
NMSAS,samoas,2017-08-01,0,0
NMSAS,samoas,2017-09-01,0,0
NMSAS,samoas,2017-10-01,0,0
NMSAS,samoas,2017-11-01,0,1
NMSAS,samoas,2017-12-01,0,1
NMSAS,samoas,2018-01-01,0.469,2
NMSAS,samoas,2018-02-01,0.469,1
NMSAS,samoas,2018-03-01,0.469,1
NMSAS,samoas,2018-04-01,0.167,1
NMSAS,samoas,2018-05-01,0,1
NMSAS,samoas,2018-06-01,0,1
NMSAS,samoas,2018-07-01,0,1
NMSAS,samoas,2018-08-01,0,0
NMSAS,samoas,2018-09-01,0,0
NMSAS,samoas,2018-10-01,0,1
NMSAS,samoas,2018-11-01,0,1
NMSAS,samoas,2018-12-01,0,1
NMSAS,samoas,2019-01-01,2.754,2
NMSAS,samoas,2019-02-01,6.277,3
NMSAS,samoas,2019-03-01,7.509,3
NMSAS,samoas,2019-04-01,9.226,4
NMSAS,samoas,2019-05-01,9.311,4
NMSAS,samoas,2019-06-01,7.759,1
NMSAS,samoas,2019-07-01,5.11,1
NMSAS,samoas,2019-08-01,0,0
NMSAS,samoas,2019-09-01,0,0
NMSAS,samoas,2019-10-01,0,0
NMSAS,samoas,2019-11-01,0,1
NMSAS,samoas,2019-12-01,0,1
NMSAS,samoas,2020-01-01,0,1
NMSAS,samoas,2020-02-01,0,1
NMSAS,samoas,2020-03-01,2.38,2
NMSAS,samoas,2020-04-01,7.736,3
NMSAS,samoas,2020-05-01,11.117,4
NMSAS,samoas,2020-06-01,11.117,4
NMSAS,samoas,2020-07-01,7.141,1
NMSAS,samoas,2020-08-01,2.461,0
NMSAS,samoas,2020-09-01,0,0
NMSAS,samoas,2020-10-01,0,1
NMSAS,samoas,2020-11-01,0,1
NMSAS,samoas,2020-12-01,0,1
NMSAS,samoas,2021-01-01,0,1
NMSAS,samoas,2021-02-01,0,1
NMSAS,samoas,2021-03-01,0.299,2
NMSAS,samoas,2021-04-01,0.299,1
NMSAS,samoas,2021-05-01,0.299,1
NMSAS,samoas,2021-06-01,0.299,1
NMSAS,samoas,2021-07-01,0,0
NMSAS,samoas,2021-08-01,0,0
NMSAS,samoas,2021-09-01,0,0
NMSAS,samoas,2021-10-01,0,0
NMSAS,samoas,2021-11-01,0,1
NMSAS,samoas,2021-12-01,0,1
NMSAS,samoas,2022-01-01,0,1
NMSAS,samoas,2022-02-01,0,1
NMSAS,samoas,2022-03-01,0,1
NMSAS,samoas,2022-04-01,0,1
NMSAS,samoas,2022-05-01,0,1
NMSAS,samoas,2022-06-01,0,1
NMSAS,samoas,2022-07-01,0,0
NMSAS,samoas,2022-08-01,0,0
NMSAS,samoas,2022-09-01,0,0
NMSAS,samoas,2022-10-01,0,0
NMSAS,samoas,2022-11-01,0,1
NMSAS,samoas,2022-12-01,0,1
NMSAS,samoas,2023-01-01,0,1
NMSAS,samoas,2023-02-01,0,1
NMSAS,samoas,2023-03-01,0.456,2
NMSAS,samoas,2023-04-01,2.234,2
NMSAS,samoas,2023-05-01,2.234,1
NMSAS,samoas,2023-06-01,2.069,1
NMSAS,samoas,2023-07-01,0.433,1
NMSAS,samoas,2023-08-01,0,0
NMSAS,samoas,2023-09-01,0,0
NMSAS,samoas,2023-10-01,0,0
NMSAS,samoas,2023-11-01,0,1
NMSAS,samoas,2023-12-01,0,1
NMSAS,samoas,2024-01-01,4.796,3
NMSAS,samoas,2024-02-01,7.583,3
NMSAS,samoas,2024-03-01,13.971,4
NMSAS,samoas,2024-04-01,15.923,4
NMSAS,samoas,2024-05-01,19.276,4
NMSAS,samoas,2024-06-01,19.271,4
NMSAS,samoas,2024-07-01,11.76,1
NMSAS,samoas,2024-08-01,4.409,0
NMSAS,samoas,2024-09-01,0,0
NMSAS,samoas,2024-10-01,0,0
NMSAS,samoas,2024-11-01,0,1
NMSAS,samoas,2024-12-01,0.827,2
NMSAS,samoas,2025-01-01,1.69,2
NMSAS,samoas,2025-02-01,3.847,2
NMSAS,samoas,2025-03-01,3.847,2
NMSAS,samoas,2025-04-01,5.286,3
NMSAS,samoas,2025-05-01,4.783,1
NMSAS,samoas,2025-06-01,3.129,1
NMSAS,samoas,2025-07-01,1.376,0
NMSAS,samoas,2025-08-01,0,0
NMSAS,samoas,2025-09-01,0,0
NMSAS,samoas,2025-10-01,0,0
NMSAS,samoas,2025-11-01,0,1
NMSAS,samoas,2025-12-01,0.616,2
NMSAS,samoas,2026-01-01,2.284,2
NMSAS,samoas,2026-02-01,2.284,1
NMSAS,samoas,2026-03-01,2.284,2
NMSAS,samoas,2026-04-01,5.18,3
NMSAS,samoas,2026-05-01,8.086,4
NMSAS,samoas,2026-06-01,8.086,1
NMSAS,samoas,2026-07-01,6.814,0
NMSAS,samoas,2026-08-01,1.474,0
NMSAS,samoas,2026-09-01,0,0
NMSAS,samoas,2026-10-01,0,0
FGBNMS,flower_garden,1985-01-01,0,0
FGBNMS,flower_garden,1985-02-01,0,0
FGBNMS,flower_garden,1985-03-01,0,0
FGBNMS,flower_garden,1985-04-01,0,0
FGBNMS,flower_garden,1985-05-01,0,0
FGBNMS,flower_garden,1985-06-01,0,0
FGBNMS,flower_garden,1985-07-01,0,1
FGBNMS,flower_garden,1985-08-01,0,1
FGBNMS,flower_garden,1985-09-01,0,1
FGBNMS,flower_garden,1985-10-01,0,0
FGBNMS,flower_garden,1985-11-01,0,0
FGBNMS,flower_garden,1985-12-01,0,0
FGBNMS,flower_garden,1986-01-01,0,0
FGBNMS,flower_garden,1986-02-01,0,0
FGBNMS,flower_garden,1986-03-01,0,0
FGBNMS,flower_garden,1986-04-01,0,0
FGBNMS,flower_garden,1986-05-01,0,0
FGBNMS,flower_garden,1986-06-01,0,0
FGBNMS,flower_garden,1986-07-01,0,1
FGBNMS,flower_garden,1986-08-01,0,1
FGBNMS,flower_garden,1986-09-01,0,0
FGBNMS,flower_garden,1986-10-01,0,0
FGBNMS,flower_garden,1986-11-01,0,0
FGBNMS,flower_garden,1986-12-01,0,0
FGBNMS,flower_garden,1987-01-01,0,0
FGBNMS,flower_garden,1987-02-01,0,0
FGBNMS,flower_garden,1987-03-01,0,0
FGBNMS,flower_garden,1987-04-01,0,0
FGBNMS,flower_garden,1987-05-01,0,0
FGBNMS,flower_garden,1987-06-01,0,1
FGBNMS,flower_garden,1987-07-01,0,1
FGBNMS,flower_garden,1987-08-01,0,1
FGBNMS,flower_garden,1987-09-01,0,1
FGBNMS,flower_garden,1987-10-01,0,0
FGBNMS,flower_garden,1987-11-01,0,0
FGBNMS,flower_garden,1987-12-01,0,0
FGBNMS,flower_garden,1988-01-01,0,0
FGBNMS,flower_garden,1988-02-01,0,0
FGBNMS,flower_garden,1988-03-01,0,0
FGBNMS,flower_garden,1988-04-01,0,0
FGBNMS,flower_garden,1988-05-01,0,0
FGBNMS,flower_garden,1988-06-01,0,0
FGBNMS,flower_garden,1988-07-01,0,1
FGBNMS,flower_garden,1988-08-01,0.161,2
FGBNMS,flower_garden,1988-09-01,0.161,1
FGBNMS,flower_garden,1988-10-01,0.161,0
FGBNMS,flower_garden,1988-11-01,0.161,0
FGBNMS,flower_garden,1988-12-01,0,0
FGBNMS,flower_garden,1989-01-01,0,0
FGBNMS,flower_garden,1989-02-01,0,0
FGBNMS,flower_garden,1989-03-01,0,0
FGBNMS,flower_garden,1989-04-01,0,0
FGBNMS,flower_garden,1989-05-01,0,0
FGBNMS,flower_garden,1989-06-01,0,0
FGBNMS,flower_garden,1989-07-01,0,1
FGBNMS,flower_garden,1989-08-01,0,1
FGBNMS,flower_garden,1989-09-01,0.164,2
FGBNMS,flower_garden,1989-10-01,0.164,0
FGBNMS,flower_garden,1989-11-01,0.164,0
FGBNMS,flower_garden,1989-12-01,0.164,0
FGBNMS,flower_garden,1990-01-01,0,0
FGBNMS,flower_garden,1990-02-01,0,0
FGBNMS,flower_garden,1990-03-01,0,0
FGBNMS,flower_garden,1990-04-01,0,0
FGBNMS,flower_garden,1990-05-01,0,0
FGBNMS,flower_garden,1990-06-01,0.311,2
FGBNMS,flower_garden,1990-07-01,0.311,1
FGBNMS,flower_garden,1990-08-01,1.533,2
FGBNMS,flower_garden,1990-09-01,1.533,2
FGBNMS,flower_garden,1990-10-01,1.221,1
FGBNMS,flower_garden,1990-11-01,0.713,0
FGBNMS,flower_garden,1990-12-01,0,0
FGBNMS,flower_garden,1991-01-01,0,0
FGBNMS,flower_garden,1991-02-01,0,0
FGBNMS,flower_garden,1991-03-01,0,0
FGBNMS,flower_garden,1991-04-01,0,0
FGBNMS,flower_garden,1991-05-01,0,0
FGBNMS,flower_garden,1991-06-01,0,1
FGBNMS,flower_garden,1991-07-01,3.581,2
FGBNMS,flower_garden,1991-08-01,5.627,3
FGBNMS,flower_garden,1991-09-01,5.627,1
FGBNMS,flower_garden,1991-10-01,5.627,0
FGBNMS,flower_garden,1991-11-01,0.639,0
FGBNMS,flower_garden,1991-12-01,0,0
FGBNMS,flower_garden,1992-01-01,0,0
FGBNMS,flower_garden,1992-02-01,0,0
FGBNMS,flower_garden,1992-03-01,0,0
FGBNMS,flower_garden,1992-04-01,0,0
FGBNMS,flower_garden,1992-05-01,0,0
FGBNMS,flower_garden,1992-06-01,0,1
FGBNMS,flower_garden,1992-07-01,0,1
FGBNMS,flower_garden,1992-08-01,0,1
FGBNMS,flower_garden,1992-09-01,0,1
FGBNMS,flower_garden,1992-10-01,0,0
FGBNMS,flower_garden,1992-11-01,0,0
FGBNMS,flower_garden,1992-12-01,0,0
FGBNMS,flower_garden,1993-01-01,0,0
FGBNMS,flower_garden,1993-02-01,0,0
FGBNMS,flower_garden,1993-03-01,0,0
FGBNMS,flower_garden,1993-04-01,0,0
FGBNMS,flower_garden,1993-05-01,0,0
FGBNMS,flower_garden,1993-06-01,0,0
FGBNMS,flower_garden,1993-07-01,0.144,2
FGBNMS,flower_garden,1993-08-01,1.904,2
FGBNMS,flower_garden,1993-09-01,1.904,1
FGBNMS,flower_garden,1993-10-01,1.904,0
FGBNMS,flower_garden,1993-11-01,0.919,0
FGBNMS,flower_garden,1993-12-01,0,0
FGBNMS,flower_garden,1994-01-01,0,0
FGBNMS,flower_garden,1994-02-01,0,0
FGBNMS,flower_garden,1994-03-01,0,0
FGBNMS,flower_garden,1994-04-01,0,0
FGBNMS,flower_garden,1994-05-01,0,0
FGBNMS,flower_garden,1994-06-01,0,0
FGBNMS,flower_garden,1994-07-01,0,1
FGBNMS,flower_garden,1994-08-01,0,1
FGBNMS,flower_garden,1994-09-01,0,1
FGBNMS,flower_garden,1994-10-01,0,0
FGBNMS,flower_garden,1994-11-01,0,0
FGBNMS,flower_garden,1994-12-01,0,0
FGBNMS,flower_garden,1995-01-01,0,0
FGBNMS,flower_garden,1995-02-01,0,0
FGBNMS,flower_garden,1995-03-01,0,0
FGBNMS,flower_garden,1995-04-01,0,0
FGBNMS,flower_garden,1995-05-01,0,0
FGBNMS,flower_garden,1995-06-01,0,0
FGBNMS,flower_garden,1995-07-01,0.934,2
FGBNMS,flower_garden,1995-08-01,2.79,2
FGBNMS,flower_garden,1995-09-01,4.444,3
FGBNMS,flower_garden,1995-10-01,4.444,0
FGBNMS,flower_garden,1995-11-01,3.15,0
FGBNMS,flower_garden,1995-12-01,0.491,0
FGBNMS,flower_garden,1996-01-01,0,0
FGBNMS,flower_garden,1996-02-01,0,0
FGBNMS,flower_garden,1996-03-01,0,0
FGBNMS,flower_garden,1996-04-01,0,0
FGBNMS,flower_garden,1996-05-01,0,0
FGBNMS,flower_garden,1996-06-01,0,0
FGBNMS,flower_garden,1996-07-01,0,1
FGBNMS,flower_garden,1996-08-01,0,1
FGBNMS,flower_garden,1996-09-01,0,1
FGBNMS,flower_garden,1996-10-01,0,0
FGBNMS,flower_garden,1996-11-01,0,0
FGBNMS,flower_garden,1996-12-01,0,0
FGBNMS,flower_garden,1997-01-01,0,0
FGBNMS,flower_garden,1997-02-01,0,0
FGBNMS,flower_garden,1997-03-01,0,0
FGBNMS,flower_garden,1997-04-01,0,0
FGBNMS,flower_garden,1997-05-01,0,0
FGBNMS,flower_garden,1997-06-01,0,1
FGBNMS,flower_garden,1997-07-01,1.427,2
FGBNMS,flower_garden,1997-08-01,1.864,2
FGBNMS,flower_garden,1997-09-01,1.864,1
FGBNMS,flower_garden,1997-10-01,1.864,0
FGBNMS,flower_garden,1997-11-01,0.437,0
FGBNMS,flower_garden,1997-12-01,0,0
FGBNMS,flower_garden,1998-01-01,0,0
FGBNMS,flower_garden,1998-02-01,0,0
FGBNMS,flower_garden,1998-03-01,0,0
FGBNMS,flower_garden,1998-04-01,0,0
FGBNMS,flower_garden,1998-05-01,0,0
FGBNMS,flower_garden,1998-06-01,0,1
FGBNMS,flower_garden,1998-07-01,0.303,2
FGBNMS,flower_garden,1998-08-01,1.423,2
FGBNMS,flower_garden,1998-09-01,1.423,1
FGBNMS,flower_garden,1998-10-01,1.423,0
FGBNMS,flower_garden,1998-11-01,0.963,0
FGBNMS,flower_garden,1998-12-01,0,0
FGBNMS,flower_garden,1999-01-01,0,0
FGBNMS,flower_garden,1999-02-01,0,0
FGBNMS,flower_garden,1999-03-01,0,0
FGBNMS,flower_garden,1999-04-01,0,0
FGBNMS,flower_garden,1999-05-01,0,0
FGBNMS,flower_garden,1999-06-01,0,0
FGBNMS,flower_garden,1999-07-01,0,1
FGBNMS,flower_garden,1999-08-01,1.291,2
FGBNMS,flower_garden,1999-09-01,1.291,1
FGBNMS,flower_garden,1999-10-01,1.291,0
FGBNMS,flower_garden,1999-11-01,0.951,0
FGBNMS,flower_garden,1999-12-01,0,0
FGBNMS,flower_garden,2000-01-01,0,0
FGBNMS,flower_garden,2000-02-01,0,0
FGBNMS,flower_garden,2000-03-01,0,0
FGBNMS,flower_garden,2000-04-01,0,0
FGBNMS,flower_garden,2000-05-01,0,0
FGBNMS,flower_garden,2000-06-01,0,1
FGBNMS,flower_garden,2000-07-01,0.321,2
FGBNMS,flower_garden,2000-08-01,0.321,1
FGBNMS,flower_garden,2000-09-01,0.321,1
FGBNMS,flower_garden,2000-10-01,0.321,0
FGBNMS,flower_garden,2000-11-01,0,0
FGBNMS,flower_garden,2000-12-01,0,0
FGBNMS,flower_garden,2001-01-01,0,0
FGBNMS,flower_garden,2001-02-01,0,0
FGBNMS,flower_garden,2001-03-01,0,0
FGBNMS,flower_garden,2001-04-01,0,0
FGBNMS,flower_garden,2001-05-01,0,0
FGBNMS,flower_garden,2001-06-01,0,0
FGBNMS,flower_garden,2001-07-01,0,1
FGBNMS,flower_garden,2001-08-01,0,1
FGBNMS,flower_garden,2001-09-01,0,1
FGBNMS,flower_garden,2001-10-01,0,0
FGBNMS,flower_garden,2001-11-01,0,0
FGBNMS,flower_garden,2001-12-01,0,0
FGBNMS,flower_garden,2002-01-01,0,0
FGBNMS,flower_garden,2002-02-01,0,0
FGBNMS,flower_garden,2002-03-01,0,0
FGBNMS,flower_garden,2002-04-01,0,0
FGBNMS,flower_garden,2002-05-01,0,0
FGBNMS,flower_garden,2002-06-01,0,0
FGBNMS,flower_garden,2002-07-01,0.793,2
FGBNMS,flower_garden,2002-08-01,0.793,1
FGBNMS,flower_garden,2002-09-01,0.793,1
FGBNMS,flower_garden,2002-10-01,0.793,0
FGBNMS,flower_garden,2002-11-01,0,0
FGBNMS,flower_garden,2002-12-01,0,0
FGBNMS,flower_garden,2003-01-01,0,0
FGBNMS,flower_garden,2003-02-01,0,0
FGBNMS,flower_garden,2003-03-01,0,0
FGBNMS,flower_garden,2003-04-01,0,0
FGBNMS,flower_garden,2003-05-01,0,0
FGBNMS,flower_garden,2003-06-01,0,1
FGBNMS,flower_garden,2003-07-01,0,1
FGBNMS,flower_garden,2003-08-01,0,1
FGBNMS,flower_garden,2003-09-01,0,1
FGBNMS,flower_garden,2003-10-01,0,0
FGBNMS,flower_garden,2003-11-01,0,0
FGBNMS,flower_garden,2003-12-01,0,0
FGBNMS,flower_garden,2004-01-01,0,0
FGBNMS,flower_garden,2004-02-01,0,0
FGBNMS,flower_garden,2004-03-01,0,0
FGBNMS,flower_garden,2004-04-01,0,0
FGBNMS,flower_garden,2004-05-01,0,0
FGBNMS,flower_garden,2004-06-01,0,0
FGBNMS,flower_garden,2004-07-01,0,1
FGBNMS,flower_garden,2004-08-01,0.944,2
FGBNMS,flower_garden,2004-09-01,0.944,1
FGBNMS,flower_garden,2004-10-01,0.944,0
FGBNMS,flower_garden,2004-11-01,0.307,0
FGBNMS,flower_garden,2004-12-01,0,0
FGBNMS,flower_garden,2005-01-01,0,0
FGBNMS,flower_garden,2005-02-01,0,0
FGBNMS,flower_garden,2005-03-01,0,0
FGBNMS,flower_garden,2005-04-01,0,0
FGBNMS,flower_garden,2005-05-01,0,0
FGBNMS,flower_garden,2005-06-01,0,1
FGBNMS,flower_garden,2005-07-01,1.553,2
FGBNMS,flower_garden,2005-08-01,6.89,3
FGBNMS,flower_garden,2005-09-01,7.943,3
FGBNMS,flower_garden,2005-10-01,7.943,1
FGBNMS,flower_garden,2005-11-01,5.69,0
FGBNMS,flower_garden,2005-12-01,0,0
FGBNMS,flower_garden,2006-01-01,0,0
FGBNMS,flower_garden,2006-02-01,0,0
FGBNMS,flower_garden,2006-03-01,0,0
FGBNMS,flower_garden,2006-04-01,0,0
FGBNMS,flower_garden,2006-05-01,0,0
FGBNMS,flower_garden,2006-06-01,0,0
FGBNMS,flower_garden,2006-07-01,0,1
FGBNMS,flower_garden,2006-08-01,0.786,2
FGBNMS,flower_garden,2006-09-01,0.786,2
FGBNMS,flower_garden,2006-10-01,0.786,0
FGBNMS,flower_garden,2006-11-01,0.786,0
FGBNMS,flower_garden,2006-12-01,0,0
FGBNMS,flower_garden,2007-01-01,0,0
FGBNMS,flower_garden,2007-02-01,0,0
FGBNMS,flower_garden,2007-03-01,0,0
FGBNMS,flower_garden,2007-04-01,0,0
FGBNMS,flower_garden,2007-05-01,0,0
FGBNMS,flower_garden,2007-06-01,0,0
FGBNMS,flower_garden,2007-07-01,0,1
FGBNMS,flower_garden,2007-08-01,1.711,2
FGBNMS,flower_garden,2007-09-01,1.711,1
FGBNMS,flower_garden,2007-10-01,1.711,0
FGBNMS,flower_garden,2007-11-01,1.56,0
FGBNMS,flower_garden,2007-12-01,0,0
FGBNMS,flower_garden,2008-01-01,0,0
FGBNMS,flower_garden,2008-02-01,0,0
FGBNMS,flower_garden,2008-03-01,0,0
FGBNMS,flower_garden,2008-04-01,0,0
FGBNMS,flower_garden,2008-05-01,0,0
FGBNMS,flower_garden,2008-06-01,0,1
FGBNMS,flower_garden,2008-07-01,0,1
FGBNMS,flower_garden,2008-08-01,0,1
FGBNMS,flower_garden,2008-09-01,0,1
FGBNMS,flower_garden,2008-10-01,0,0
FGBNMS,flower_garden,2008-11-01,0,0
FGBNMS,flower_garden,2008-12-01,0,0
FGBNMS,flower_garden,2009-01-01,0,0
FGBNMS,flower_garden,2009-02-01,0,0
FGBNMS,flower_garden,2009-03-01,0,0
FGBNMS,flower_garden,2009-04-01,0,0
FGBNMS,flower_garden,2009-05-01,0,0
FGBNMS,flower_garden,2009-06-01,0,1
FGBNMS,flower_garden,2009-07-01,0.349,2
FGBNMS,flower_garden,2009-08-01,1.127,2
FGBNMS,flower_garden,2009-09-01,1.127,1
FGBNMS,flower_garden,2009-10-01,0.779,1
FGBNMS,flower_garden,2009-11-01,0.779,0
FGBNMS,flower_garden,2009-12-01,0,0
FGBNMS,flower_garden,2010-01-01,0,0
FGBNMS,flower_garden,2010-02-01,0,0
FGBNMS,flower_garden,2010-03-01,0,0
FGBNMS,flower_garden,2010-04-01,0,0
FGBNMS,flower_garden,2010-05-01,0,0
FGBNMS,flower_garden,2010-06-01,1.036,2
FGBNMS,flower_garden,2010-07-01,2.324,2
FGBNMS,flower_garden,2010-08-01,8.314,4
FGBNMS,flower_garden,2010-09-01,8.476,4
FGBNMS,flower_garden,2010-10-01,7.44,0
FGBNMS,flower_garden,2010-11-01,3.933,0
FGBNMS,flower_garden,2010-12-01,0,0
FGBNMS,flower_garden,2011-01-01,0,0
FGBNMS,flower_garden,2011-02-01,0,0
FGBNMS,flower_garden,2011-03-01,0,0
FGBNMS,flower_garden,2011-04-01,0,0
FGBNMS,flower_garden,2011-05-01,0,0
FGBNMS,flower_garden,2011-06-01,0,0
FGBNMS,flower_garden,2011-07-01,0,1
FGBNMS,flower_garden,2011-08-01,0.813,2
FGBNMS,flower_garden,2011-09-01,0.969,2
FGBNMS,flower_garden,2011-10-01,0.969,0
FGBNMS,flower_garden,2011-11-01,0.969,0
FGBNMS,flower_garden,2011-12-01,0,0
FGBNMS,flower_garden,2012-01-01,0,0
FGBNMS,flower_garden,2012-02-01,0,0
FGBNMS,flower_garden,2012-03-01,0,0
FGBNMS,flower_garden,2012-04-01,0,0
FGBNMS,flower_garden,2012-05-01,0,0
FGBNMS,flower_garden,2012-06-01,0,1
FGBNMS,flower_garden,2012-07-01,0,1
FGBNMS,flower_garden,2012-08-01,1.453,2
FGBNMS,flower_garden,2012-09-01,1.453,1
FGBNMS,flower_garden,2012-10-01,1.453,0
FGBNMS,flower_garden,2012-11-01,1.306,0
FGBNMS,flower_garden,2012-12-01,0,0
FGBNMS,flower_garden,2013-01-01,0,0
FGBNMS,flower_garden,2013-02-01,0,0
FGBNMS,flower_garden,2013-03-01,0,0
FGBNMS,flower_garden,2013-04-01,0,0
FGBNMS,flower_garden,2013-05-01,0,0
FGBNMS,flower_garden,2013-06-01,0,1
FGBNMS,flower_garden,2013-07-01,0,1
FGBNMS,flower_garden,2013-08-01,0,1
FGBNMS,flower_garden,2013-09-01,0,1
FGBNMS,flower_garden,2013-10-01,0,0
FGBNMS,flower_garden,2013-11-01,0,0
FGBNMS,flower_garden,2013-12-01,0,0
FGBNMS,flower_garden,2014-01-01,0,0
FGBNMS,flower_garden,2014-02-01,0,0
FGBNMS,flower_garden,2014-03-01,0,0
FGBNMS,flower_garden,2014-04-01,0,0
FGBNMS,flower_garden,2014-05-01,0,0
FGBNMS,flower_garden,2014-06-01,0,0
FGBNMS,flower_garden,2014-07-01,0.143,2
FGBNMS,flower_garden,2014-08-01,0.73,2
FGBNMS,flower_garden,2014-09-01,0.73,1
FGBNMS,flower_garden,2014-10-01,0.73,0
FGBNMS,flower_garden,2014-11-01,0.44,0
FGBNMS,flower_garden,2014-12-01,0,0
FGBNMS,flower_garden,2015-01-01,0,0
FGBNMS,flower_garden,2015-02-01,0,0
FGBNMS,flower_garden,2015-03-01,0,0
FGBNMS,flower_garden,2015-04-01,0,0
FGBNMS,flower_garden,2015-05-01,0,0
FGBNMS,flower_garden,2015-06-01,0,1
FGBNMS,flower_garden,2015-07-01,3.341,2
FGBNMS,flower_garden,2015-08-01,5.703,3
FGBNMS,flower_garden,2015-09-01,5.703,1
FGBNMS,flower_garden,2015-10-01,5.703,0
FGBNMS,flower_garden,2015-11-01,1.18,0
FGBNMS,flower_garden,2015-12-01,0,0
FGBNMS,flower_garden,2016-01-01,0,0
FGBNMS,flower_garden,2016-02-01,0,0
FGBNMS,flower_garden,2016-03-01,0,0
FGBNMS,flower_garden,2016-04-01,0,0
FGBNMS,flower_garden,2016-05-01,0,0
FGBNMS,flower_garden,2016-06-01,0.757,2
FGBNMS,flower_garden,2016-07-01,4.393,3
FGBNMS,flower_garden,2016-08-01,7.351,3
FGBNMS,flower_garden,2016-09-01,9.137,4
FGBNMS,flower_garden,2016-10-01,7.741,1
FGBNMS,flower_garden,2016-11-01,2.737,0
FGBNMS,flower_garden,2016-12-01,0.811,0
FGBNMS,flower_garden,2017-01-01,0,0
FGBNMS,flower_garden,2017-02-01,0,0
FGBNMS,flower_garden,2017-03-01,0,0
FGBNMS,flower_garden,2017-04-01,0,0
FGBNMS,flower_garden,2017-05-01,0,0
FGBNMS,flower_garden,2017-06-01,0,0
FGBNMS,flower_garden,2017-07-01,1.337,2
FGBNMS,flower_garden,2017-08-01,1.94,2
FGBNMS,flower_garden,2017-09-01,1.94,1
FGBNMS,flower_garden,2017-10-01,1.94,0
FGBNMS,flower_garden,2017-11-01,0.603,0
FGBNMS,flower_garden,2017-12-01,0,0
FGBNMS,flower_garden,2018-01-01,0,0
FGBNMS,flower_garden,2018-02-01,0,0
FGBNMS,flower_garden,2018-03-01,0,0
FGBNMS,flower_garden,2018-04-01,0,0
FGBNMS,flower_garden,2018-05-01,0,0
FGBNMS,flower_garden,2018-06-01,0,1
FGBNMS,flower_garden,2018-07-01,0,1
FGBNMS,flower_garden,2018-08-01,0,1
FGBNMS,flower_garden,2018-09-01,0,1
FGBNMS,flower_garden,2018-10-01,0,0
FGBNMS,flower_garden,2018-11-01,0,0
FGBNMS,flower_garden,2018-12-01,0,0
FGBNMS,flower_garden,2019-01-01,0,0
FGBNMS,flower_garden,2019-02-01,0,0
FGBNMS,flower_garden,2019-03-01,0,0
FGBNMS,flower_garden,2019-04-01,0,0
FGBNMS,flower_garden,2019-05-01,0,0
FGBNMS,flower_garden,2019-06-01,0,1
FGBNMS,flower_garden,2019-07-01,0.16,2
FGBNMS,flower_garden,2019-08-01,1.369,2
FGBNMS,flower_garden,2019-09-01,1.369,1
FGBNMS,flower_garden,2019-10-01,1.369,0
FGBNMS,flower_garden,2019-11-01,1.209,0
FGBNMS,flower_garden,2019-12-01,0,0
FGBNMS,flower_garden,2020-01-01,0,0
FGBNMS,flower_garden,2020-02-01,0,0
FGBNMS,flower_garden,2020-03-01,0,0
FGBNMS,flower_garden,2020-04-01,0,0
FGBNMS,flower_garden,2020-05-01,0,0
FGBNMS,flower_garden,2020-06-01,0,0
FGBNMS,flower_garden,2020-07-01,0,1
FGBNMS,flower_garden,2020-08-01,1.774,2
FGBNMS,flower_garden,2020-09-01,1.774,1
FGBNMS,flower_garden,2020-10-01,1.774,0
FGBNMS,flower_garden,2020-11-01,1.774,0
FGBNMS,flower_garden,2020-12-01,0,0
FGBNMS,flower_garden,2021-01-01,0,0
FGBNMS,flower_garden,2021-02-01,0,0
FGBNMS,flower_garden,2021-03-01,0,0
FGBNMS,flower_garden,2021-04-01,0,0
FGBNMS,flower_garden,2021-05-01,0,0
FGBNMS,flower_garden,2021-06-01,0,1
FGBNMS,flower_garden,2021-07-01,0.864,2
FGBNMS,flower_garden,2021-08-01,5.149,3
FGBNMS,flower_garden,2021-09-01,6.511,3
FGBNMS,flower_garden,2021-10-01,6.511,0
FGBNMS,flower_garden,2021-11-01,5.09,0
FGBNMS,flower_garden,2021-12-01,0,0
FGBNMS,flower_garden,2022-01-01,0,0
FGBNMS,flower_garden,2022-02-01,0,0
FGBNMS,flower_garden,2022-03-01,0,0
FGBNMS,flower_garden,2022-04-01,0,0
FGBNMS,flower_garden,2022-05-01,0,0
FGBNMS,flower_garden,2022-06-01,0.671,2
FGBNMS,flower_garden,2022-07-01,0.826,2
FGBNMS,flower_garden,2022-08-01,0.826,1
FGBNMS,flower_garden,2022-09-01,0.826,1
FGBNMS,flower_garden,2022-10-01,0.154,1
FGBNMS,flower_garden,2022-11-01,0,0
FGBNMS,flower_garden,2022-12-01,0,0
FGBNMS,flower_garden,2023-01-01,0,0
FGBNMS,flower_garden,2023-02-01,0,0
FGBNMS,flower_garden,2023-03-01,0,0
FGBNMS,flower_garden,2023-04-01,0,0
FGBNMS,flower_garden,2023-05-01,0,0
FGBNMS,flower_garden,2023-06-01,0.321,2
FGBNMS,flower_garden,2023-07-01,3.751,2
FGBNMS,flower_garden,2023-08-01,9.58,4
FGBNMS,flower_garden,2023-09-01,11.911,4
FGBNMS,flower_garden,2023-10-01,10.624,1
FGBNMS,flower_garden,2023-11-01,6.261,0
FGBNMS,flower_garden,2023-12-01,1.137,0
FGBNMS,flower_garden,2024-01-01,0,0
FGBNMS,flower_garden,2024-02-01,0,0
FGBNMS,flower_garden,2024-03-01,0,0
FGBNMS,flower_garden,2024-04-01,0,0
FGBNMS,flower_garden,2024-05-01,0,0
FGBNMS,flower_garden,2024-06-01,0,1
FGBNMS,flower_garden,2024-07-01,1.051,2
FGBNMS,flower_garden,2024-08-01,7.551,3
FGBNMS,flower_garden,2024-09-01,7.551,3
FGBNMS,flower_garden,2024-10-01,7.003,1
FGBNMS,flower_garden,2024-11-01,5.16,0
FGBNMS,flower_garden,2024-12-01,0,0
FGBNMS,flower_garden,2025-01-01,0,0
FGBNMS,flower_garden,2025-02-01,0,0
FGBNMS,flower_garden,2025-03-01,0,0
FGBNMS,flower_garden,2025-04-01,0,0
FGBNMS,flower_garden,2025-05-01,0,0
FGBNMS,flower_garden,2025-06-01,0,1
FGBNMS,flower_garden,2025-07-01,2.353,2
FGBNMS,flower_garden,2025-08-01,8.879,4
FGBNMS,flower_garden,2025-09-01,10.366,4
FGBNMS,flower_garden,2025-10-01,10.366,1
FGBNMS,flower_garden,2025-11-01,6.26,0
FGBNMS,flower_garden,2025-12-01,0,0
FGBNMS,flower_garden,2026-01-01,0,0
FGBNMS,flower_garden,2026-02-01,0,0
FGBNMS,flower_garden,2026-03-01,0,0
FGBNMS,flower_garden,2026-04-01,0,0
FGBNMS,flower_garden,2026-05-01,0,0
FGBNMS,flower_garden,2026-06-01,0,1
FGBNMS,flower_garden,2026-07-01,1.89,2
FGBNMS,flower_garden,2026-08-01,4.601,3
FGBNMS,flower_garden,2026-09-01,7.107,3
FGBNMS,flower_garden,2026-10-01,6.153,1
FKNMS,florida_keys,1985-01-01,0,0
FKNMS,florida_keys,1985-02-01,0,0
FKNMS,florida_keys,1985-03-01,0,0
FKNMS,florida_keys,1985-04-01,0,0
FKNMS,florida_keys,1985-05-01,0,0
FKNMS,florida_keys,1985-06-01,0,1
FKNMS,florida_keys,1985-07-01,0,1
FKNMS,florida_keys,1985-08-01,0,1
FKNMS,florida_keys,1985-09-01,0,1
FKNMS,florida_keys,1985-10-01,0,0
FKNMS,florida_keys,1985-11-01,0,0
FKNMS,florida_keys,1985-12-01,0,0
FKNMS,florida_keys,1986-01-01,0,0
FKNMS,florida_keys,1986-02-01,0,0
FKNMS,florida_keys,1986-03-01,0,0
FKNMS,florida_keys,1986-04-01,0,0
FKNMS,florida_keys,1986-05-01,0,0
FKNMS,florida_keys,1986-06-01,0,0
FKNMS,florida_keys,1986-07-01,0,1
FKNMS,florida_keys,1986-08-01,0,1
FKNMS,florida_keys,1986-09-01,0,1
FKNMS,florida_keys,1986-10-01,0,1
FKNMS,florida_keys,1986-11-01,0,0
FKNMS,florida_keys,1986-12-01,0,0
FKNMS,florida_keys,1987-01-01,0,0
FKNMS,florida_keys,1987-02-01,0,0
FKNMS,florida_keys,1987-03-01,0,0
FKNMS,florida_keys,1987-04-01,0,0
FKNMS,florida_keys,1987-05-01,0,0
FKNMS,florida_keys,1987-06-01,0,0
FKNMS,florida_keys,1987-07-01,0.151,2
FKNMS,florida_keys,1987-08-01,0.666,2
FKNMS,florida_keys,1987-09-01,0.666,1
FKNMS,florida_keys,1987-10-01,0.666,1
FKNMS,florida_keys,1987-11-01,0.514,0
FKNMS,florida_keys,1987-12-01,0,0
FKNMS,florida_keys,1988-01-01,0,0
FKNMS,florida_keys,1988-02-01,0,0
FKNMS,florida_keys,1988-03-01,0,0
FKNMS,florida_keys,1988-04-01,0,0
FKNMS,florida_keys,1988-05-01,0,0
FKNMS,florida_keys,1988-06-01,0,0
FKNMS,florida_keys,1988-07-01,0,1
FKNMS,florida_keys,1988-08-01,0,1
FKNMS,florida_keys,1988-09-01,0,0
FKNMS,florida_keys,1988-10-01,0,0
FKNMS,florida_keys,1988-11-01,0,0
FKNMS,florida_keys,1988-12-01,0,0
FKNMS,florida_keys,1989-01-01,0,0
FKNMS,florida_keys,1989-02-01,0,0
FKNMS,florida_keys,1989-03-01,0,0
FKNMS,florida_keys,1989-04-01,0,0
FKNMS,florida_keys,1989-05-01,0,0
FKNMS,florida_keys,1989-06-01,0,0
FKNMS,florida_keys,1989-07-01,0,1
FKNMS,florida_keys,1989-08-01,0.144,2
FKNMS,florida_keys,1989-09-01,0.144,2
FKNMS,florida_keys,1989-10-01,0.144,1
FKNMS,florida_keys,1989-11-01,0.144,0
FKNMS,florida_keys,1989-12-01,0,0
FKNMS,florida_keys,1990-01-01,0,0
FKNMS,florida_keys,1990-02-01,0,0
FKNMS,florida_keys,1990-03-01,0,0
FKNMS,florida_keys,1990-04-01,0,0
FKNMS,florida_keys,1990-05-01,0,0
FKNMS,florida_keys,1990-06-01,0,0
FKNMS,florida_keys,1990-07-01,0,1
FKNMS,florida_keys,1990-08-01,0,1
FKNMS,florida_keys,1990-09-01,0,1
FKNMS,florida_keys,1990-10-01,0,0
FKNMS,florida_keys,1990-11-01,0,0
FKNMS,florida_keys,1990-12-01,0,0
FKNMS,florida_keys,1991-01-01,0,0
FKNMS,florida_keys,1991-02-01,0,0
FKNMS,florida_keys,1991-03-01,0,0
FKNMS,florida_keys,1991-04-01,0,0
FKNMS,florida_keys,1991-05-01,0,0
FKNMS,florida_keys,1991-06-01,0,1
FKNMS,florida_keys,1991-07-01,0.146,2
FKNMS,florida_keys,1991-08-01,2.201,2
FKNMS,florida_keys,1991-09-01,2.201,1
FKNMS,florida_keys,1991-10-01,2.201,0
FKNMS,florida_keys,1991-11-01,1.909,0
FKNMS,florida_keys,1991-12-01,0,0
FKNMS,florida_keys,1992-01-01,0,0
FKNMS,florida_keys,1992-02-01,0,0
FKNMS,florida_keys,1992-03-01,0,0
FKNMS,florida_keys,1992-04-01,0,0
FKNMS,florida_keys,1992-05-01,0,0
FKNMS,florida_keys,1992-06-01,0,0
FKNMS,florida_keys,1992-07-01,0,1
FKNMS,florida_keys,1992-08-01,0,1
FKNMS,florida_keys,1992-09-01,0,1
FKNMS,florida_keys,1992-10-01,0,0
FKNMS,florida_keys,1992-11-01,0,0
FKNMS,florida_keys,1992-12-01,0,0
FKNMS,florida_keys,1993-01-01,0,0
FKNMS,florida_keys,1993-02-01,0,0
FKNMS,florida_keys,1993-03-01,0,0
FKNMS,florida_keys,1993-04-01,0,0
FKNMS,florida_keys,1993-05-01,0,0
FKNMS,florida_keys,1993-06-01,0,0
FKNMS,florida_keys,1993-07-01,0.676,2
FKNMS,florida_keys,1993-08-01,1.16,2
FKNMS,florida_keys,1993-09-01,1.16,1
FKNMS,florida_keys,1993-10-01,1.16,0
FKNMS,florida_keys,1993-11-01,0.484,0
FKNMS,florida_keys,1993-12-01,0,0
FKNMS,florida_keys,1994-01-01,0,0
FKNMS,florida_keys,1994-02-01,0,0
FKNMS,florida_keys,1994-03-01,0,0
FKNMS,florida_keys,1994-04-01,0,0
FKNMS,florida_keys,1994-05-01,0,0
FKNMS,florida_keys,1994-06-01,0,1
FKNMS,florida_keys,1994-07-01,0,1
FKNMS,florida_keys,1994-08-01,0,1
FKNMS,florida_keys,1994-09-01,0,1
FKNMS,florida_keys,1994-10-01,0,0
FKNMS,florida_keys,1994-11-01,0,0
FKNMS,florida_keys,1994-12-01,0,0
FKNMS,florida_keys,1995-01-01,0,0
FKNMS,florida_keys,1995-02-01,0,0
FKNMS,florida_keys,1995-03-01,0,0
FKNMS,florida_keys,1995-04-01,0,0
FKNMS,florida_keys,1995-05-01,0,0
FKNMS,florida_keys,1995-06-01,0,0
FKNMS,florida_keys,1995-07-01,0,1
FKNMS,florida_keys,1995-08-01,0,1
FKNMS,florida_keys,1995-09-01,0,1
FKNMS,florida_keys,1995-10-01,0,1
FKNMS,florida_keys,1995-11-01,0,0
FKNMS,florida_keys,1995-12-01,0,0
FKNMS,florida_keys,1996-01-01,0,0
FKNMS,florida_keys,1996-02-01,0,0
FKNMS,florida_keys,1996-03-01,0,0
FKNMS,florida_keys,1996-04-01,0,0
FKNMS,florida_keys,1996-05-01,0,0
FKNMS,florida_keys,1996-06-01,0,0
FKNMS,florida_keys,1996-07-01,0,1
FKNMS,florida_keys,1996-08-01,0,1
FKNMS,florida_keys,1996-09-01,0,1
FKNMS,florida_keys,1996-10-01,0,0
FKNMS,florida_keys,1996-11-01,0,0
FKNMS,florida_keys,1996-12-01,0,0
FKNMS,florida_keys,1997-01-01,0,0
FKNMS,florida_keys,1997-02-01,0,0
FKNMS,florida_keys,1997-03-01,0,0
FKNMS,florida_keys,1997-04-01,0,0
FKNMS,florida_keys,1997-05-01,0,0
FKNMS,florida_keys,1997-06-01,0,1
FKNMS,florida_keys,1997-07-01,0.619,2
FKNMS,florida_keys,1997-08-01,5.081,3
FKNMS,florida_keys,1997-09-01,5.081,1
FKNMS,florida_keys,1997-10-01,5.081,0
FKNMS,florida_keys,1997-11-01,2.793,0
FKNMS,florida_keys,1997-12-01,0,0
FKNMS,florida_keys,1998-01-01,0,0
FKNMS,florida_keys,1998-02-01,0,0
FKNMS,florida_keys,1998-03-01,0,0
FKNMS,florida_keys,1998-04-01,0,0
FKNMS,florida_keys,1998-05-01,0,0
FKNMS,florida_keys,1998-06-01,0,1
FKNMS,florida_keys,1998-07-01,1.193,2
FKNMS,florida_keys,1998-08-01,3.247,2
FKNMS,florida_keys,1998-09-01,3.247,1
FKNMS,florida_keys,1998-10-01,2.809,0
FKNMS,florida_keys,1998-11-01,1.38,0
FKNMS,florida_keys,1998-12-01,0,0
FKNMS,florida_keys,1999-01-01,0,0
FKNMS,florida_keys,1999-02-01,0,0
FKNMS,florida_keys,1999-03-01,0,0
FKNMS,florida_keys,1999-04-01,0,0
FKNMS,florida_keys,1999-05-01,0,0
FKNMS,florida_keys,1999-06-01,0,0
FKNMS,florida_keys,1999-07-01,0.593,2
FKNMS,florida_keys,1999-08-01,1.979,2
FKNMS,florida_keys,1999-09-01,2.736,2
FKNMS,florida_keys,1999-10-01,2.736,0
FKNMS,florida_keys,1999-11-01,1.276,0
FKNMS,florida_keys,1999-12-01,0.311,0
FKNMS,florida_keys,2000-01-01,0,0
FKNMS,florida_keys,2000-02-01,0,0
FKNMS,florida_keys,2000-03-01,0,0
FKNMS,florida_keys,2000-04-01,0,0
FKNMS,florida_keys,2000-05-01,0,0
FKNMS,florida_keys,2000-06-01,0,0
FKNMS,florida_keys,2000-07-01,1.233,2
FKNMS,florida_keys,2000-08-01,1.233,2
FKNMS,florida_keys,2000-09-01,1.233,1
FKNMS,florida_keys,2000-10-01,1.233,1
FKNMS,florida_keys,2000-11-01,0,0
FKNMS,florida_keys,2000-12-01,0,0
FKNMS,florida_keys,2001-01-01,0,0
FKNMS,florida_keys,2001-02-01,0,0
FKNMS,florida_keys,2001-03-01,0,0
FKNMS,florida_keys,2001-04-01,0,0
FKNMS,florida_keys,2001-05-01,0,0
FKNMS,florida_keys,2001-06-01,0,1
FKNMS,florida_keys,2001-07-01,0,1
FKNMS,florida_keys,2001-08-01,0.31,2
FKNMS,florida_keys,2001-09-01,0.31,1
FKNMS,florida_keys,2001-10-01,0.31,0
FKNMS,florida_keys,2001-11-01,0.31,0
FKNMS,florida_keys,2001-12-01,0,0
FKNMS,florida_keys,2002-01-01,0,0
FKNMS,florida_keys,2002-02-01,0,0
FKNMS,florida_keys,2002-03-01,0,0
FKNMS,florida_keys,2002-04-01,0,0
FKNMS,florida_keys,2002-05-01,0,0
FKNMS,florida_keys,2002-06-01,0,0
FKNMS,florida_keys,2002-07-01,0,1
FKNMS,florida_keys,2002-08-01,0,1
FKNMS,florida_keys,2002-09-01,0,1
FKNMS,florida_keys,2002-10-01,0,0
FKNMS,florida_keys,2002-11-01,0,0
FKNMS,florida_keys,2002-12-01,0,0
FKNMS,florida_keys,2003-01-01,0,0
FKNMS,florida_keys,2003-02-01,0,0
FKNMS,florida_keys,2003-03-01,0,0
FKNMS,florida_keys,2003-04-01,0,0
FKNMS,florida_keys,2003-05-01,0,0
FKNMS,florida_keys,2003-06-01,0,1
FKNMS,florida_keys,2003-07-01,0,1
FKNMS,florida_keys,2003-08-01,1.097,2
FKNMS,florida_keys,2003-09-01,1.097,1
FKNMS,florida_keys,2003-10-01,1.097,1
FKNMS,florida_keys,2003-11-01,0.484,0
FKNMS,florida_keys,2003-12-01,0,0
FKNMS,florida_keys,2004-01-01,0,0
FKNMS,florida_keys,2004-02-01,0,0
FKNMS,florida_keys,2004-03-01,0,0
FKNMS,florida_keys,2004-04-01,0,0
FKNMS,florida_keys,2004-05-01,0,0
FKNMS,florida_keys,2004-06-01,0.296,2
FKNMS,florida_keys,2004-07-01,1.474,2
FKNMS,florida_keys,2004-08-01,2.99,2
FKNMS,florida_keys,2004-09-01,3.379,2
FKNMS,florida_keys,2004-10-01,3.083,0
FKNMS,florida_keys,2004-11-01,1.904,0
FKNMS,florida_keys,2004-12-01,0,0
FKNMS,florida_keys,2005-01-01,0,0
FKNMS,florida_keys,2005-02-01,0,0
FKNMS,florida_keys,2005-03-01,0,0
FKNMS,florida_keys,2005-04-01,0,0
FKNMS,florida_keys,2005-05-01,0,1
FKNMS,florida_keys,2005-06-01,0,1
FKNMS,florida_keys,2005-07-01,1.589,2
FKNMS,florida_keys,2005-08-01,7.276,3
FKNMS,florida_keys,2005-09-01,7.276,3
FKNMS,florida_keys,2005-10-01,7.276,0
FKNMS,florida_keys,2005-11-01,3.719,0
FKNMS,florida_keys,2005-12-01,0,0
FKNMS,florida_keys,2006-01-01,0,0
FKNMS,florida_keys,2006-02-01,0,0
FKNMS,florida_keys,2006-03-01,0,0
FKNMS,florida_keys,2006-04-01,0,0
FKNMS,florida_keys,2006-05-01,0,0
FKNMS,florida_keys,2006-06-01,0,1
FKNMS,florida_keys,2006-07-01,0,1
FKNMS,florida_keys,2006-08-01,0.29,2
FKNMS,florida_keys,2006-09-01,0.29,2
FKNMS,florida_keys,2006-10-01,0.29,1
FKNMS,florida_keys,2006-11-01,0.29,0
FKNMS,florida_keys,2006-12-01,0,0
FKNMS,florida_keys,2007-01-01,0,0
FKNMS,florida_keys,2007-02-01,0,0
FKNMS,florida_keys,2007-03-01,0,0
FKNMS,florida_keys,2007-04-01,0,0
FKNMS,florida_keys,2007-05-01,0,0
FKNMS,florida_keys,2007-06-01,0,1
FKNMS,florida_keys,2007-07-01,3.879,2
FKNMS,florida_keys,2007-08-01,7.309,3
FKNMS,florida_keys,2007-09-01,8.301,4
FKNMS,florida_keys,2007-10-01,8.146,1
FKNMS,florida_keys,2007-11-01,2.816,0
FKNMS,florida_keys,2007-12-01,0,0
FKNMS,florida_keys,2008-01-01,0,0
FKNMS,florida_keys,2008-02-01,0,0
FKNMS,florida_keys,2008-03-01,0,0
FKNMS,florida_keys,2008-04-01,0,0
FKNMS,florida_keys,2008-05-01,0,0
FKNMS,florida_keys,2008-06-01,0,1
FKNMS,florida_keys,2008-07-01,0,1
FKNMS,florida_keys,2008-08-01,1.627,2
FKNMS,florida_keys,2008-09-01,1.627,2
FKNMS,florida_keys,2008-10-01,1.627,0
FKNMS,florida_keys,2008-11-01,0.93,0
FKNMS,florida_keys,2008-12-01,0,0
FKNMS,florida_keys,2009-01-01,0,0
FKNMS,florida_keys,2009-02-01,0,0
FKNMS,florida_keys,2009-03-01,0,0
FKNMS,florida_keys,2009-04-01,0,0
FKNMS,florida_keys,2009-05-01,0,0
FKNMS,florida_keys,2009-06-01,0.827,2
FKNMS,florida_keys,2009-07-01,3.606,2
FKNMS,florida_keys,2009-08-01,4.559,3
FKNMS,florida_keys,2009-09-01,5.704,3
FKNMS,florida_keys,2009-10-01,4.717,1
FKNMS,florida_keys,2009-11-01,2.097,0
FKNMS,florida_keys,2009-12-01,0.147,0
FKNMS,florida_keys,2010-01-01,0,0
FKNMS,florida_keys,2010-02-01,0,0
FKNMS,florida_keys,2010-03-01,0,0
FKNMS,florida_keys,2010-04-01,0,0
FKNMS,florida_keys,2010-05-01,0,0
FKNMS,florida_keys,2010-06-01,2.401,2
FKNMS,florida_keys,2010-07-01,3.077,2
FKNMS,florida_keys,2010-08-01,6.667,3
FKNMS,florida_keys,2010-09-01,6.52,3
FKNMS,florida_keys,2010-10-01,4.413,0
FKNMS,florida_keys,2010-11-01,2.201,0
FKNMS,florida_keys,2010-12-01,0.147,0
FKNMS,florida_keys,2011-01-01,0,0
FKNMS,florida_keys,2011-02-01,0,0
FKNMS,florida_keys,2011-03-01,0,0
FKNMS,florida_keys,2011-04-01,0,0
FKNMS,florida_keys,2011-05-01,0,0
FKNMS,florida_keys,2011-06-01,0,1
FKNMS,florida_keys,2011-07-01,2.039,2
FKNMS,florida_keys,2011-08-01,6.797,3
FKNMS,florida_keys,2011-09-01,7.253,3
FKNMS,florida_keys,2011-10-01,7.253,1
FKNMS,florida_keys,2011-11-01,3.941,0
FKNMS,florida_keys,2011-12-01,0.456,0
FKNMS,florida_keys,2012-01-01,0,0
FKNMS,florida_keys,2012-02-01,0,0
FKNMS,florida_keys,2012-03-01,0,0
FKNMS,florida_keys,2012-04-01,0,0
FKNMS,florida_keys,2012-05-01,0,0
FKNMS,florida_keys,2012-06-01,0,1
FKNMS,florida_keys,2012-07-01,0,1
FKNMS,florida_keys,2012-08-01,1.38,2
FKNMS,florida_keys,2012-09-01,1.38,1
FKNMS,florida_keys,2012-10-01,1.38,0
FKNMS,florida_keys,2012-11-01,1.071,0
FKNMS,florida_keys,2012-12-01,0,0
FKNMS,florida_keys,2013-01-01,0,0
FKNMS,florida_keys,2013-02-01,0,0
FKNMS,florida_keys,2013-03-01,0,0
FKNMS,florida_keys,2013-04-01,0,0
FKNMS,florida_keys,2013-05-01,0,0
FKNMS,florida_keys,2013-06-01,0,1
FKNMS,florida_keys,2013-07-01,0.3,2
FKNMS,florida_keys,2013-08-01,0.3,2
FKNMS,florida_keys,2013-09-01,0.3,1
FKNMS,florida_keys,2013-10-01,0.3,1
FKNMS,florida_keys,2013-11-01,0,0
FKNMS,florida_keys,2013-12-01,0,0
FKNMS,florida_keys,2014-01-01,0,0
FKNMS,florida_keys,2014-02-01,0,0
FKNMS,florida_keys,2014-03-01,0,0
FKNMS,florida_keys,2014-04-01,0,0
FKNMS,florida_keys,2014-05-01,0,0
FKNMS,florida_keys,2014-06-01,0,1
FKNMS,florida_keys,2014-07-01,2.619,2
FKNMS,florida_keys,2014-08-01,8.473,4
FKNMS,florida_keys,2014-09-01,8.473,4
FKNMS,florida_keys,2014-10-01,8.473,1
FKNMS,florida_keys,2014-11-01,4.383,0
FKNMS,florida_keys,2014-12-01,0,0
FKNMS,florida_keys,2015-01-01,0,0
FKNMS,florida_keys,2015-02-01,0,0
FKNMS,florida_keys,2015-03-01,0,0
FKNMS,florida_keys,2015-04-01,0,0
FKNMS,florida_keys,2015-05-01,0,0
FKNMS,florida_keys,2015-06-01,0.347,2
FKNMS,florida_keys,2015-07-01,1.983,2
FKNMS,florida_keys,2015-08-01,7.08,3
FKNMS,florida_keys,2015-09-01,9.613,4
FKNMS,florida_keys,2015-10-01,9.093,1
FKNMS,florida_keys,2015-11-01,7.104,0
FKNMS,florida_keys,2015-12-01,1.317,0
FKNMS,florida_keys,2016-01-01,0,0
FKNMS,florida_keys,2016-02-01,0,0
FKNMS,florida_keys,2016-03-01,0,0
FKNMS,florida_keys,2016-04-01,0,0
FKNMS,florida_keys,2016-05-01,0,0
FKNMS,florida_keys,2016-06-01,0,1
FKNMS,florida_keys,2016-07-01,2.657,2
FKNMS,florida_keys,2016-08-01,3.87,2
FKNMS,florida_keys,2016-09-01,5.009,3
FKNMS,florida_keys,2016-10-01,3.853,3
FKNMS,florida_keys,2016-11-01,2.497,0
FKNMS,florida_keys,2016-12-01,1.284,0
FKNMS,florida_keys,2017-01-01,0,0
FKNMS,florida_keys,2017-02-01,0,0
FKNMS,florida_keys,2017-03-01,0,0
FKNMS,florida_keys,2017-04-01,0,0
FKNMS,florida_keys,2017-05-01,0,1
FKNMS,florida_keys,2017-06-01,0,1
FKNMS,florida_keys,2017-07-01,1.786,2
FKNMS,florida_keys,2017-08-01,4.413,3
FKNMS,florida_keys,2017-09-01,5.131,3
FKNMS,florida_keys,2017-10-01,5.131,1
FKNMS,florida_keys,2017-11-01,3.346,0
FKNMS,florida_keys,2017-12-01,0.146,0
FKNMS,florida_keys,2018-01-01,0,0
FKNMS,florida_keys,2018-02-01,0,0
FKNMS,florida_keys,2018-03-01,0,0
FKNMS,florida_keys,2018-04-01,0,0
FKNMS,florida_keys,2018-05-01,0,0
FKNMS,florida_keys,2018-06-01,0,1
FKNMS,florida_keys,2018-07-01,4.844,3
FKNMS,florida_keys,2018-08-01,5.3,3
FKNMS,florida_keys,2018-09-01,5.3,1
FKNMS,florida_keys,2018-10-01,4.627,1
FKNMS,florida_keys,2018-11-01,0.301,0
FKNMS,florida_keys,2018-12-01,0,0
FKNMS,florida_keys,2019-01-01,0,0
FKNMS,florida_keys,2019-02-01,0,0
FKNMS,florida_keys,2019-03-01,0,0
FKNMS,florida_keys,2019-04-01,0,0
FKNMS,florida_keys,2019-05-01,0,0
FKNMS,florida_keys,2019-06-01,1.91,2
FKNMS,florida_keys,2019-07-01,4.123,3
FKNMS,florida_keys,2019-08-01,8.757,4
FKNMS,florida_keys,2019-09-01,8.614,4
FKNMS,florida_keys,2019-10-01,6.403,0
FKNMS,florida_keys,2019-11-01,3.986,0
FKNMS,florida_keys,2019-12-01,0.307,0
FKNMS,florida_keys,2020-01-01,0,0
FKNMS,florida_keys,2020-02-01,0,0
FKNMS,florida_keys,2020-03-01,0,0
FKNMS,florida_keys,2020-04-01,0,0
FKNMS,florida_keys,2020-05-01,0,0
FKNMS,florida_keys,2020-06-01,0.166,2
FKNMS,florida_keys,2020-07-01,4.53,3
FKNMS,florida_keys,2020-08-01,8.447,4
FKNMS,florida_keys,2020-09-01,9.031,4
FKNMS,florida_keys,2020-10-01,6.459,1
FKNMS,florida_keys,2020-11-01,3.811,0
FKNMS,florida_keys,2020-12-01,0,0
FKNMS,florida_keys,2021-01-01,0,0
FKNMS,florida_keys,2021-02-01,0,0
FKNMS,florida_keys,2021-03-01,0,0
FKNMS,florida_keys,2021-04-01,0,0
FKNMS,florida_keys,2021-05-01,0,0
FKNMS,florida_keys,2021-06-01,0,1
FKNMS,florida_keys,2021-07-01,1.553,2
FKNMS,florida_keys,2021-08-01,4.2,3
FKNMS,florida_keys,2021-09-01,5.427,3
FKNMS,florida_keys,2021-10-01,5.427,1
FKNMS,florida_keys,2021-11-01,1.743,0
FKNMS,florida_keys,2021-12-01,0.71,0
FKNMS,florida_keys,2022-01-01,0,0
FKNMS,florida_keys,2022-02-01,0,0
FKNMS,florida_keys,2022-03-01,0,0
FKNMS,florida_keys,2022-04-01,0,0
FKNMS,florida_keys,2022-05-01,0,0
FKNMS,florida_keys,2022-06-01,0.146,2
FKNMS,florida_keys,2022-07-01,2.293,2
FKNMS,florida_keys,2022-08-01,5.144,3
FKNMS,florida_keys,2022-09-01,8.519,4
FKNMS,florida_keys,2022-10-01,8.221,4
FKNMS,florida_keys,2022-11-01,6.371,0
FKNMS,florida_keys,2022-12-01,2.026,0
FKNMS,florida_keys,2023-01-01,0,0
FKNMS,florida_keys,2023-02-01,0,0
FKNMS,florida_keys,2023-03-01,0,0
FKNMS,florida_keys,2023-04-01,0,0
FKNMS,florida_keys,2023-05-01,0,1
FKNMS,florida_keys,2023-06-01,2.476,2
FKNMS,florida_keys,2023-07-01,13.08,4
FKNMS,florida_keys,2023-08-01,21.926,4
FKNMS,florida_keys,2023-09-01,22.299,4
FKNMS,florida_keys,2023-10-01,19.957,1
FKNMS,florida_keys,2023-11-01,9.067,0
FKNMS,florida_keys,2023-12-01,2.951,0
FKNMS,florida_keys,2024-01-01,0,0
FKNMS,florida_keys,2024-02-01,0,0
FKNMS,florida_keys,2024-03-01,0,0
FKNMS,florida_keys,2024-04-01,0,0
FKNMS,florida_keys,2024-05-01,1.17,2
FKNMS,florida_keys,2024-06-01,1.523,2
FKNMS,florida_keys,2024-07-01,5.354,3
FKNMS,florida_keys,2024-08-01,9.559,4
FKNMS,florida_keys,2024-09-01,13.297,4
FKNMS,florida_keys,2024-10-01,12.691,4
FKNMS,florida_keys,2024-11-01,8.096,0
FKNMS,florida_keys,2024-12-01,3.789,0
FKNMS,florida_keys,2025-01-01,0,0
FKNMS,florida_keys,2025-02-01,0,0
FKNMS,florida_keys,2025-03-01,0,0
FKNMS,florida_keys,2025-04-01,0,0
FKNMS,florida_keys,2025-05-01,0.316,2
FKNMS,florida_keys,2025-06-01,0.316,1
FKNMS,florida_keys,2025-07-01,1.407,2
FKNMS,florida_keys,2025-08-01,9.989,4
FKNMS,florida_keys,2025-09-01,12.713,4
FKNMS,florida_keys,2025-10-01,12.713,4
FKNMS,florida_keys,2025-11-01,8.839,0
FKNMS,florida_keys,2025-12-01,1.209,0
FKNMS,florida_keys,2026-01-01,0,0
FKNMS,florida_keys,2026-02-01,0,0
FKNMS,florida_keys,2026-03-01,0,0
FKNMS,florida_keys,2026-04-01,0,0
FKNMS,florida_keys,2026-05-01,0,1
FKNMS,florida_keys,2026-06-01,3.083,2
FKNMS,florida_keys,2026-07-01,10.55,4
FKNMS,florida_keys,2026-08-01,18.943,4
FKNMS,florida_keys,2026-09-01,21.637,4
FKNMS,florida_keys,2026-10-01,19.111,4
