event_id,nms,name,type,date_start,date_end,vars_expected,scale,resolvable,impacts,response,source,url
OCNMS_2005-05_upwelling,OCNMS,2005 delayed upwelling,upwelling,2005-05-01,2005-07-31,sst+;chl-,"regional, multi-month",TRUE,"Upwelling onset delayed by about a month; warm nearshore water, low chlorophyll, poor recruitment; dates approximate",,Barth et al. 2007,https://doi.org/10.1073/pnas.0700462104
OCNMS_2006-07_hypoxia,OCNMS,2006 seasonal hypoxia,hypoxia,2006-07-01,2006-09-30,,local or short,FALSE,First large hypoxia-related fish and crab kill on the Washington shelf; near-bottom event; dates approximate,Seasonal oceanographic moorings; later real-time bottom-oxygen telemetry,Barth et al. 2024; ONMS 2022 (Olympic Coast condition report),https://doi.org/10.1038/s41598-024-54476-0 https://sanctuaries.noaa.gov/media/docs/2008-2019-ocnms-condition-report.pdf
OCNMS_2014-01_heatwave,OCNMS,2014-16 Northeast Pacific marine heatwave,heatwave,2014-01-01,2016-08-31,sst+;sbt+,"regional, multi-month",TRUE,Record warm anomalies along the West Coast; harmful algal bloom in 2015; fishery disasters,Ocean Acidification Sentinel Site 2019; condition report 2022; vulnerability assessment 2025,Bond et al. 2015; Di Lorenzo and Mantua 2016; Gentemann et al. 2017,https://doi.org/10.1002/2015GL063306 https://doi.org/10.1038/nclimate3082 https://doi.org/10.1002/2016gl071039
OCNMS_2017-07_hypoxia,OCNMS,2017 seasonal hypoxia,hypoxia,2017-07-01,2017-09-30,,local or short,FALSE,Severe near-bottom hypoxia on the Washington shelf; dates approximate,,Barth et al. 2024; ONMS 2022 (Olympic Coast condition report),https://doi.org/10.1038/s41598-024-54476-0 https://sanctuaries.noaa.gov/media/docs/2008-2019-ocnms-condition-report.pdf
OCNMS_2019-06_heatwave,OCNMS,2019 Northeast Pacific marine heatwave,heatwave,2019-06-01,2019-12-31,sst+,"regional, multi-month",TRUE,"Second large heatwave, strongest offshore in summer 2019; dates approximate",,Amaya et al. 2020; ONMS 2022 (Olympic Coast condition report),https://doi.org/10.1038/s41467-020-15820-w https://sanctuaries.noaa.gov/media/docs/2008-2019-ocnms-condition-report.pdf
OCNMS_2021-05_hypoxia,OCNMS,2021 record-early hypoxia,hypoxia,2021-05-01,2021-09-30,,local or short,FALSE,Earliest onset of shelf hypoxia in the record; near-bottom event; dates approximate,Real-time bottom-oxygen data shared with crab fishers and tribal managers,Barth et al. 2024; ONMS 2022 (Olympic Coast condition report),https://doi.org/10.1038/s41598-024-54476-0 https://sanctuaries.noaa.gov/media/docs/2008-2019-ocnms-condition-report.pdf
GFNMS_2005-05_upwelling,GFNMS,2005 delayed upwelling,upwelling,2005-05-01,2005-07-31,sst+;chl-,"regional, multi-month",TRUE,Farallon auklet colony failed for the first time in 35 years; dates approximate,,Sydeman et al. 2006; Barth et al. 2007,https://doi.org/10.1029/2006GL026736 https://doi.org/10.1073/pnas.0700462104
GFNMS_2014-01_heatwave,GFNMS,2014-16 Northeast Pacific marine heatwave,heatwave,2014-01-01,2016-08-31,sst+;sbt+,"regional, multi-month",TRUE,Bull kelp canopy down by more than 90% along more than 350 km; red abalone mass mortality in 2017,Kelp Recovery Working Group; Sonoma-Mendocino Bull Kelp Recovery Plan April 2019; abalone fishery closed 2018,Bond et al. 2015; Di Lorenzo and Mantua 2016; Gentemann et al. 2017,https://doi.org/10.1002/2015GL063306 https://doi.org/10.1038/nclimate3082 https://doi.org/10.1002/2016gl071039
GFNMS_2019-06_heatwave,GFNMS,2019 Northeast Pacific marine heatwave,heatwave,2019-06-01,2019-12-31,sst+,"regional, multi-month",TRUE,Cited in the condition report's climate question; dates approximate,Whale-entanglement risk delays and closures 2019-2021,Amaya et al. 2020; ONMS 2024 (Greater Farallones condition report),https://doi.org/10.1038/s41467-020-15820-w https://sanctuaries.noaa.gov/media/docs/2010-2022-greater-farallones-national-marine-sanctuary-condition-report.pdf
GFNMS_2022-12_freshwater,GFNMS,Winter 2022-23 atmospheric rivers,freshwater,2022-12-01,2023-01-31,precip+;sss-,"regional, short",FALSE,Series of storms over about three weeks; flooding and runoff in central California,,ONMS 2024 (Greater Farallones condition report),https://sanctuaries.noaa.gov/media/docs/2010-2022-greater-farallones-national-marine-sanctuary-condition-report.pdf
CBNMS_2005-05_upwelling,CBNMS,2005 delayed upwelling,upwelling,2005-05-01,2005-07-31,sst+;chl-,"regional, multi-month",TRUE,Regional event documented for central and northern California; dates approximate,,Sydeman et al. 2006; Barth et al. 2007,https://doi.org/10.1029/2006GL026736 https://doi.org/10.1073/pnas.0700462104
CBNMS_2014-01_heatwave,CBNMS,2014-16 Northeast Pacific marine heatwave,heatwave,2014-01-01,2016-08-31,sst+;sbt+,"regional, multi-month",TRUE,Highest sea surface temperature on record for the area; record whale entanglements 2015-16,Dungeness Crab Fishing Gear Working Group 2015; Risk Assessment and Mitigation Program 2020,Bond et al. 2015; Di Lorenzo and Mantua 2016; Gentemann et al. 2017,https://doi.org/10.1002/2015GL063306 https://doi.org/10.1038/nclimate3082 https://doi.org/10.1002/2016gl071039
CBNMS_2019-06_heatwave,CBNMS,2019 Northeast Pacific marine heatwave,heatwave,2019-06-01,2019-12-31,sst+,"regional, multi-month",TRUE,Cited in the condition report's climate question; dates approximate,,Amaya et al. 2020; ONMS 2023 (Cordell Bank condition report),https://doi.org/10.1038/s41467-020-15820-w https://sanctuaries.noaa.gov/media/docs/2009-2021-cordell-bank-national-marine-sanctuary-condition-report.pdf
MBNMS_2014-01_heatwave,MBNMS,2014-16 Northeast Pacific marine heatwave,heatwave,2014-01-01,2016-08-31,sst+;sbt+;chl-,"regional, multi-month",TRUE,"Warm water, reduced productivity, urchin increase and patchy kelp loss",Kelp Working Group 2023-24; Iconic Kelp Action Plan January 2025,Bond et al. 2015; Di Lorenzo and Mantua 2016; Gentemann et al. 2017,https://doi.org/10.1002/2015GL063306 https://doi.org/10.1038/nclimate3082 https://doi.org/10.1002/2016gl071039
MBNMS_2015-05_hab,MBNMS,2015 domoic-acid bloom,hab,2015-05-01,2015-09-30,,local or short,FALSE,Coast-wide toxic Pseudo-nitzschia bloom; crab fishery opening delayed; biological event,Fishery opening delayed November 2015; federal fishery disaster declared 2017,McCabe et al. 2016,https://doi.org/10.1002/2016GL070023
MBNMS_2019-06_heatwave,MBNMS,2019 Northeast Pacific marine heatwave,heatwave,2019-06-01,2019-12-31,sst+,"regional, multi-month",TRUE,Second large heatwave; dates approximate,,Amaya et al. 2020,https://doi.org/10.1038/s41467-020-15820-w
CPNMS_2014-01_heatwave,CPNMS,2014-16 Northeast Pacific marine heatwave,heatwave,2014-01-01,2016-08-31,sst+;sbt+,"regional, multi-month",TRUE,"Regional event, stronger south of Point Conception; no sanctuary-specific catalog (designated 2024)",,Zaba and Rudnick 2016; Gentemann et al. 2017,https://doi.org/10.1002/2015GL067550 https://doi.org/10.1002/2016gl071039
CINMS_2014-01_heatwave,CINMS,2014-16 Northeast Pacific marine heatwave,heatwave,2014-01-01,2016-08-31,sst+;sbt+;chl-,"regional, multi-month",TRUE,Warm-water event from December 2013 to 2016 (up to 5 C); warm-water fish shifts,Condition report 2016; rapid vulnerability assessment 2016,Zaba and Rudnick 2016; Gentemann et al. 2017,https://doi.org/10.1002/2015GL067550 https://doi.org/10.1002/2016gl071039
CINMS_2018-08_heatwave,CINMS,August 2018 Southern California Bight heatwave,heatwave,2018-08-01,2018-09-15,sst+,"regional, short",FALSE,44-day heatwave that tapers toward the islands,,Fumo et al. 2020,https://doi.org/10.1029/2019JC015674
PNMS_2014-08_heatwave,PNMS,2014 marine heatwave,heatwave,2014-08-01,2014-10-31,sst+,"regional, multi-month",TRUE,"Mass coral bleaching in the Northwestern Hawaiian Islands, most severe at Lisianski",,Couch et al. 2017,https://doi.org/10.1371/journal.pone.0185121
PNMS_2018-10_storm,PNMS,Hurricane Walaka,storm,2018-10-01,2018-10-31,,local or short,FALSE,Category 4 hurricane crossed French Frigate Shoals and washed away most of East Island,,Knapp et al. 2010 (IBTrACS),https://doi.org/10.1175/2009BAMS2755.1
PNMS_2019-07_heatwave,PNMS,2019 marine heatwave,heatwave,2019-07-01,2019-11-30,sst+,"regional, multi-month",TRUE,Archipelago-wide heat stress and bleaching in 2019; dates approximate,,Winston et al. 2022,https://doi.org/10.1371/journal.pone.0269068
HIHWNMS_2014-08_heatwave,HIHWNMS,2014 marine heatwave,heatwave,2014-08-01,2014-11-30,sst+,"regional, multi-month",TRUE,First of two consecutive bleaching years in the main Hawaiian Islands; dates approximate,State coral bleaching recovery plan announced November 2015,Couch et al. 2017,https://doi.org/10.1371/journal.pone.0185121
HIHWNMS_2015-07_heatwave,HIHWNMS,2015 marine heatwave,heatwave,2015-07-01,2015-11-30,sst+,"regional, multi-month",TRUE,Mass coral bleaching across the Hawaiian Archipelago,State coral bleaching recovery plan March 2017,Couch et al. 2017,https://doi.org/10.1371/journal.pone.0185121
HIHWNMS_2018-08_storm,HIHWNMS,Hurricane Lane,storm,2018-08-01,2018-08-31,precip+,local or short,FALSE,Record rainfall on Hawaii Island; passed south of the sanctuary,,Knapp et al. 2010 (IBTrACS),https://doi.org/10.1175/2009BAMS2755.1
HIHWNMS_2019-06_heatwave,HIHWNMS,2019 marine heatwave,heatwave,2019-06-01,2019-12-31,sst+,"regional, multi-month",TRUE,Third bleaching event in six years,Weekly bleaching reports to the State in 2019,Winston et al. 2022,https://doi.org/10.1371/journal.pone.0269068
NMSAS_2004-01_storm,NMSAS,Cyclone Heta,storm,2004-01-01,2004-01-31,,local or short,FALSE,Category 5 cyclone near American Samoa,,Knapp et al. 2010 (IBTrACS),https://doi.org/10.1175/2009BAMS2755.1
NMSAS_2015-01_heatwave,NMSAS,2015 coral heat stress,heatwave,2015-01-01,2015-04-30,sst+,"regional, multi-month",TRUE,Coral bleaching in American Samoa; dates approximate,Rapid vulnerability assessment 2016,ONMS 2022 (American Samoa condition report),https://sanctuaries.noaa.gov/media/docs/2022-nmsas-condition-report.pdf
NMSAS_2017-01_heatwave,NMSAS,2017 coral heat stress,heatwave,2017-01-01,2017-04-30,sst+,"regional, multi-month",TRUE,Coral bleaching in American Samoa; dates approximate,,ONMS 2022 (American Samoa condition report),https://sanctuaries.noaa.gov/media/docs/2022-nmsas-condition-report.pdf
NMSAS_2018-02_storm,NMSAS,Cyclone Gita,storm,2018-02-01,2018-02-28,,local or short,FALSE,Cyclone passed American Samoa in February 2018,,Knapp et al. 2010 (IBTrACS),https://doi.org/10.1175/2009BAMS2755.1
NMSAS_2020-01_heatwave,NMSAS,2020 coral heat stress,heatwave,2020-01-01,2020-04-30,sst+,"regional, multi-month",TRUE,Coral bleaching in American Samoa; dates approximate,Advisory-council climate working group 2021,ONMS 2022 (American Samoa condition report),https://sanctuaries.noaa.gov/media/docs/2022-nmsas-condition-report.pdf
NMSAS_2024-01_heatwave,NMSAS,2024 coral heat stress,heatwave,2024-01-01,2024-05-31,sst+,"regional, multi-month",TRUE,"Highest accumulated heat stress in the virtual-station record, with little bleaching reported; dates approximate",,NOAA Coral Reef Watch regional virtual station (Samoas),https://coralreefwatch.noaa.gov/product/vs/data.php
FGBNMS_2008-09_storm,FGBNMS,Hurricane Ike cold wake,storm,2008-09-01,2008-10-31,sst-;mld+,"regional, multi-month",TRUE,Cold wake that persisted into October,,Knapp et al. 2010 (IBTrACS),https://doi.org/10.1175/2009BAMS2755.1
FGBNMS_2010-01_cold,FGBNMS,2010 cold winter,cold,2010-01-01,2010-03-31,sst-;sbt-,"regional, multi-month",TRUE,Coldest months of the regional record; peak in March,,ONMS 2024 (Flower Garden Banks condition report),https://sanctuaries.noaa.gov/media/docs/2024-fgbnms-condition-report.pdf
FGBNMS_2016-07_hypoxia,FGBNMS,July 2016 localized mortality event,hypoxia,2016-07-01,2016-07-31,,local or short,FALSE,Hypoxia under a turbid low-salinity layer killed invertebrates over 5.6 ha of East Flower Garden Bank; preceded by Texas floods April-July,Response dives within two days; bottom sensor array from August 2016; symposium 2018,Johnston et al. 2019a; Le Hénaff et al. 2019,https://doi.org/10.5343/bms.2018.0057 https://doi.org/10.1016/j.csr.2019.103988
FGBNMS_2016-08_heatwave,FGBNMS,2016 coral bleaching,heatwave,2016-08-01,2016-10-31,sst+,"regional, multi-month",TRUE,67% of monitored cover bleached or pale at East Flower Garden Bank,,Johnston et al. 2019b,https://doi.org/10.1007/s00338-019-01788-7
FGBNMS_2017-08_storm,FGBNMS,Hurricane Harvey,storm,2017-08-01,2017-09-30,sss-;precip+,local or short,FALSE,Extreme rainfall on the Texas coast and a low-salinity plume offshore,,Knapp et al. 2010 (IBTrACS),https://doi.org/10.1175/2009BAMS2755.1
FGBNMS_2023-07_heatwave,FGBNMS,2023 coral bleaching,heatwave,2023-07-01,2023-10-31,sst+,"regional, multi-month",TRUE,Heat stress and bleaching reported by divers,Response cruises September and November 2023,ONMS 2024 (Flower Garden Banks condition report),https://sanctuaries.noaa.gov/media/docs/2024-fgbnms-condition-report.pdf
FKNMS_2010-01_cold,FKNMS,2010 cold winter,cold,2010-01-01,2010-03-31,sst-;sbt-,"regional, multi-month",TRUE,Catastrophic inshore coral mortality in January; coldest months of the record,,Lirman et al. 2011; Colella et al. 2012,https://doi.org/10.1371/journal.pone.0023047 https://doi.org/10.1007/s00338-012-0880-5
FKNMS_2014-08_heatwave,FKNMS,2014 summer bleaching,heatwave,2014-08-01,2014-09-30,sst+,"regional, short",FALSE,Bleaching with small anomalies relative to the variance (weak event),,NOAA Coral Reef Watch regional virtual station (Florida Keys),https://coralreefwatch.noaa.gov/product/vs/data.php
FKNMS_2015-08_heatwave,FKNMS,2015 summer bleaching,heatwave,2015-08-01,2015-09-30,sst+,"regional, short",FALSE,Bleaching with small anomalies relative to the variance (weak event),,NOAA Coral Reef Watch regional virtual station (Florida Keys),https://coralreefwatch.noaa.gov/product/vs/data.php
FKNMS_2017-09_storm,FKNMS,Hurricane Irma,storm,2017-09-01,2017-09-30,,local or short,FALSE,Category 4 landfall in the Lower Keys; little change in monthly temperature,,Knapp et al. 2010 (IBTrACS),https://doi.org/10.1175/2009BAMS2755.1
FKNMS_2023-06_heatwave,FKNMS,2023 marine heatwave,heatwave,2023-06-01,2023-09-30,sst+;sbt+,"regional, multi-month",TRUE,Record heat stress; near-total bleaching and mortality at inshore sites,Coral nursery stock evacuated and gene-banked by 28 July 2023; Coral Reef Watch alert levels 3-5 added December 2023,Neely et al. 2024,https://doi.org/10.3389/fmars.2024.1489273
GRNMS_2003-06_cold,GRNMS,Summer 2003 cold event,cold,2003-06-01,2003-08-31,sbt-;sst-,"regional, multi-month",TRUE,Bottom water 5-7 C below climatology across the South Atlantic Bight,,Aretxabaleta et al. 2006,https://doi.org/10.1029/2005JC003105
GRNMS_2010-01_cold,GRNMS,2010 cold winter,cold,2010-01-01,2010-03-31,sst-;sbt-,"regional, multi-month",TRUE,Coldest months of the buoy record,,NOAA NDBC buoy records (research notes),https://www.ndbc.noaa.gov/
GRNMS_2016-10_storm,GRNMS,Hurricane Matthew,storm,2016-10-01,2016-10-31,,local or short,FALSE,Centre passed about 15 nautical miles from the sanctuary,,Knapp et al. 2010 (IBTrACS),https://doi.org/10.1175/2009BAMS2755.1
GRNMS_2017-09_storm,GRNMS,Hurricane Irma,storm,2017-09-01,2017-09-30,,local or short,FALSE,Regional storm; little change in monthly temperature,,Knapp et al. 2010 (IBTrACS),https://doi.org/10.1175/2009BAMS2755.1
GRNMS_2018-01_cold,GRNMS,January 2018 cold spell,cold,2018-01-01,2018-01-31,sst-;sbt-,"regional, short",FALSE,One-month cold outbreak,,NOAA NDBC buoy records (research notes),https://www.ndbc.noaa.gov/
GRNMS_2019-09_storm,GRNMS,Hurricane Dorian,storm,2019-09-01,2019-09-30,,local or short,FALSE,Regional storm; little change in monthly temperature,,Knapp et al. 2010 (IBTrACS),https://doi.org/10.1175/2009BAMS2755.1
MNMS_2003-09_storm,MNMS,Hurricane Isabel,storm,2003-09-01,2003-09-30,sst-,local or short,FALSE,Eye passed within about a mile of the wreck,NOAA and Navy expedition documented damage in 2004,Knapp et al. 2010 (IBTrACS),https://doi.org/10.1175/2009BAMS2755.1
MNMS_2010-12_cold,MNMS,Cold winter 2010-11,cold,2010-12-01,2011-02-28,sst-;sbt-,"regional, multi-month",TRUE,Coldest December of the buoy record,,NOAA NDBC buoy records (research notes),https://www.ndbc.noaa.gov/
MNMS_2017-02_heatwave,MNMS,Early-2017 Mid-Atlantic Bight heatwave,heatwave,2017-02-01,2017-04-30,sst+,"regional, multi-month",TRUE,Advective heatwave on the Mid-Atlantic Bight shelf,,Gawarkiewicz et al. 2019,https://doi.org/10.3389/fmars.2019.00712
MNMS_2019-09_storm,MNMS,Hurricane Dorian,storm,2019-09-01,2019-09-30,sst-,local or short,FALSE,Landfall at Cape Hatteras,,Knapp et al. 2010 (IBTrACS),https://doi.org/10.1175/2009BAMS2755.1
SBNMS_2012-01_heatwave,SBNMS,2012 Northwest Atlantic marine heatwave,heatwave,2012-01-01,2012-12-31,sst+;sbt+,"regional, multi-month",TRUE,Warmest year on record from the Gulf of Maine to Cape Hatteras; early lobster landings,,Mills et al. 2013; Chen et al. 2014,https://doi.org/10.5670/oceanog.2013.27 https://doi.org/10.1002/2013JC009393
SBNMS_2016-07_heatwave,SBNMS,2016 Gulf of Maine marine heatwave,heatwave,2016-07-01,2016-09-30,sst+;sbt+,"regional, multi-month",TRUE,Second documented Gulf of Maine heatwave,,Pershing et al. 2018,https://doi.org/10.5670/oceanog.2018.213
