nms,year,mhw_days,mcs_days,mhw_events,mhw_max_cat,mhw_cum_intensity
OCNMS,1982,13,12,2,1,19.82
OCNMS,1983,47,0,2,1,76.1
OCNMS,1984,0,7,0,0,0
OCNMS,1985,0,99,0,0,0
OCNMS,1986,0,11,0,0,0
OCNMS,1987,24,19,4,1,29.58
OCNMS,1988,0,21,0,0,0
OCNMS,1989,30,49,3,2,60.6
OCNMS,1990,47,14,2,2,116.25
OCNMS,1991,0,76,0,0,0
OCNMS,1992,64,9,5,2,95.89
OCNMS,1993,29,40,1,2,65.77
OCNMS,1994,23,8,1,2,49.01
OCNMS,1995,67,5,6,1,94.25
OCNMS,1996,11,16,1,1,15.42
OCNMS,1997,189,0,4,2,312.49
OCNMS,1998,115,6,4,2,296.94
OCNMS,1999,0,35,0,0,0
OCNMS,2000,0,0,0,0,0
OCNMS,2001,0,31,0,0,0
OCNMS,2002,2,101,0,1,0
OCNMS,2003,43,0,4,2,69.46
OCNMS,2004,76,0,7,2,144.45
OCNMS,2005,49,0,5,1,81.67
OCNMS,2006,46,42,3,1,58
OCNMS,2007,19,27,3,1,35.66
OCNMS,2008,0,131,0,0,0
OCNMS,2009,11,115,1,1,23.72
OCNMS,2010,25,34,4,1,28.87
OCNMS,2011,6,18,1,1,7.9
OCNMS,2012,0,29,0,0,0
OCNMS,2013,41,58,2,2,105.22
OCNMS,2014,133,20,4,3,398.12
OCNMS,2015,191,0,7,2,227.45
OCNMS,2016,158,0,4,3,271.47
OCNMS,2017,9,0,1,1,8.98
OCNMS,2018,50,14,3,1,60.02
OCNMS,2019,45,13,3,2,87.73
OCNMS,2020,14,6,1,1,20.53
OCNMS,2021,7,31,1,1,12.76
OCNMS,2022,0,39,0,0,0
OCNMS,2023,79,48,3,1,119.41
OCNMS,2024,54,12,3,1,97.11
OCNMS,2025,48,21,2,2,51.52
OCNMS,2026,16,0,2,1,21.84
GFNMS,1982,36,18,1,2,61.85
GFNMS,1983,135,0,6,2,272.76
GFNMS,1984,6,8,1,1,12.52
GFNMS,1985,0,56,0,0,0
GFNMS,1986,17,0,2,1,22.51
GFNMS,1987,22,0,3,1,31.51
GFNMS,1988,0,7,0,0,0
GFNMS,1989,22,52,2,1,39.45
GFNMS,1990,17,24,3,1,33.3
GFNMS,1991,0,73,0,0,0
GFNMS,1992,140,0,8,2,279.24
GFNMS,1993,28,5,2,2,81.36
GFNMS,1994,0,31,0,0,0
GFNMS,1995,44,0,4,2,72.93
GFNMS,1996,45,18,4,1,66.41
GFNMS,1997,144,9,3,3,517.17
GFNMS,1998,85,9,2,2,43.69
GFNMS,1999,0,77,0,0,0
GFNMS,2000,6,16,1,1,11.44
GFNMS,2001,0,51,0,0,0
GFNMS,2002,0,28,0,0,0
GFNMS,2003,26,14,3,2,46.18
GFNMS,2004,9,8,1,1,16.71
GFNMS,2005,67,0,4,1,142.83
GFNMS,2006,17,10,1,1,17.87
GFNMS,2007,10,48,1,1,20.95
GFNMS,2008,0,102,0,0,0
GFNMS,2009,19,82,2,2,42.04
GFNMS,2010,0,42,0,0,0
GFNMS,2011,0,5,0,0,0
GFNMS,2012,22,60,2,1,29.58
GFNMS,2013,0,63,0,0,0
GFNMS,2014,154,0,3,3,526.72
GFNMS,2015,179,0,4,3,289.38
GFNMS,2016,83,5,5,2,136.52
GFNMS,2017,43,15,4,2,68.62
GFNMS,2018,47,15,3,2,71.19
GFNMS,2019,32,5,4,1,53.1
GFNMS,2020,6,22,1,1,13.2
GFNMS,2021,0,64,0,0,0
GFNMS,2022,7,23,1,2,15.94
GFNMS,2023,78,27,3,2,34.74
GFNMS,2024,34,6,3,2,135.48
GFNMS,2025,42,6,3,1,51.29
GFNMS,2026,63,0,1,2,116.2
CBNMS,1982,44,7,2,1,80.97
CBNMS,1983,137,0,8,2,294.15
CBNMS,1984,6,0,1,1,12.44
CBNMS,1985,0,84,0,0,0
CBNMS,1986,16,6,2,1,20.77
CBNMS,1987,5,0,1,1,5.99
CBNMS,1988,0,8,0,0,0
CBNMS,1989,20,59,3,1,35.34
CBNMS,1990,5,28,1,1,12.69
CBNMS,1991,0,51,0,0,0
CBNMS,1992,138,0,6,2,298.42
CBNMS,1993,42,5,3,2,114.59
CBNMS,1994,6,15,1,1,11.36
CBNMS,1995,23,0,2,2,38.39
CBNMS,1996,55,27,4,2,102.31
CBNMS,1997,142,10,4,3,534.22
CBNMS,1998,85,8,2,2,50.28
CBNMS,1999,0,54,0,0,0
CBNMS,2000,9,14,1,1,21.34
CBNMS,2001,0,50,0,0,0
CBNMS,2002,0,40,0,0,0
CBNMS,2003,40,29,4,2,72.4
CBNMS,2004,16,8,2,1,36.55
CBNMS,2005,53,5,4,2,107.56
CBNMS,2006,2,7,0,1,0
CBNMS,2007,10,27,1,1,23.59
CBNMS,2008,0,72,0,0,0
CBNMS,2009,19,88,2,1,44.31
CBNMS,2010,0,41,0,0,0
CBNMS,2011,0,19,0,0,0
CBNMS,2012,24,74,1,1,29.77
CBNMS,2013,0,93,0,0,0
CBNMS,2014,161,0,2,3,639
CBNMS,2015,228,0,5,3,359.69
CBNMS,2016,73,0,5,1,114.48
CBNMS,2017,56,5,2,2,103.39
CBNMS,2018,61,7,4,2,103.39
CBNMS,2019,23,0,2,1,33.31
CBNMS,2020,7,26,1,1,16.44
CBNMS,2021,0,68,0,0,0
CBNMS,2022,5,33,1,2,13.23
CBNMS,2023,62,32,2,2,125.46
CBNMS,2024,37,8,3,2,32.85
CBNMS,2025,37,6,1,1,39.99
CBNMS,2026,59,0,2,2,115.62
MBNMS,1982,38,24,3,1,65.94
MBNMS,1983,179,0,10,2,323.32
MBNMS,1984,11,6,2,1,18.82
MBNMS,1985,5,47,1,1,6.75
MBNMS,1986,17,0,1,1,30.75
MBNMS,1987,21,0,2,1,30.68
MBNMS,1988,8,20,1,1,13.18
MBNMS,1989,19,66,2,1,23.22
MBNMS,1990,19,6,3,2,35.98
MBNMS,1991,0,61,0,0,0
MBNMS,1992,147,0,7,3,266.95
MBNMS,1993,31,0,2,2,70.02
MBNMS,1994,8,50,1,1,13.39
MBNMS,1995,14,0,2,1,21.09
MBNMS,1996,33,28,3,1,48.71
MBNMS,1997,158,18,3,2,507.89
MBNMS,1998,89,11,3,2,43.24
MBNMS,1999,0,113,0,0,0
MBNMS,2000,7,53,1,1,11.62
MBNMS,2001,0,40,0,0,0
MBNMS,2002,8,42,1,1,9.25
MBNMS,2003,44,24,4,2,77.82
MBNMS,2004,0,0,0,0,0
MBNMS,2005,56,13,2,1,104.57
MBNMS,2006,19,0,2,1,28.1
MBNMS,2007,0,57,0,0,0
MBNMS,2008,0,126,0,0,0
MBNMS,2009,14,73,1,2,28.45
MBNMS,2010,0,50,0,0,0
MBNMS,2011,0,0,0,0,0
MBNMS,2012,16,54,1,1,20.01
MBNMS,2013,0,54,0,0,0
MBNMS,2014,174,0,3,3,560.33
MBNMS,2015,251,0,2,3,381.65
MBNMS,2016,51,0,5,1,71.53
MBNMS,2017,27,0,2,1,47.35
MBNMS,2018,48,20,2,2,86.73
MBNMS,2019,43,0,3,1,69.82
MBNMS,2020,33,49,4,1,54.68
MBNMS,2021,0,21,0,0,0
MBNMS,2022,6,27,1,1,8.42
MBNMS,2023,73,45,4,2,143.82
MBNMS,2024,28,30,2,2,24.1
MBNMS,2025,65,28,2,2,67.28
MBNMS,2026,62,0,1,2,141.71
CPNMS,1982,30,14,1,2,55.61
CPNMS,1983,191,0,11,2,347.72
CPNMS,1984,46,6,3,2,92.86
CPNMS,1985,7,18,1,1,12.57
CPNMS,1986,18,5,1,1,27.79
CPNMS,1987,11,6,1,1,14.93
CPNMS,1988,5,19,1,1,8.42
CPNMS,1989,29,75,3,1,41.39
CPNMS,1990,1,0,0,1,0
CPNMS,1991,0,62,0,0,0
CPNMS,1992,158,0,6,2,295.26
CPNMS,1993,42,0,4,2,86.3
CPNMS,1994,7,32,1,1,7.87
CPNMS,1995,7,0,1,1,10.46
CPNMS,1996,13,6,2,1,18.09
CPNMS,1997,147,0,3,2,472.23
CPNMS,1998,92,35,4,2,58.92
CPNMS,1999,0,85,0,0,0
CPNMS,2000,0,10,0,0,0
CPNMS,2001,11,44,1,1,17.83
CPNMS,2002,7,52,1,1,8.4
CPNMS,2003,8,37,1,2,16.28
CPNMS,2004,9,0,1,1,17.53
CPNMS,2005,51,28,3,1,77.92
CPNMS,2006,18,7,1,2,38.88
CPNMS,2007,0,22,0,0,0
CPNMS,2008,0,127,0,0,0
CPNMS,2009,14,50,1,1,31.62
CPNMS,2010,0,62,0,0,0
CPNMS,2011,0,11,0,0,0
CPNMS,2012,12,65,1,1,14.8
CPNMS,2013,0,30,0,0,0
CPNMS,2014,171,0,4,3,569.87
CPNMS,2015,271,0,5,2,433.11
CPNMS,2016,37,0,5,2,58.37
CPNMS,2017,37,0,4,2,68.85
CPNMS,2018,85,0,5,2,143.64
CPNMS,2019,29,6,2,2,51.62
CPNMS,2020,51,0,5,1,84.42
CPNMS,2021,0,16,0,0,0
CPNMS,2022,9,43,1,1,19.36
CPNMS,2023,51,13,4,2,103.13
CPNMS,2024,22,46,1,2,16.22
CPNMS,2025,47,47,2,1,24.6
CPNMS,2026,79,0,2,2,200.34
CINMS,1982,31,13,1,1,53.47
CINMS,1983,134,0,5,1,252.37
CINMS,1984,62,0,6,2,141.07
CINMS,1985,0,16,0,0,0
CINMS,1986,30,0,1,1,53.69
CINMS,1987,4,11,0,1,0
CINMS,1988,0,61,0,0,0
CINMS,1989,20,63,2,1,28.45
CINMS,1990,25,7,2,1,37.05
CINMS,1991,5,36,1,1,6.68
CINMS,1992,116,7,6,2,230.64
CINMS,1993,47,0,3,1,87.28
CINMS,1994,0,0,0,0,0
CINMS,1995,13,5,2,1,20.49
CINMS,1996,25,14,3,2,42.57
CINMS,1997,155,0,4,2,509.61
CINMS,1998,79,10,2,2,37.79
CINMS,1999,0,102,0,0,0
CINMS,2000,17,12,1,1,35.99
CINMS,2001,23,52,3,1,42.58
CINMS,2002,0,17,0,0,0
CINMS,2003,16,31,1,1,30.27
CINMS,2004,19,0,2,1,46.57
CINMS,2005,16,25,1,1,26.21
CINMS,2006,23,25,1,2,65.33
CINMS,2007,0,49,0,0,0
CINMS,2008,5,54,1,1,7.33
CINMS,2009,6,5,1,1,12.46
CINMS,2010,0,117,0,0,0
CINMS,2011,0,62,0,0,0
CINMS,2012,7,23,1,1,13.61
CINMS,2013,12,44,2,1,20.47
CINMS,2014,177,0,4,2,402.6
CINMS,2015,257,0,8,3,616.62
CINMS,2016,45,0,6,2,80.36
CINMS,2017,12,0,2,1,24.57
CINMS,2018,120,0,8,2,226.34
CINMS,2019,8,0,1,1,10.71
CINMS,2020,39,0,4,1,65.96
CINMS,2021,12,21,1,1,18.69
CINMS,2022,18,19,2,1,42.57
CINMS,2023,20,34,1,1,47.51
CINMS,2024,7,26,0,1,0
CINMS,2025,33,15,2,1,57.42
CINMS,2026,77,0,3,2,148.9
PNMS,1982,0,221,0,0,0
PNMS,1983,0,144,0,0,0
PNMS,1984,47,8,3,1,41.88
PNMS,1985,0,35,0,0,0
PNMS,1986,0,63,0,0,0
PNMS,1987,0,118,0,0,0
PNMS,1988,26,0,1,1,25.14
PNMS,1989,15,32,2,1,15.02
PNMS,1990,0,39,0,0,0
PNMS,1991,0,5,0,0,0
PNMS,1992,0,107,0,0,0
PNMS,1993,0,74,0,0,0
PNMS,1994,12,0,2,1,9.36
PNMS,1995,8,5,1,1,5.25
PNMS,1996,0,53,0,0,0
PNMS,1997,47,92,3,1,33.42
PNMS,1998,13,36,1,1,9.1
PNMS,1999,50,0,5,1,54.22
PNMS,2000,96,0,5,2,122.28
PNMS,2001,23,0,4,1,20.8
PNMS,2002,43,9,2,1,35.12
PNMS,2003,7,0,1,1,4
PNMS,2004,51,10,1,2,39.07
PNMS,2005,17,19,2,1,14.11
PNMS,2006,38,0,3,1,40.08
PNMS,2007,54,0,6,1,39.16
PNMS,2008,93,0,6,2,98.35
PNMS,2009,33,0,3,1,24.72
PNMS,2010,9,0,1,1,5.1
PNMS,2011,91,0,5,1,58.82
PNMS,2012,63,6,5,1,97.4
PNMS,2013,22,0,2,1,20.77
PNMS,2014,108,18,1,3,121.57
PNMS,2015,69,38,2,2,53.39
PNMS,2016,98,0,1,2,76.72
PNMS,2017,151,0,5,2,153.55
PNMS,2018,0,0,0,0,0
PNMS,2019,130,0,3,3,133.28
PNMS,2020,148,0,2,2,119.3
PNMS,2021,138,0,6,2,182.34
PNMS,2022,248,0,6,2,252.98
PNMS,2023,101,0,4,1,85.55
PNMS,2024,112,0,3,2,12.95
PNMS,2025,283,0,3,3,470.42
PNMS,2026,5,0,1,1,4.8
HIHWNMS,1982,15,16,1,1,9.57
HIHWNMS,1983,0,69,0,0,0
HIHWNMS,1984,5,5,1,1,3.01
HIHWNMS,1985,0,52,0,0,0
HIHWNMS,1986,20,6,2,1,14.15
HIHWNMS,1987,60,22,3,1,45.09
HIHWNMS,1988,33,0,6,1,21.71
HIHWNMS,1989,8,0,1,1,4.03
HIHWNMS,1990,0,6,0,0,0
HIHWNMS,1991,0,5,0,0,0
HIHWNMS,1992,30,0,3,1,26.16
HIHWNMS,1993,8,65,1,1,6.02
HIHWNMS,1994,0,54,0,0,0
HIHWNMS,1995,47,44,3,2,69.69
HIHWNMS,1996,191,0,5,2,128.72
HIHWNMS,1997,26,0,4,2,20.91
HIHWNMS,1998,10,117,2,1,6.05
HIHWNMS,1999,0,122,0,0,0
HIHWNMS,2000,0,65,0,0,0
HIHWNMS,2001,0,0,0,0,0
HIHWNMS,2002,35,0,3,1,27.68
HIHWNMS,2003,84,0,7,2,70.15
HIHWNMS,2004,233,0,10,2,193.22
HIHWNMS,2005,67,0,8,1,45.41
HIHWNMS,2006,4,0,0,1,0
HIHWNMS,2007,0,0,0,0,0
HIHWNMS,2008,5,0,1,1,3.17
HIHWNMS,2009,12,73,2,1,10.48
HIHWNMS,2010,0,57,0,0,0
HIHWNMS,2011,47,72,3,1,37.01
HIHWNMS,2012,0,125,0,0,0
HIHWNMS,2013,0,9,0,0,0
HIHWNMS,2014,108,0,6,1,81.19
HIHWNMS,2015,190,0,3,2,212.33
HIHWNMS,2016,174,0,4,1,101.47
HIHWNMS,2017,150,0,3,2,131.14
HIHWNMS,2018,69,0,4,2,50.99
HIHWNMS,2019,238,18,1,4,336.67
HIHWNMS,2020,164,0,4,2,132.74
HIHWNMS,2021,60,0,2,2,15.16
HIHWNMS,2022,45,0,3,1,31.9
HIHWNMS,2023,53,0,4,1,37.12
HIHWNMS,2024,15,0,0,1,0
HIHWNMS,2025,187,0,6,2,163.41
HIHWNMS,2026,37,0,1,2,15.93
NMSAS,1982,16,47,3,2,17.66
NMSAS,1983,0,86,0,0,0
NMSAS,1984,0,103,0,0,0
NMSAS,1985,0,14,0,0,0
NMSAS,1986,0,0,0,0,0
NMSAS,1987,0,167,0,0,0
NMSAS,1988,12,42,2,1,10.69
NMSAS,1989,0,108,0,0,0
NMSAS,1990,32,86,2,4,35.19
NMSAS,1991,61,18,5,3,57.12
NMSAS,1992,37,6,3,1,26.31
NMSAS,1993,10,0,1,1,7.74
NMSAS,1994,56,0,5,2,53.18
NMSAS,1995,74,0,5,1,57.07
NMSAS,1996,9,0,1,1,7.95
NMSAS,1997,0,68,0,0,0
NMSAS,1998,26,140,3,1,22.77
NMSAS,1999,30,0,4,1,22.8
NMSAS,2000,6,0,1,1,6.44
NMSAS,2001,6,5,1,1,5.46
NMSAS,2002,38,0,2,2,34.73
NMSAS,2003,94,0,8,1,67.62
NMSAS,2004,16,0,2,1,13.26
NMSAS,2005,62,0,5,2,68.66
NMSAS,2006,0,7,0,0,0
NMSAS,2007,66,0,7,2,51
NMSAS,2008,0,10,0,0,0
NMSAS,2009,0,0,0,0,0
NMSAS,2010,119,0,4,1,88.56
NMSAS,2011,0,25,0,0,0
NMSAS,2012,14,5,2,2,13.62
NMSAS,2013,5,0,1,2,4.62
NMSAS,2014,36,0,4,2,32.74
NMSAS,2015,22,0,2,2,21.08
NMSAS,2016,112,16,5,2,103.07
NMSAS,2017,73,0,5,2,65.62
NMSAS,2018,42,0,4,2,30.51
NMSAS,2019,159,0,8,2,131.36
NMSAS,2020,157,14,6,2,124.18
NMSAS,2021,0,0,0,0,0
NMSAS,2022,0,0,0,0,0
NMSAS,2023,59,0,2,1,51.03
NMSAS,2024,115,0,5,3,132.1
NMSAS,2025,51,0,4,1,33.77
NMSAS,2026,18,0,1,1,14.22
FGBNMS,1982,0,16,0,0,0
FGBNMS,1983,0,59,0,0,0
FGBNMS,1984,0,218,0,0,0
FGBNMS,1985,0,48,0,0,0
FGBNMS,1986,0,9,0,0,0
FGBNMS,1987,0,55,0,0,0
FGBNMS,1988,0,73,0,0,0
FGBNMS,1989,37,54,3,1,46.13
FGBNMS,1990,23,18,4,1,27
FGBNMS,1991,0,11,0,0,0
FGBNMS,1992,8,12,1,1,9.76
FGBNMS,1993,0,21,0,0,0
FGBNMS,1994,35,6,3,2,45.36
FGBNMS,1995,31,0,3,2,41.91
FGBNMS,1996,0,27,0,0,0
FGBNMS,1997,30,11,3,1,32.24
FGBNMS,1998,42,9,3,2,54.57
FGBNMS,1999,17,0,3,1,22.52
FGBNMS,2000,33,0,4,1,43.89
FGBNMS,2001,16,0,2,1,24.71
FGBNMS,2002,41,0,2,1,75.35
FGBNMS,2003,17,15,2,1,20.49
FGBNMS,2004,55,3,4,2,66.94
FGBNMS,2005,99,6,9,2,115.08
FGBNMS,2006,72,0,5,2,119.97
FGBNMS,2007,30,0,4,1,33.08
FGBNMS,2008,10,22,2,1,12.22
FGBNMS,2009,49,0,2,1,62.17
FGBNMS,2010,56,97,4,2,76.52
FGBNMS,2011,17,34,2,1,17.81
FGBNMS,2012,92,0,4,1,103.31
FGBNMS,2013,44,15,2,1,91.5
FGBNMS,2014,0,15,0,0,0
FGBNMS,2015,98,0,5,2,196.42
FGBNMS,2016,188,0,3,2,177.04
FGBNMS,2017,147,8,4,2,257.88
FGBNMS,2018,131,0,4,2,222.56
FGBNMS,2019,82,0,6,2,108.91
FGBNMS,2020,102,0,7,2,171.32
FGBNMS,2021,64,0,4,2,50.33
FGBNMS,2022,167,0,7,2,268.05
FGBNMS,2023,250,0,5,2,412.85
FGBNMS,2024,186,0,6,3,173.32
FGBNMS,2025,295,0,8,3,612.5
FGBNMS,2026,63,0,3,2,63.9
FKNMS,1982,34,47,3,1,60.1
FKNMS,1983,0,81,0,0,0
FKNMS,1984,0,132,0,0,0
FKNMS,1985,0,37,0,0,0
FKNMS,1986,47,0,1,2,67.29
FKNMS,1987,12,32,1,1,12.54
FKNMS,1988,7,85,1,1,9.93
FKNMS,1989,18,0,3,1,21.64
FKNMS,1990,9,0,1,1,14.45
FKNMS,1991,36,0,1,1,64.26
FKNMS,1992,13,6,2,1,20.08
FKNMS,1993,51,36,4,1,71.4
FKNMS,1994,38,0,4,2,58.04
FKNMS,1995,53,23,5,2,73.96
FKNMS,1996,0,36,0,0,0
FKNMS,1997,63,8,4,2,103.3
FKNMS,1998,51,7,5,2,63.96
FKNMS,1999,34,21,4,1,45.57
FKNMS,2000,15,11,2,1,16.9
FKNMS,2001,0,25,0,0,0
FKNMS,2002,36,9,5,1,55.92
FKNMS,2003,55,63,4,2,88.73
FKNMS,2004,5,13,1,1,4.9
FKNMS,2005,19,33,2,1,20.46
FKNMS,2006,25,19,2,2,33.45
FKNMS,2007,50,9,6,2,72.6
FKNMS,2008,6,41,1,1,10.66
FKNMS,2009,78,37,5,2,106.14
FKNMS,2010,40,83,4,2,62.26
FKNMS,2011,50,48,7,1,67.82
FKNMS,2012,23,16,3,1,38.62
FKNMS,2013,30,29,3,1,27.81
FKNMS,2014,25,0,3,1,55.12
FKNMS,2015,86,0,3,2,93.57
FKNMS,2016,52,0,5,2,140.26
FKNMS,2017,39,0,5,1,41.71
FKNMS,2018,71,5,5,1,97.37
FKNMS,2019,169,0,10,2,281.3
FKNMS,2020,137,0,11,2,219.8
FKNMS,2021,74,6,7,2,103.89
FKNMS,2022,171,0,10,2,266.55
FKNMS,2023,242,0,8,2,440.52
FKNMS,2024,141,0,7,3,223.43
FKNMS,2025,106,6,8,2,157.25
FKNMS,2026,15,12,1,2,33.79
GRNMS,1982,14,35,2,1,30.33
GRNMS,1983,21,30,3,1,45.44
GRNMS,1984,21,62,2,1,37.1
GRNMS,1985,57,7,4,2,161.8
GRNMS,1986,35,0,4,1,76.51
GRNMS,1987,23,34,3,1,46.76
GRNMS,1988,12,52,2,1,29.66
GRNMS,1989,21,8,3,1,52.51
GRNMS,1990,49,0,5,3,100.52
GRNMS,1991,73,0,4,2,168.01
GRNMS,1992,7,28,1,1,19.02
GRNMS,1993,41,16,4,1,77.18
GRNMS,1994,0,7,0,0,0
GRNMS,1995,31,11,3,3,50.85
GRNMS,1996,11,26,2,1,23.28
GRNMS,1997,23,15,3,1,54.64
GRNMS,1998,44,16,3,2,100.27
GRNMS,1999,30,11,1,1,47.31
GRNMS,2000,0,27,0,0,0
GRNMS,2001,27,19,2,1,56.02
GRNMS,2002,45,8,3,1,98.07
GRNMS,2003,19,124,3,1,38.39
GRNMS,2004,10,34,1,1,19.92
GRNMS,2005,45,75,4,1,74.3
GRNMS,2006,37,11,3,1,48.46
GRNMS,2007,42,0,4,1,70.31
GRNMS,2008,12,74,1,1,17.57
GRNMS,2009,22,18,3,2,41.44
GRNMS,2010,61,58,5,1,98.36
GRNMS,2011,21,34,2,1,39.44
GRNMS,2012,35,44,2,3,99.17
GRNMS,2013,0,18,0,0,0
GRNMS,2014,15,51,2,1,19.52
GRNMS,2015,38,24,3,1,49.1
GRNMS,2016,77,11,6,1,159.15
GRNMS,2017,54,0,4,2,117.91
GRNMS,2018,92,40,2,2,171.15
GRNMS,2019,83,0,4,2,154.2
GRNMS,2020,106,0,6,3,205.98
GRNMS,2021,13,0,1,1,22.66
GRNMS,2022,81,8,5,2,133.26
GRNMS,2023,78,11,6,3,167.15
GRNMS,2024,81,5,6,3,155.01
GRNMS,2025,69,30,8,1,127.88
GRNMS,2026,0,20,0,0,0
MNMS,1982,0,41,0,0,0
MNMS,1983,15,31,2,2,23.09
MNMS,1984,4,15,0,1,0
MNMS,1985,16,0,3,1,46.56
MNMS,1986,49,0,7,1,120.44
MNMS,1987,0,5,0,0,0
MNMS,1988,0,10,0,0,0
MNMS,1989,36,0,5,2,80.86
MNMS,1990,73,0,8,1,175.41
MNMS,1991,48,0,4,1,109.46
MNMS,1992,22,0,3,2,45.48
MNMS,1993,44,6,7,2,101.7
MNMS,1994,12,0,2,2,24.24
MNMS,1995,13,0,2,2,26.24
MNMS,1996,0,26,0,0,0
MNMS,1997,8,55,1,1,19.99
MNMS,1998,13,93,2,1,29.16
MNMS,1999,14,15,2,2,27.52
MNMS,2000,0,0,0,0,0
MNMS,2001,7,6,1,1,18.11
MNMS,2002,59,11,3,1,132.02
MNMS,2003,10,16,1,1,31.7
MNMS,2004,7,94,1,2,12.41
MNMS,2005,36,77,3,2,53.01
MNMS,2006,12,42,2,1,18.46
MNMS,2007,32,0,3,1,62.75
MNMS,2008,5,58,1,1,14.19
MNMS,2009,17,43,2,1,31.87
MNMS,2010,16,113,2,1,22.71
MNMS,2011,0,24,0,0,0
MNMS,2012,0,0,0,0,0
MNMS,2013,0,34,0,0,0
MNMS,2014,17,0,2,1,26.47
MNMS,2015,79,0,6,2,171.54
MNMS,2016,113,5,6,2,180.56
MNMS,2017,75,12,7,1,183.97
MNMS,2018,40,5,4,2,80.02
MNMS,2019,60,25,7,2,112.18
MNMS,2020,104,13,7,2,206.71
MNMS,2021,35,11,4,1,62.8
MNMS,2022,42,0,4,1,80.43
MNMS,2023,61,4,5,2,105.99
MNMS,2024,27,41,4,1,38.92
MNMS,2025,32,6,3,2,56.83
MNMS,2026,0,5,0,0,0
SBNMS,1982,5,97,1,1,7.37
SBNMS,1983,0,13,0,0,0
SBNMS,1984,0,49,0,0,0
SBNMS,1985,0,14,0,0,0
SBNMS,1986,7,21,1,1,7.6
SBNMS,1987,0,51,0,0,0
SBNMS,1988,0,74,0,0,0
SBNMS,1989,6,34,1,1,13.08
SBNMS,1990,22,34,2,1,46.18
SBNMS,1991,8,7,1,1,19.98
SBNMS,1992,0,88,0,0,0
SBNMS,1993,0,108,0,0,0
SBNMS,1994,6,93,1,1,6.97
SBNMS,1995,21,0,2,1,36.29
SBNMS,1996,0,73,0,0,0
SBNMS,1997,0,0,0,0,0
SBNMS,1998,0,0,0,0,0
SBNMS,1999,30,0,3,1,68.52
SBNMS,2000,5,5,1,1,11.77
SBNMS,2001,16,0,3,1,36.17
SBNMS,2002,61,0,6,2,94.09
SBNMS,2003,10,40,1,2,21.85
SBNMS,2004,0,31,0,0,0
SBNMS,2005,17,7,3,2,37.31
SBNMS,2006,21,0,2,1,19.34
SBNMS,2007,56,0,4,1,107.89
SBNMS,2008,27,0,4,1,57.97
SBNMS,2009,22,0,2,2,47.39
SBNMS,2010,90,0,8,2,223.21
SBNMS,2011,92,0,3,2,112.17
SBNMS,2012,255,0,7,4,540.74
SBNMS,2013,118,0,6,2,301.9
SBNMS,2014,51,0,4,1,107.74
SBNMS,2015,126,0,3,2,326.11
SBNMS,2016,235,0,6,2,411.37
SBNMS,2017,118,0,1,2,107.73
SBNMS,2018,80,0,3,2,196.14
SBNMS,2019,63,0,4,2,134.15
SBNMS,2020,174,0,10,3,324.89
SBNMS,2021,169,0,6,2,532.08
SBNMS,2022,186,0,3,3,204.88
SBNMS,2023,229,0,8,3,440.13
SBNMS,2024,116,0,8,4,236.89
SBNMS,2025,66,0,6,2,127.87
SBNMS,2026,0,0,0,0,0
