nms,storm_id,name,date,dist_km,wind_kt,category
MBNMS,1997229N19242,IGNACIO,1997-08-20,61.6,20,TD
CPNMS,1997229N19242,IGNACIO,1997-08-20,0,20,TD
CINMS,1997229N19242,IGNACIO,1997-08-20,88.2,20,TD
PNMS,1994197N09229,EMILIA,1994-07-24,0,30,TD
PNMS,1994222N11267,JOHN,1994-09-08,0,55,TS
PNMS,1994295N25188,YURI,1994-10-22,0,20,TD
PNMS,1995271N30178,UNNAMED,1995-09-27,27.3,15,TD
PNMS,1995314N25186,COLLEEN,1995-11-10,0,20,TD
PNMS,1996227N30177,UNNAMED,1996-08-14,0,30,TD
PNMS,1997262N22184,ELLA,1997-09-19,134.6,15,TD
PNMS,1999231N30181,TANYA,1999-08-19,0,20,TD
PNMS,2000205N10260,DANIEL,2000-08-02,80.1,45,TS
PNMS,2000228N31180,WENE,2000-08-14,2.3,15,TD
PNMS,2001171N12234,BARBARA,2001-06-26,1.9,25,TD
PNMS,2002237N10202,ELE,2002-09-04,117.6,78,1
PNMS,2009289N12230,NEKI,2009-10-22,0,90,2
PNMS,2010350N30175,OMEKA,2010-12-16,0,25,TD
PNMS,2014212N11242,ISELLE,2014-08-10,0,25,TD
PNMS,2014284N10231,ANA,2014-10-20,0,58,TS
PNMS,2015209N07248,GUILLERMO,2015-08-08,0,25,TD
PNMS,2015231N13183,LOKE,2015-08-24,0,63,TS
PNMS,2015229N08212,KILO,2015-09-02,139.7,80,1
PNMS,2015260N12187,MALIA,2015-09-21,0,35,TS
PNMS,2016188N12254,CELIA,2016-07-20,0,35,TS
PNMS,2016194N15255,DARBY,2016-07-26,0,25,TD
PNMS,2016237N14253,LESTER,2016-09-05,131.4,50,TS
PNMS,2017201N23178,KULAP,2017-07-21,108.1,38,TS
PNMS,2018213N12245,HECTOR,2018-08-13,0,60,TS
PNMS,2018226N11245,LANE,2018-08-26,28.1,30,TD
PNMS,2018244N14252,OLIVIA,2018-09-13,26.1,35,TS
PNMS,2018269N11220,WALAKA,2018-10-03,0,118,4
PNMS,2019285N15198,EMA,2019-10-12,0,35,TS
PNMS,2020202N15241,DOUGLAS,2020-07-27,0,70,1
PNMS,2024235N16223,HONE,2024-09-01,0,35,TS
PNMS,2026222N15223,LALA,2026-08-17,0,53,TS
PNMS,2026238N10223,LOWELL,2026-09-11,32.6,45,TS
PNMS,2026254N11252,NOLO,2026-09-29,0,95,2
HIHWNMS,1993197N11247,EUGENE,1993-07-24,73.1,28,TD
HIHWNMS,2001171N12234,BARBARA,2001-06-26,62.3,25,TD
HIHWNMS,2009215N10242,FELICIA,2009-08-12,61.6,25,TD
HIHWNMS,2013206N15238,FLOSSIE,2013-07-30,5.2,25,TD
HIHWNMS,2014212N11242,ISELLE,2014-08-08,49.5,45,TS
HIHWNMS,2015209N07248,GUILLERMO,2015-08-07,79.8,25,TD
HIHWNMS,2016194N15255,DARBY,2016-07-25,10.6,28,TD
HIHWNMS,2016214N15240,HOWARD,2016-08-07,68.3,25,TD
HIHWNMS,2018244N14252,OLIVIA,2018-09-12,15,38,TS
HIHWNMS,2019210N11253,FLOSSIE,2019-08-06,125.2,30,TD
HIHWNMS,2020202N15241,DOUGLAS,2020-07-27,47.9,80,1
HIHWNMS,2021222N12262,LINDA,2021-08-24,0,30,TD
HIHWNMS,2024235N16223,HONE,2024-08-25,141.8,65,1
HIHWNMS,2025243N14239,KIKO,2025-09-10,119.6,30,TD
HIHWNMS,2026222N15223,LALA,2026-08-16,62.8,58,TS
HIHWNMS,2026238N10223,LOWELL,2026-09-08,127.4,90,2
NMSAS,1997009S16188,EVAN,1997-01-13,0,50,TS
NMSAS,1998001S09195,RON,1998-01-03,18.1,45,TS
NMSAS,1998025S12185,TUI,1998-01-27,130.9,20,TD
NMSAS,1998031S12187,WES,1998-01-31,128.6,25,TD
NMSAS,2005032S14195,MEENA,2005-02-02,0,23,TD
NMSAS,2005042S12190,NANCY,2005-02-12,33.2,25,TD
NMSAS,2005041S13181,OLAF,2005-02-16,0,140,5
NMSAS,2007021S12183,ARTHUR,2007-01-24,0,28,TD
NMSAS,2010027S14184,NISHA,2010-01-27,29.3,30,TD
NMSAS,2016014S13195,VICTOR,2016-01-16,73.3,73,1
NMSAS,2016108S17181,AMOS,2016-04-24,56.5,30,TD
NMSAS,2020024S14190,UNNAMED,2020-01-24,8.7,15,TD
NMSAS,2020051S13186,VICKY,2020-02-20,36.8,40,TS
NMSAS,2020052S11181,WASI,2020-02-22,148,43,TS
NMSAS,2020347S14190,ZAZU,2020-12-12,31.9,23,TD
NMSAS,2024035S16188,NAT,2024-02-04,0,30,TD
NMSAS,2024037S09184,OSAI,2024-02-07,0,40,TS
NMSAS,2024045S15192,UNNAMED,2024-02-14,0,25,TD
FGBNMS,1995210N26273,DEAN,1995-07-30,2.1,30,TD
FGBNMS,1997198N27267,DANNY,1997-07-17,3.3,30,TD
FGBNMS,1998244N22267,EARL,1998-09-02,127.6,50,TS
FGBNMS,1998261N27270,HERMINE,1998-09-19,77.5,38,TS
FGBNMS,2000253N28267,UNNAMED,2000-09-08,0.8,30,TD
FGBNMS,2001157N28265,ALLISON,2001-06-10,51.2,25,TD
FGBNMS,2002217N29272,BERTHA,2002-08-08,9.6,25,TD
FGBNMS,2002249N28266,FAY,2002-09-05,0,33,TD
FGBNMS,2002265N10315,LILI,2002-10-03,56.2,105,3
FGBNMS,2003179N20271,BILL,2003-06-30,46.9,48,TS
FGBNMS,2003188N11307,CLAUDETTE,2003-07-15,12.3,60,TS
FGBNMS,2003243N24268,GRACE,2003-08-31,67.9,35,TS
FGBNMS,2004247N10332,IVAN,2004-09-23,43.3,43,TS
FGBNMS,2004283N24265,MATTHEW,2004-10-10,75.8,40,TS
FGBNMS,2005261N21290,RITA,2005-09-23,14.6,110,3
FGBNMS,2007255N27265,HUMBERTO,2007-09-12,68.6,50,TS
FGBNMS,2008217N28273,EDOUARD,2008-08-05,41.4,53,TS
FGBNMS,2008245N17323,IKE,2008-09-12,0,95,2
FGBNMS,2011245N27269,LEE,2011-09-03,43.2,43,TS
FGBNMS,2013276N21273,KAREN,2013-10-06,7.3,30,TD
FGBNMS,2015167N27266,BILL,2015-06-16,100.1,45,TS
FGBNMS,2017171N24271,CINDY,2017-06-21,3.5,45,TS
FGBNMS,2017228N14314,HARVEY,2017-08-29,17,43,TS
FGBNMS,2019192N29274,BARRY,2019-07-13,94.2,60,TS
FGBNMS,2019261N28264,IMELDA,2019-09-17,126,35,TS
FGBNMS,2019299N25265,OLGA,2019-10-26,17.4,45,TS
FGBNMS,2020205N26272,HANNA,2020-07-24,64.9,50,TS
FGBNMS,2020234N14280,MARCO,2020-08-25,79.5,20,TD
FGBNMS,2020233N14313,LAURA,2020-08-26,10.3,125,4
FGBNMS,2020261N21265,BETA,2020-09-20,32.7,55,TS
FGBNMS,2020279N16284,DELTA,2020-10-09,19.4,95,2
FGBNMS,2020299N18277,ZETA,2020-10-28,86.2,95,2
FGBNMS,2021169N23268,CLAUDETTE,2021-06-18,79.4,40,TS
FGBNMS,2021256N21265,NICHOLAS,2021-09-16,134.1,20,TD
FGBNMS,2024253N21266,FRANCINE,2024-09-11,8.5,83,2
FGBNMS,2026166N24260,ARTHUR,2026-06-18,144.7,35,TS
FGBNMS,2026199N26277,BERTHA,2026-07-23,90,40,TS
FGBNMS,2026241N30273,EDOUARD,2026-09-01,50,35,TS
FKNMS,1993152N22276,UNNAMED,1993-06-01,140.7,25,TD
FKNMS,1994313N12278,GORDON,1994-11-15,0,45,TS
FKNMS,1995235N24281,JERRY,1995-08-23,68.8,33,TD
FKNMS,1998259N10335,GEORGES,1998-09-25,0,90,2
FKNMS,1998295N12284,MITCH,1998-11-05,92.6,50,TS
FKNMS,1999262N25272,HARVEY,1999-09-21,64.8,45,TS
FKNMS,1999286N16278,IRENE,1999-10-15,0,65,1
FKNMS,2001255N26276,GABRIELLE,2001-09-14,114.6,48,TS
FKNMS,2004223N11301,CHARLEY,2004-08-13,4.2,95,2
FKNMS,2004247N10332,IVAN,2004-09-21,33.7,25,TD
FKNMS,2005186N12299,DENNIS,2005-07-09,25.3,80,1
FKNMS,2005236N23285,KATRINA,2005-08-26,1.3,88,2
FKNMS,2005249N26281,OPHELIA,2005-09-06,147.8,25,TD
FKNMS,2005261N21290,RITA,2005-09-21,18.9,103,3
FKNMS,2005289N18282,WILMA,2005-10-24,25.9,110,3
FKNMS,2006213N16302,CHRIS,2006-08-06,136,15,TD
FKNMS,2006237N13298,ERNESTO,2006-08-30,0,40,TS
FKNMS,2008229N18293,FAY,2008-08-18,0,50,TS
FKNMS,2008238N13293,GUSTAV,2008-08-31,149,105,3
FKNMS,2010203N22286,BONNIE,2010-07-23,7,35,TS
FKNMS,2010222N26277,UNNAMED,2010-08-10,103.7,25,TD
FKNMS,2010271N19276,NICOLE,2010-09-30,77.6,40,TS
FKNMS,2012234N16315,ISAAC,2012-08-27,1.4,50,TS
FKNMS,2013204N11340,DORIAN,2013-08-02,77,25,TD
FKNMS,2016242N24279,HERMINE,2016-08-28,76,30,TD
FKNMS,2016273N13300,MATTHEW,2016-10-06,149.7,118,4
FKNMS,2017242N16333,IRMA,2017-09-10,0,115,4
FKNMS,2018146N19273,ALBERTO,2018-05-27,122,35,TS
FKNMS,2018246N22283,GORDON,2018-09-03,0,45,TS
FKNMS,2019204N25283,UNNAMED,2019-07-23,77,25,TD
FKNMS,2020211N13306,ISAIAS,2020-08-02,90.4,55,TS
FKNMS,2020256N25281,SALLY,2020-09-12,11,30,TD
FKNMS,2020306N15288,ETA,2020-11-09,0.2,55,TS
FKNMS,2021182N09317,ELSA,2021-07-06,0,55,TS
FKNMS,2021222N14301,FRED,2021-08-15,98.9,35,TS
FKNMS,2022154N21273,ALEX,2022-06-04,65.8,35,TS
FKNMS,2022266N12294,IAN,2022-09-28,1.3,112,3
FKNMS,2023152N26274,ARLENE,2023-06-04,110.1,25,TD
FKNMS,2024216N20284,DEBBY,2024-08-04,35.5,38,TS
FKNMS,2024309N13283,RAFAEL,2024-11-07,105.1,93,2
FKNMS,2026199N26277,BERTHA,2026-07-17,101,20,TD
GRNMS,1994313N12278,GORDON,1994-11-21,83.8,20,TD
GRNMS,1996279N23264,JOSEPHINE,1996-10-08,111,45,TS
GRNMS,1998259N10335,GEORGES,1998-10-01,127.4,20,TD
GRNMS,1999286N16278,IRENE,1999-10-17,108.7,65,1
GRNMS,2000259N20273,GORDON,2000-09-18,94.9,28,TD
GRNMS,2002264N28308,KYLE,2002-10-11,18.1,35,TS
GRNMS,2003207N29280,UNNAMED,2003-07-26,30.2,28,TD
GRNMS,2004214N30282,ALEX,2004-08-02,135.5,38,TS
GRNMS,2004217N13306,BONNIE,2004-08-13,64.2,25,TD
GRNMS,2004223N11301,CHARLEY,2004-08-14,62.4,70,1
GRNMS,2005278N27280,TAMMY,2005-10-06,115.7,45,TS
GRNMS,2006237N13298,ERNESTO,2006-08-31,118.1,58,TS
GRNMS,2007127N36286,ANDREA,2007-05-10,122.6,38,TS
GRNMS,2007151N18273,BARRY,2007-06-03,45.4,35,TS
GRNMS,2008201N32280,CRISTOBAL,2008-07-19,102.2,25,TD
GRNMS,2008241N19303,HANNA,2008-09-06,145.2,60,TS
GRNMS,2011197N31280,BRET,2011-07-16,130.3,20,TD
GRNMS,2012140N33283,ALBERTO,2012-05-20,86.3,38,TS
GRNMS,2012147N30284,BERYL,2012-05-30,93.7,30,TD
GRNMS,2013157N25273,ANDREA,2013-06-07,49.6,40,TS
GRNMS,2016148N27288,BONNIE,2016-05-29,135.8,38,TS
GRNMS,2016158N22272,COLIN,2016-06-07,61.6,45,TS
GRNMS,2016242N24279,HERMINE,2016-09-02,112,50,TS
GRNMS,2016257N27280,JULIA,2016-09-14,26.1,40,TS
GRNMS,2016273N13300,MATTHEW,2016-10-08,29.4,85,2
GRNMS,2017240N31279,UNNAMED,2017-08-28,41.3,35,TS
GRNMS,2019236N10314,DORIAN,2019-09-05,114.6,100,3
GRNMS,2020211N13306,ISAIAS,2020-08-03,108.7,65,1
GRNMS,2020244N30279,OMAR,2020-08-30,129.9,25,TD
GRNMS,2020306N15288,ETA,2020-11-12,12.2,38,TS
GRNMS,2021179N30287,DANNY,2021-06-28,102.5,35,TS
GRNMS,2021252N28273,MINDY,2021-09-09,23.4,30,TD
GRNMS,2022183N32280,COLIN,2022-07-01,52.4,30,TD
GRNMS,2023239N21274,IDALIA,2023-08-30,120,55,TS
GRNMS,2024216N20284,DEBBY,2024-08-06,61.9,40,TS
MNMS,1993235N20307,EMILY,1993-08-31,34.6,100,3
MNMS,1994313N12278,GORDON,1994-11-18,145.6,70,1
MNMS,1995154N17276,ALLISON,1995-06-07,78.7,40,TS
MNMS,1996170N27282,ARTHUR,1996-06-20,45.1,35,TS
MNMS,1996279N23264,JOSEPHINE,1996-10-08,121.8,45,TS
MNMS,1997152N29283,UNNAMED,1997-06-01,95.5,40,TS
MNMS,1998232N15312,BONNIE,1998-08-28,97.9,65,1
MNMS,1999236N22292,DENNIS,1999-09-04,77.1,60,TS
MNMS,1999251N15314,FLOYD,1999-09-16,147,70,1
MNMS,1999286N16278,IRENE,1999-10-18,29,95,2
MNMS,2001157N28265,ALLISON,2001-06-15,136.5,25,TD
MNMS,2002196N34283,ARTHUR,2002-07-15,27.4,30,TD
MNMS,2002252N29289,GUSTAV,2002-09-10,0.3,55,TS
MNMS,2002264N28308,KYLE,2002-10-12,61.6,40,TS
MNMS,2003249N14329,ISABEL,2003-09-18,72.2,90,2
MNMS,2004214N30282,ALEX,2004-08-03,36.9,85,2
MNMS,2004217N13306,BONNIE,2004-08-13,112.4,25,TD
MNMS,2004247N10332,IVAN,2004-09-19,99.6,35,TS
MNMS,2005249N26281,OPHELIA,2005-09-15,37.4,65,1
MNMS,2006161N20275,ALBERTO,2006-06-14,133.1,40,TS
MNMS,2007127N36286,ANDREA,2007-05-06,138.5,35,TS
MNMS,2007151N18273,BARRY,2007-06-04,62,40,TS
MNMS,2007251N30288,GABRIELLE,2007-09-09,83,45,TS
MNMS,2008201N32280,CRISTOBAL,2008-07-21,11,45,TS
MNMS,2009147N31285,UNNAMED,2009-05-27,92.1,25,TD
MNMS,2010236N12341,EARL,2010-09-03,123.2,85,2
MNMS,2011233N15301,IRENE,2011-08-27,96.9,65,1
MNMS,2012147N30284,BERYL,2012-05-31,51.1,45,TS
MNMS,2014180N32282,ARTHUR,2014-07-04,62,85,2
MNMS,2015193N35285,CLAUDETTE,2015-07-12,42.8,25,TD
MNMS,2016148N27288,BONNIE,2016-06-02,9.5,25,TD
MNMS,2016158N22272,COLIN,2016-06-07,106,50,TS
MNMS,2016240N31295,UNNAMED,2016-08-31,78.2,30,TD
MNMS,2016242N24279,HERMINE,2016-09-03,87.7,60,TS
MNMS,2016257N27280,JULIA,2016-09-20,53,25,TD
MNMS,2016273N13300,MATTHEW,2016-10-09,14.6,68,1
MNMS,2017240N31279,UNNAMED,2017-08-29,43.6,40,TS
MNMS,2018242N13343,FLORENCE,2018-09-14,149.2,90,2
MNMS,2019236N10314,DORIAN,2019-09-06,26.8,85,2
MNMS,2019282N35286,MELISSA,2019-10-08,118.5,40,TS
MNMS,2020138N28281,ARTHUR,2020-05-18,0.3,45,TS
MNMS,2020188N28271,FAY,2020-07-09,55.4,35,TS
MNMS,2020244N30279,OMAR,2020-09-01,127.9,33,TD
MNMS,2020306N15288,ETA,2020-11-13,111.5,40,TS
MNMS,2021165N32282,BILL,2021-06-14,138.7,30,TD
MNMS,2021169N23268,CLAUDETTE,2021-06-21,147.3,40,TS
MNMS,2021259N30286,ODETTE,2021-09-17,99.6,30,TD
MNMS,2021299N33284,WANDA,2021-10-26,148.9,45,TS
MNMS,2023239N21274,IDALIA,2023-08-31,148.7,55,TS
SBNMS,1994227N29273,BERYL,1994-08-19,126.3,15,TD
SBNMS,1996187N10326,BERTHA,1996-07-14,43.6,58,TS
SBNMS,1996279N23264,JOSEPHINE,1996-10-09,55,45,TS
SBNMS,1997198N27267,DANNY,1997-07-25,145.1,48,TS
SBNMS,1999251N15314,FLOYD,1999-09-17,67,45,TS
SBNMS,2000259N20273,GORDON,2000-09-20,45.4,30,TD
SBNMS,2001157N28265,ALLISON,2001-06-18,102.8,30,TD
SBNMS,2004223N11301,CHARLEY,2004-08-15,115.8,30,TD
SBNMS,2004241N29295,HERMINE,2004-08-31,14.3,30,TD
SBNMS,2005185N18273,CINDY,2005-07-09,43.8,30,TD
SBNMS,2006200N32287,BERYL,2006-07-21,72.3,43,TS
SBNMS,2007151N18273,BARRY,2007-06-05,19.9,35,TS
SBNMS,2008241N19303,HANNA,2008-09-07,18.1,45,TS
SBNMS,2013157N25273,ANDREA,2013-06-08,0,40,TS
SBNMS,2015126N27281,ANA,2015-05-12,91.6,25,TD
SBNMS,2016242N24279,HERMINE,2016-09-08,43.8,20,TD
SBNMS,2021182N09317,ELSA,2021-07-09,46,45,TS
SBNMS,2021222N14301,FRED,2021-08-20,33.4,25,TD
SBNMS,2021227N36297,HENRI,2021-08-24,4.1,20,TD
SBNMS,2021239N17281,IDA,2021-09-02,81.9,40,TS
SBNMS,2021299N33284,WANDA,2021-10-27,93.4,60,TS
